game_id,season,game_type,week,gameday,weekday,gametime,away_team,away_score,home_team,home_score,location,result,total,overtime,old_game_id,gsis,nfl_detail_id,pfr,pff,espn,ftn,away_rest,home_rest,away_moneyline,home_moneyline,spread_line,away_spread_odds,home_spread_odds,total_line,under_odds,over_odds,div_game,roof,surface,temp,wind,away_qb_id,home_qb_id,away_qb_name,home_qb_name,away_coach,home_coach,referee,stadium_id,stadium,home_win,home_off_epa,home_turnovers_lost,home_def_epa,home_turnovers_forced,home_net_turnovers,home_qb_epa,home_qb_cpoe,home_rolling_off_epa,home_rolling_def_epa,home_rolling_net_turnovers,home_rolling_qb_epa,home_rolling_qb_cpoe,away_off_epa,away_turnovers_lost,away_def_epa,away_turnovers_forced,away_net_turnovers,away_qb_epa,away_qb_cpoe,away_rolling_off_epa,away_rolling_def_epa,away_rolling_net_turnovers,away_rolling_qb_epa,away_rolling_qb_cpoe,diff_rolling_off_epa,diff_rolling_def_epa,diff_rolling_turnovers,diff_rolling_qb_epa,diff_rolling_qb_cpoe
2023_02_MIN_PHI,2023,REG,2,2023-09-14,Thursday,20:15,MIN,28.0,PHI,34.0,Home,6.0,62.0,0.0,2023091400,59189.0,,202309140phi,,401547410,,4,4,195.0,-238.0,6.0,-110.0,-110.0,49.0,-110.0,-110.0,0,outdoors,,,,00-0029604,00-0036389,Kirk Cousins,Jalen Hurts,Kevin O'Connell,Nick Sirianni,Clay Martin,PHI00,Lincoln Financial Field,1.0,0.11572835,2.0,0.09357844,3.0,1.0,0.14262076,13.259256,-0.05595427751541138,-0.16645893454551697,1.0,-0.14909417927265167,8.096699714660645,0.09357844,3.0,0.11572835,2.0,-1.0,0.08103736,8.187005,-0.12052140384912491,-0.04565448686480522,-3.0,-0.1320439577102661,4.9920125007629395,0.06456712633371353,-0.12080444768071175,4.0,-0.01705022156238556,3.104687213897705
2023_02_GB_ATL,2023,REG,2,2023-09-17,Sunday,13:00,GB,24.0,ATL,25.0,Home,1.0,49.0,0.0,2023091700,59190.0,,202309170atl,,401547417,,7,7,124.0,-148.0,3.0,-115.0,-105.0,40.5,-110.0,-110.0,0,open,,,,00-0036264,00-0038122,Jordan Love,Desmond Ridder,Matt LaFleur,Arthur Smith,Tra Blake,ATL97,Mercedes-Benz Stadium,1.0,0.0390195,1.0,0.058508873,0.0,-1.0,0.11507422,-4.0856223,-0.06448812782764435,-0.21329782903194427,3.0,-0.1073663979768753,6.426089763641357,0.058508873,0.0,0.0390195,1.0,1.0,0.051882755,-11.872461,0.11037227511405945,-0.16490912437438965,2.0,0.15570136904716492,-5.516260623931885,-0.1748604029417038,-0.048388704657554626,1.0,-0.2630677670240402,11.942350387573242
2023_02_LV_BUF,2023,REG,2,2023-09-17,Sunday,13:00,LV,10.0,BUF,38.0,Home,28.0,48.0,0.0,2023091701,59191.0,,202309170buf,,401547411,,7,6,280.0,-355.0,7.5,-110.0,-110.0,47.0,-110.0,-110.0,0,outdoors,,,,00-0031345,00-0034857,Jimmy Garoppolo,Josh Allen,Josh McDaniels,Sean McDermott,Craig Wrolstad,BUF00,New Era Field,1.0,0.26320326,0.0,-0.12122445,3.0,3.0,0.30685455,15.094338,-0.11380449682474136,-0.01549975760281086,-3.0,-0.06778167188167572,7.830619812011719,-0.12122445,3.0,0.26320326,0.0,-3.0,-0.26116005,3.0552816,0.1235794723033905,0.0624396838247776,-1.0,0.1696552336215973,13.071727752685547,-0.23738396912813187,-0.07793944142758846,-2.0,-0.237436905503273,-5.241107940673828
2023_02_BAL_CIN,2023,REG,2,2023-09-17,Sunday,13:00,BAL,27.0,CIN,24.0,Home,-3.0,51.0,0.0,2023091702,59192.0,,202309170cin,,401547412,,7,7,145.0,-175.0,3.5,-118.0,-102.0,45.5,-110.0,-110.0,1,outdoors,,,,00-0034796,00-0036442,Lamar Jackson,Joe Burrow,John Harbaugh,Zac Taylor,Shawn Hochuli,CIN00,Paycor Stadium,0.0,0.03554938,1.0,0.08033481,0.0,-1.0,0.060916927,2.3667219,-0.41084396839141846,-0.09727641195058823,2.0,-0.46536576747894287,-18.794591903686523,0.08033481,0.0,0.03554938,1.0,1.0,0.24137785,5.8295484,-0.0527375154197216,-0.23312868177890778,-1.0,-0.05436458811163902,11.38422679901123,-0.35810645297169685,0.13585226982831955,3.0,-0.41100117936730385,-30.178818702697754
2023_02_SEA_DET,2023,REG,2,2023-09-17,Sunday,13:00,SEA,37.0,DET,31.0,Home,-6.0,68.0,1.0,2023091703,59193.0,,202309170det,,401547418,,7,10,180.0,-218.0,4.5,-110.0,-110.0,47.5,-108.0,-112.0,0,dome,,,,00-0030565,00-0033106,Geno Smith,Jared Goff,Pete Carroll,Dan Campbell,Alex Kemp,DET00,Ford Field,0.0,-0.025698205,3.0,0.09408911,0.0,-3.0,-0.042379707,13.078248,-0.046244874596595764,-0.07949802279472351,0.0,0.04681694507598877,-0.11570882797241211,0.09408911,0.0,-0.025698205,3.0,3.0,0.24343187,15.731877,-0.05996504798531532,0.1893046498298645,0.0,-0.10750408470630646,-1.2529853582382202,0.013720173388719559,-0.268802672624588,0.0,0.15432102978229523,1.137276530265808
2023_02_IND_HOU,2023,REG,2,2023-09-17,Sunday,13:00,IND,31.0,HOU,20.0,Home,-11.0,51.0,0.0,2023091704,59194.0,,202309170htx,,401547419,,7,7,-110.0,-110.0,-1.0,-105.0,-115.0,40.0,-110.0,-110.0,1,open,,,,00-0039164,00-0039163,Anthony Richardson,C.J. Stroud,Shane Steichen,DeMeco Ryans,Carl Cheffers,HOU00,NRG Stadium,0.0,-0.03537313,1.0,0.1365887,0.0,-1.0,-0.015504236,1.615969,-0.23312868177890778,-0.0527375154197216,1.0,-0.2749148905277252,-4.569687366485596,0.1365887,0.0,-0.03537313,1.0,1.0,0.25658464,6.727797,-0.35597896575927734,-0.2179446965456009,-1.0,-0.3987245559692383,-10.716710090637207,0.12285028398036957,0.1652071811258793,2.0,0.12380966544151306,6.147022724151611
2023_02_KC_JAX,2023,REG,2,2023-09-17,Sunday,13:00,KC,17.0,JAX,9.0,Home,-8.0,26.0,0.0,2023091705,59195.0,,202309170jax,,401547413,,10,7,-170.0,142.0,-3.5,-102.0,-118.0,50.5,-110.0,-110.0,0,outdoors,,,,00-0033873,00-0036971,Patrick Mahomes,Trevor Lawrence,Andy Reid,Doug Pederson,Adrian Hill,JAX00,TIAA Bank Stadium,0.0,-0.1115388,2.0,0.0060466467,2.0,0.0,-0.3351888,-12.099692,-0.2179446965456009,-0.35597896575927734,1.0,-0.23355284333229065,5.1922383308410645,0.0060466467,2.0,-0.1115388,2.0,0.0,0.1447704,3.8136196,-0.07949802279472351,-0.046244874596595764,0.0,-0.14573447406291962,-6.219996452331543,-0.13844667375087738,-0.3097340911626816,1.0,-0.08781836926937103,11.412234783172607
2023_02_CHI_TB,2023,REG,2,2023-09-17,Sunday,13:00,CHI,17.0,TB,27.0,Home,10.0,44.0,0.0,2023091706,59196.0,,202309170tam,,401547420,,7,7,114.0,-135.0,2.5,-110.0,-110.0,41.0,-110.0,-110.0,0,outdoors,,,,00-0036945,00-0034855,Justin Fields,Baker Mayfield,Matt Eberflus,Todd Bowles,Bill Vinovich,TAM00,Raymond James Stadium,1.0,0.04042416,0.0,-0.09214811,2.0,2.0,0.23314776,15.592158,-0.04565448686480522,-0.12052140384912491,3.0,-0.10446296632289886,-2.990891218185425,-0.09214811,2.0,0.04042416,0.0,-2.0,-0.16475396,-10.542448,-0.16490912437438965,0.11037227511405945,-2.0,-0.1768065094947815,-7.785577774047852,0.11925463750958443,-0.23089367896318436,5.0,0.07234354317188263,4.794686555862427
2023_02_LAC_TEN,2023,REG,2,2023-09-17,Sunday,13:00,LAC,24.0,TEN,27.0,Home,3.0,51.0,1.0,2023091707,59197.0,,202309170oti,,401547414,,7,7,-142.0,120.0,-2.5,-118.0,-102.0,45.5,-110.0,-110.0,0,outdoors,,,,00-0036355,00-0029701,Justin Herbert,Ryan Tannehill,Brandon Staley,Mike Vrabel,Alan Eck,NAS00,Nissan Stadium,1.0,0.063756846,0.0,0.049429096,0.0,0.0,0.010639908,16.433273,-0.16220428049564362,-0.19055674970149994,-1.0,-0.2225416898727417,-19.289592742919922,0.049429096,0.0,0.063756846,0.0,0.0,0.09223075,7.677097,0.131196066737175,0.22155538201332092,2.0,0.152629554271698,2.5835437774658203,-0.2934003472328186,-0.41211213171482086,-3.0,-0.3751712441444397,-21.873136520385742
2023_02_NYG_ARI,2023,REG,2,2023-09-17,Sunday,16:05,NYG,31.0,ARI,28.0,Home,-3.0,59.0,0.0,2023091708,59198.0,,202309170crd,,401547421,,7,7,-225.0,185.0,-5.0,-110.0,-110.0,40.0,-110.0,-110.0,0,closed,,,,00-0035710,00-0033949,Daniel Jones,Joshua Dobbs,Brian Daboll,Jonathan Gannon,Land Clark,PHO00,State Farm Stadium,0.0,0.0892357,0.0,0.14376538,1.0,1.0,0.17787053,4.662622,-0.25008681416511536,-0.19955018162727356,1.0,-0.35205110907554626,2.031420946121216,0.14376538,1.0,0.0892357,0.0,-1.0,0.2223894,6.0725174,-0.5010443925857544,0.10206100344657898,-3.0,-0.4610627293586731,-11.623893737792969,0.25095757842063904,-0.30161118507385254,4.0,0.10901162028312683,13.655314683914185
2023_02_SF_LA,2023,REG,2,2023-09-17,Sunday,16:05,SF,30.0,LA,23.0,Home,-7.0,53.0,0.0,2023091709,59199.0,,202309170ram,,401547422,,7,7,-340.0,270.0,-7.5,-105.0,-115.0,45.0,-110.0,-110.0,1,dome,,,,00-0037834,00-0026498,Brock Purdy,Matthew Stafford,Kyle Shanahan,Sean McVay,Brad Allen,LAX01,SoFi Stadium,0.0,-0.021205846,2.0,0.11496456,0.0,-2.0,-0.044069454,-9.84913,0.1893046498298645,-0.05996504798531532,0.0,0.2740294635295868,-0.4259262681007385,0.11496456,0.0,-0.021205846,2.0,2.0,0.13897789,1.6733538,0.1086336150765419,-0.27565649151802063,1.0,0.1589840203523636,3.140392780303955,0.0806710347533226,0.2156914435327053,-1.0,0.1150454431772232,-3.5663190484046936
2023_02_NYJ_DAL,2023,REG,2,2023-09-17,Sunday,16:25,NYJ,10.0,DAL,30.0,Home,20.0,40.0,0.0,2023091710,59200.0,,202309170dal,,401547415,,6,7,300.0,-380.0,8.5,-110.0,-110.0,38.5,-110.0,-110.0,0,open,,,,00-0037013,00-0033077,Zach Wilson,Dak Prescott,Robert Saleh,Mike McCarthy,Clete Blakeman,DAL00,AT&T Stadium,1.0,0.053281806,0.0,-0.31163004,4.0,4.0,0.057016037,11.732454,0.10206100344657898,-0.5010443925857544,3.0,0.05990975722670555,-11.235527038574219,-0.31163004,4.0,0.053281806,0.0,-4.0,-0.5825553,-18.783768,-0.01549975760281086,-0.11380449682474136,3.0,-0.047412801533937454,6.41868257522583,0.11756076104938984,-0.38723989576101303,0.0,0.107322558760643,-17.65420961380005
2023_02_WAS_DEN,2023,REG,2,2023-09-17,Sunday,16:25,WAS,35.0,DEN,33.0,Home,-2.0,68.0,0.0,2023091711,59201.0,,202309170den,,401547416,,7,7,164.0,-198.0,4.0,-110.0,-110.0,38.5,-110.0,-110.0,0,outdoors,,,,00-0037077,00-0029263,Sam Howell,Russell Wilson,Ron Rivera,Sean Payton,Brad Rogers,DEN00,Empower Field at Mile High,0.0,0.106972136,2.0,0.12804003,0.0,-2.0,0.1337971,2.543591,0.0624396838247776,0.1235794723033905,1.0,-0.0017189966747537255,14.956555366516113,0.12804003,0.0,0.106972136,2.0,2.0,0.20104891,8.928143,-0.19955018162727356,-0.25008681416511536,-1.0,-0.29418352246284485,-6.899052619934082,0.26198986545205116,0.37366628646850586,2.0,0.2924645257880911,21.855607986450195
2023_02_MIA_NE,2023,REG,2,2023-09-17,Sunday,20:20,MIA,24.0,NE,17.0,Home,-7.0,41.0,0.0,2023091712,59202.0,,202309170nwe,,401547423,,7,7,-130.0,110.0,-2.0,-112.0,-108.0,46.5,-112.0,-108.0,1,outdoors,,,,00-0036212,00-0036972,Tua Tagovailoa,Mac Jones,Mike McDaniel,Bill Belichick,Shawn Smith,BOS00,Gillette Stadium,0.0,-0.03489437,2.0,0.06738918,1.0,-1.0,-0.07960492,7.442534,-0.16645893454551697,-0.05595427751541138,-1.0,-0.20382145047187805,-3.112151622772217,0.06738918,1.0,-0.03489437,2.0,1.0,0.19834471,7.973509,0.22155538201332092,0.131196066737175,-2.0,0.307586669921875,0.7247562408447266,-0.3880143165588379,-0.18715034425258636,1.0,-0.511408120393753,-3.8369078636169434
2023_02_NO_CAR,2023,REG,2,2023-09-18,Monday,19:15,NO,20.0,CAR,17.0,Home,-3.0,37.0,0.0,2023091800,59203.0,,202309180car,,401547425,,8,8,-175.0,145.0,-3.0,-118.0,-102.0,39.5,-108.0,-112.0,1,outdoors,,,,00-0031280,00-0039150,Derek Carr,Bryce Young,Dennis Allen,Frank Reich,Scott Novak,CAR00,Bank of America Stadium,0.0,-0.051136125,1.0,0.010311143,1.0,0.0,-0.14652735,3.4188852,-0.21329782903194427,-0.06448812782764435,-3.0,-0.2698056697845459,-5.514065265655518,0.010311143,1.0,-0.051136125,1.0,0.0,0.03964337,-1.1415774,-0.19055674970149994,-0.16220428049564362,1.0,-0.0939047709107399,6.152717590332031,-0.022741079330444336,0.09771615266799927,-4.0,-0.175900898873806,-11.666782855987549
2023_02_CLE_PIT,2023,REG,2,2023-09-18,Monday,20:15,CLE,22.0,PIT,26.0,Home,4.0,48.0,0.0,2023091801,59204.0,,202309180pit,,401547424,,8,8,-148.0,124.0,-2.5,-115.0,-105.0,39.0,-110.0,-110.0,1,outdoors,,,,00-0033537,00-0038102,Deshaun Watson,Kenny Pickett,Kevin Stefanski,Mike Tomlin,Ron Torbert,PIT00,Acrisure Stadium,1.0,-0.27341112,2.0,-0.21631247,4.0,2.0,-0.39196584,-15.314657,-0.27565649151802063,0.1086336150765419,-1.0,-0.34258589148521423,2.07611083984375,-0.21631247,4.0,-0.27341112,2.0,-2.0,-0.20823586,-7.523954,-0.09727641195058823,-0.41084396839141846,-2.0,-0.1392783522605896,-6.8781514167785645,-0.1783800795674324,0.5194775834679604,1.0,-0.20330753922462463,8.954262256622314
2023_03_NYG_SF,2023,REG,3,2023-09-21,Thursday,20:15,NYG,12.0,SF,30.0,Home,18.0,42.0,0.0,2023092100,59205.0,,202309210sfo,,401547426,,4,4,400.0,-535.0,10.5,-105.0,-115.0,43.5,-108.0,-112.0,0,outdoors,grass,77.0,13.0,00-0035710,00-0037834,Daniel Jones,Brock Purdy,Brian Daboll,Kyle Shanahan,Shawn Hochuli,SFO01,Levi's Stadium,1.0,0.14452423,0.0,-0.09877912,1.0,1.0,0.18594551,2.9220707,0.11179908737540245,-0.14843116886913776,1.5,0.14898095279932022,2.4068732857704163,-0.09877912,1.0,0.14452423,0.0,-1.0,-0.23185748,-0.73777366,-0.1786395087838173,0.09564835205674171,-2.0,-0.11933666467666626,-2.7756881713867188,0.29043859615921974,-0.24407952092587948,3.5,0.2683176174759865,5.182561457157135
2023_03_IND_BAL,2023,REG,3,2023-09-24,Sunday,13:00,IND,22.0,BAL,19.0,Home,-3.0,41.0,1.0,2023092400,59206.0,,202309240rav,,401547427,,7,7,300.0,-380.0,7.5,-110.0,-110.0,43.5,-110.0,-110.0,0,outdoors,grass,68.0,3.0,00-0035289,00-0034796,Gardner Minshew,Lamar Jackson,Shane Steichen,John Harbaugh,Clete Blakeman,BAL00,M&T Bank Stadium,0.0,-0.13615815,2.0,-0.06506761,0.0,-2.0,-0.1447948,0.8391693,0.013798648491501808,-0.09878965094685555,0.0,0.09350662864744663,8.606887578964233,-0.06506761,0.0,-0.13615815,2.0,2.0,-0.15425004,-3.228653,-0.10969513654708862,-0.12665891274809837,0.0,-0.07106995582580566,-1.9944565296173096,0.12349378503859043,0.02786926180124283,0.0,0.1645765844732523,10.601344108581543
2023_03_TEN_CLE,2023,REG,3,2023-09-24,Sunday,13:00,TEN,3.0,CLE,27.0,Home,24.0,30.0,0.0,2023092401,59207.0,,202309240cle,,401547428,,7,6,154.0,-185.0,3.5,-110.0,-110.0,38.0,-110.0,-110.0,0,outdoors,grass,68.0,5.0,00-0029701,00-0033537,Ryan Tannehill,Deshaun Watson,Mike Vrabel,Kevin Stefanski,Craig Wrolstad,CLE00,FirstEnergy Stadium,1.0,0.14476691,1.0,-0.21396409,0.0,-1.0,0.021764714,19.46562,-0.1567944400012493,-0.3421275466680527,-2.0,-0.17375710606575012,-7.201052665710449,-0.21396409,0.0,0.14476691,1.0,1.0,-0.43798187,-5.9004273,-0.04922371730208397,-0.07056382670998573,-0.5,-0.10595089104026556,-1.4281597137451172,-0.10757072269916534,-0.27156371995806694,-1.5,-0.06780621502548456,-5.772892951965332
2023_03_ATL_DET,2023,REG,3,2023-09-24,Sunday,13:00,ATL,6.0,DET,20.0,Home,14.0,26.0,0.0,2023092402,59208.0,,202309240det,,401547433,,7,7,140.0,-166.0,3.0,100.0,-120.0,47.5,-108.0,-112.0,0,dome,fieldturf,,,00-0038122,00-0033106,Desmond Ridder,Jared Goff,Arthur Smith,Dan Campbell,Carl Cheffers,DET00,Ford Field,1.0,-0.10377152,1.0,-0.28403765,1.0,0.0,-0.015512917,3.256546,-0.03597154002636671,0.007295545190572739,-1.5,0.0022186189889907837,6.481269598007202,-0.28403765,1.0,-0.10377152,1.0,0.0,-0.33641493,-14.160722,-0.012734314426779747,-0.07739447802305222,1.0,0.00385390967130661,1.1702337265014648,-0.023237225599586964,0.08469002321362495,-2.5,-0.0016352906823158264,5.311035871505737
2023_03_NO_GB,2023,REG,3,2023-09-24,Sunday,13:00,NO,17.0,GB,18.0,Home,1.0,35.0,0.0,2023092403,59209.0,,202309240gnb,,401547434,,6,7,-125.0,105.0,-1.5,-110.0,-110.0,41.5,-110.0,-110.0,0,outdoors,grass,68.0,10.0,00-0031280,00-0036264,Derek Carr,Jordan Love,Dennis Allen,Matt LaFleur,Brad Rogers,GNB00,Lambeau Field,1.0,-0.07870398,1.0,-0.09132119,0.0,-1.0,-0.008021488,-7.622925,0.08444057404994965,-0.0629448127001524,1.5,0.10379206202924252,-8.694360971450806,-0.09132119,0.0,-0.07870398,1.0,1.0,-0.055163924,2.3701575,-0.0901228035800159,-0.1066702026873827,0.5,-0.027130700647830963,2.505570113658905,0.17456337762996554,0.0437253899872303,1.0,0.13092276267707348,-11.19993108510971
2023_03_HOU_JAX,2023,REG,3,2023-09-24,Sunday,13:00,HOU,37.0,JAX,17.0,Home,-20.0,54.0,0.0,2023092404,59210.0,,202309240jax,,401547435,,7,7,300.0,-380.0,7.5,-110.0,-110.0,43.5,-110.0,-110.0,1,outdoors,grass,84.0,6.0,00-0039163,00-0036971,C.J. Stroud,Trevor Lawrence,DeMeco Ryans,Doug Pederson,Scott Novak,JAX00,TIAA Bank Stadium,0.0,-0.11973736,2.0,0.20083146,0.0,-2.0,-0.050728403,2.7926621,-0.16474174708127975,-0.1749661595094949,0.5,-0.2843708246946335,-3.4537270069122314,0.20083146,0.0,-0.11973736,2.0,2.0,0.2201288,6.1398935,-0.13425090536475182,0.04192558862268925,0.0,-0.1452095634303987,-1.476859211921692,-0.03049084171652794,-0.21689174813218415,0.5,-0.13916126126423478,-1.9768677949905396
2023_03_DEN_MIA,2023,REG,3,2023-09-24,Sunday,13:00,DEN,20.0,MIA,70.0,Home,50.0,90.0,0.0,2023092405,59211.0,,202309240mia,,401547429,,7,7,205.0,-250.0,6.0,-110.0,-110.0,47.5,-110.0,-110.0,0,outdoors,grass,86.0,5.0,00-0029263,00-0036212,Russell Wilson,Tua Tagovailoa,Sean Payton,Mike McDaniel,Clay Martin,MIA00,Hard Rock Stadium,1.0,0.47264135,0.0,-0.13833287,3.0,3.0,0.657903,18.271143,0.14447228237986565,0.04815084859728813,-0.5,0.25296568870544434,4.349132537841797,-0.13833287,3.0,0.47264135,0.0,-3.0,-0.26500264,3.9460232,0.08470590971410275,0.12580975145101547,-0.5,0.06603904877556488,8.750073194503784,0.0597663726657629,-0.07765890285372734,0.0,0.18692663992987946,-4.400940656661987
2023_03_LAC_MIN,2023,REG,3,2023-09-24,Sunday,13:00,LAC,28.0,MIN,24.0,Home,-4.0,52.0,0.0,2023092406,59212.0,,202309240min,,401547436,,7,10,-110.0,-110.0,1.0,-115.0,-105.0,54.0,-110.0,-110.0,0,dome,sportturf,,,00-0036355,00-0029604,Justin Herbert,Kirk Cousins,Brandon Staley,Kevin O'Connell,Shawn Smith,MIN01,U.S. Bank Stadium,0.0,-0.0031458617,2.0,0.05053719,1.0,-1.0,-0.00012828142,0.5094702,-0.013471480458974838,0.035036930814385414,-2.0,-0.02550330013036728,6.589508771896362,0.05053719,1.0,-0.0031458617,2.0,1.0,0.19514771,15.42881,0.09031258150935173,0.1426561139523983,1.0,0.12243015319108963,5.130320310592651,-0.10378406196832657,-0.10761918313801289,-3.0,-0.1479334533214569,1.459188461303711
2023_03_NE_NYJ,2023,REG,3,2023-09-24,Sunday,13:00,NE,15.0,NYJ,10.0,Home,-5.0,25.0,0.0,2023092407,59213.0,,202309240nyj,,401547430,,7,7,-142.0,120.0,-2.5,-112.0,-108.0,35.5,-110.0,-110.0,1,outdoors,fieldturf,64.0,14.0,00-0036972,00-0037013,Mac Jones,Zach Wilson,Bill Belichick,Robert Saleh,Bill Vinovich,NYC01,MetLife Stadium,0.0,-0.23553768,0.0,-0.12110697,0.0,0.0,-0.37319043,-5.833316,-0.16356489900499582,-0.030261345207691193,-0.5,-0.31498404778540134,-6.182542562484741,-0.12110697,0.0,-0.23553768,0.0,0.0,-0.0069741565,-4.928659,-0.10067665204405785,0.0057174526154994965,-1.0,-0.1417131870985031,2.165191173553467,-0.06288824696093798,-0.03597879782319069,0.5,-0.17327086068689823,-8.347733736038208
2023_03_BUF_WAS,2023,REG,3,2023-09-24,Sunday,13:00,BUF,37.0,WAS,3.0,Home,-34.0,40.0,0.0,2023092408,59214.0,,202309240was,,401547431,,7,7,-245.0,200.0,-5.5,-115.0,-105.0,44.0,-108.0,-112.0,0,outdoors,grass,65.0,1.0,00-0034857,00-0037077,Josh Allen,Sam Howell,Sean McDermott,Ron Rivera,Land Clark,WAS00,FedExField,0.0,-0.42806658,5.0,0.16298479,1.0,-4.0,-0.5987696,0.021404792,-0.03575507551431656,-0.07155733928084373,0.5,-0.04656730592250824,1.01454496383667,0.16298479,1.0,-0.42806658,5.0,4.0,0.21725667,-3.096424,0.07469938322901726,-0.06836210284382105,0.0,0.11953643709421158,11.46247911453247,-0.11045445874333382,-0.003195236437022686,0.5,-0.16610374301671982,-10.4479341506958
2023_03_CAR_SEA,2023,REG,3,2023-09-24,Sunday,16:05,CAR,27.0,SEA,37.0,Home,10.0,64.0,0.0,2023092409,59215.0,,202309240sea,,401547432,,6,7,185.0,-225.0,5.0,-110.0,-110.0,42.5,-110.0,-110.0,0,outdoors,fieldturf,61.0,2.0,00-0027973,00-0030565,Andy Dalton,Geno Smith,Frank Reich,Pete Carroll,Ron Torbert,SEA00,Lumen Field,1.0,0.16519913,1.0,0.012702352,0.0,-1.0,0.20921183,3.2385454,0.017062032595276833,0.08180322218686342,1.5,0.06796389073133469,7.239445984363556,0.012702352,0.0,0.16519913,1.0,1.0,0.04581658,-5.5063434,-0.13221697695553303,-0.027088492643088102,-1.5,-0.20816650986671448,-1.0475900173187256,0.14927900955080986,0.10889171482995152,3.0,0.27613040059804916,8.287036001682281
2023_03_DAL_ARI,2023,REG,3,2023-09-24,Sunday,16:25,DAL,16.0,ARI,28.0,Home,12.0,44.0,0.0,2023092410,59216.0,,202309240crd,,401547437,,7,7,-650.0,470.0,-11.5,-110.0,-110.0,43.5,-110.0,-110.0,0,open,grass,,,00-0033077,00-0033949,Dak Prescott,Joshua Dobbs,Mike McCarthy,Jonathan Gannon,Alex Kemp,PHO00,State Farm Stadium,1.0,0.21451673,0.0,0.050913107,1.0,1.0,0.21866414,10.503743,-0.08042555674910545,-0.027892403304576874,1.0,-0.08709029108285904,3.347021460533142,0.050913107,1.0,0.21451673,0.0,-1.0,0.062066484,-3.3040614,0.07767140492796898,-0.4063372164964676,3.5,0.058462897315621376,0.24846363067626953,-0.15809696167707443,0.3784448131918907,-2.5,-0.14555318839848042,3.0985578298568726
2023_03_CHI_KC,2023,REG,3,2023-09-24,Sunday,16:25,CHI,10.0,KC,41.0,Home,31.0,51.0,0.0,2023092411,59217.0,,202309240kan,,401547438,,7,7,525.0,-750.0,13.0,-110.0,-110.0,48.0,-110.0,-110.0,0,outdoors,grass,,,00-0036945,00-0033873,Justin Fields,Patrick Mahomes,Matt Eberflus,Andy Reid,Alan Eck,KAN00,GEHA Field at Arrowhead Stadium,1.0,0.17315058,2.0,-0.2627394,2.0,0.0,0.23597103,6.9553022,-0.036725688027217984,-0.07889183610677719,0.0,-0.00048203766345977783,-1.203188419342041,-0.2627394,2.0,0.17315058,2.0,0.0,-0.30167553,0.20127812,-0.12852861732244492,0.07539821788668633,-2.0,-0.1707802340388298,-9.164012908935547,0.09180292929522693,-0.15429005399346352,2.0,0.17029819637537003,7.960824489593506
2023_03_PIT_LV,2023,REG,3,2023-09-24,Sunday,20:20,PIT,23.0,LV,18.0,Home,-5.0,41.0,0.0,2023092412,59218.0,,202309240rai,,401547439,,6,7,124.0,-148.0,3.0,-110.0,-110.0,43.5,-110.0,-110.0,0,dome,grass,,,00-0038102,00-0031345,Kenny Pickett,Jimmy Garoppolo,Mike Tomlin,Josh McDaniels,Tra Blake,VEG00,Allegiant Stadium,0.0,-0.079772666,3.0,0.031042142,0.0,-3.0,-0.14435078,-4.3570395,0.0011775121092796326,0.16282147355377674,-2.0,-0.04575240612030029,8.063504695892334,0.031042142,0.0,-0.079772666,3.0,3.0,0.017772675,-10.12624,-0.27453380823135376,-0.05383942648768425,0.5,-0.3672758638858795,-6.6192731857299805,0.2757113203406334,0.216660900041461,-2.5,0.3215234577655792,14.682777881622314
2023_03_PHI_TB,2023,REG,3,2023-09-25,Monday,19:15,PHI,25.0,TB,11.0,Home,-14.0,36.0,0.0,2023092500,59219.0,,202309250tam,,401547440,,11,8,-258.0,210.0,-6.0,-110.0,-110.0,44.0,-108.0,-112.0,0,outdoors,grass,90.0,4.0,00-0036389,00-0034855,Jalen Hurts,Baker Mayfield,Nick Sirianni,Todd Bowles,Adrian Hill,TAM00,Raymond James Stadium,0.0,-0.14919077,2.0,0.0761754,2.0,0.0,-0.19908147,-2.4694529,-0.00261516310274601,-0.10633475705981255,2.5,0.06434239447116852,6.300633549690247,0.0761754,2.0,-0.14919077,2.0,0.0,0.09146332,1.663609,0.029887035489082336,-0.03644024580717087,1.0,-0.003236711025238037,10.677978038787842,-0.032502198591828346,-0.06989451125264168,1.5,0.06757910549640656,-4.377344489097595
2023_03_LA_CIN,2023,REG,3,2023-09-25,Monday,20:15,LA,16.0,CIN,19.0,Home,3.0,35.0,0.0,2023092501,59220.0,,202309250cin,,401547441,,8,8,136.0,-162.0,3.0,100.0,-120.0,45.5,-108.0,-112.0,0,outdoors,fieldturf,74.0,7.0,00-0026498,00-0036442,Matthew Stafford,Joe Burrow,Sean McVay,Zac Taylor,John Hussey,CIN00,Paycor Stadium,1.0,-0.06903719,1.0,-0.11967522,2.0,1.0,-0.09668759,-12.584375,-0.18764729425311089,-0.008470799773931503,0.5,-0.20222442038357258,-8.213935017585754,-0.11967522,2.0,-0.06903719,1.0,-1.0,-0.13044824,-6.314456,0.0840494018048048,0.02749975584447384,-1.0,0.11498000472784042,-5.137527972459793,-0.2716966960579157,-0.03597055561840534,1.5,-0.317204425111413,-3.0764070451259613
2023_04_DET_GB,2023,REG,4,2023-09-28,Thursday,20:15,DET,34.0,GB,20.0,Home,-14.0,54.0,0.0,2023092800,59221.0,,202309280gnb,,401547442,,4,4,-142.0,120.0,-2.5,-118.0,-102.0,45.0,-110.0,-110.0,1,outdoors,grass,64.0,8.0,00-0033106,00-0036264,Jared Goff,Jordan Love,Dan Campbell,Matt LaFleur,Alan Eck,GNB00,Lambeau Field,0.0,-0.14300513,2.0,0.08213945,1.0,-1.0,-0.22116311,3.3552408,0.03005905697743098,-0.07240360602736473,0.6666666666666666,0.06652087873468797,-8.337215582529703,0.08213945,1.0,-0.14300513,2.0,1.0,0.13784744,3.6853974,-0.05857153423130512,-0.08981551975011826,-1.0,-0.003691893070936203,5.406361738840739,0.0886305912087361,0.017411913722753525,1.6666666666666665,0.07021277180562417,-13.743577321370442
2023_04_ATL_JAX,2023,REG,4,2023-10-01,Sunday,09:30,ATL,7.0,JAX,23.0,Neutral,16.0,30.0,0.0,2023100100,59222.0,,202310010jax,,401547227,,7,7,154.0,-185.0,3.5,-110.0,-110.0,42.5,-112.0,-108.0,0,outdoors,,,,00-0038122,00-0036971,Desmond Ridder,Trevor Lawrence,Arthur Smith,Doug Pederson,Craig Wrolstad,LON00,Wembley Stadium,1.0,0.095180005,0.0,-0.17842975,3.0,3.0,0.006607781,6.1396537,-0.14974028368790945,-0.04970028701548775,-0.3333333333333333,-0.20649001747369766,-1.3715972900390625,-0.17842975,3.0,0.095180005,0.0,-3.0,-0.30040762,-1.6478419,-0.10316875949501991,-0.08618682622909546,0.6666666666666666,-0.10956903795401256,-3.9400847752889,-0.04657152419288954,0.036486539213607706,-1.0,-0.0969209795196851,2.5684874852498374
2023_04_MIA_BUF,2023,REG,4,2023-10-01,Sunday,13:00,MIA,20.0,BUF,48.0,Home,28.0,68.0,0.0,2023100101,59223.0,,202310010buf,,401547443,,7,7,120.0,-142.0,2.5,100.0,-120.0,53.0,-110.0,-110.0,1,outdoors,a_turf,70.0,2.0,00-0036212,00-0034857,Tua Tagovailoa,Josh Allen,Mike McDaniel,Sean McDermott,Adrian Hill,BUF00,New Era Field,1.0,0.3713857,0.0,-0.0469065,2.0,2.0,0.43697122,19.293058,0.10412785162528355,-0.18826359572509924,1.3333333333333333,0.15210984647274017,6.609511375427246,-0.0469065,2.0,0.3713857,0.0,-2.0,-0.011877722,6.3725195,0.2538619711995125,-0.014010392129421234,0.6666666666666666,0.3879447976748149,8.989802678426107,-0.14973411957422894,-0.174253203595678,0.6666666666666666,-0.2358349512020747,-2.3802913029988613
2023_04_MIN_CAR,2023,REG,4,2023-10-01,Sunday,13:00,MIN,21.0,CAR,13.0,Home,-8.0,34.0,0.0,2023100102,59224.0,,202310010car,,401547448,,7,7,-225.0,185.0,-4.5,-112.0,-108.0,46.5,-110.0,-110.0,0,outdoors,grass,78.0,7.0,00-0029604,00-0039150,Kirk Cousins,Bryce Young,Kevin O'Connell,Frank Reich,Tra Blake,CAR00,Bank of America Stadium,0.0,-0.18369836,1.0,-0.08769209,2.0,1.0,-0.25634855,5.108372,-0.08391053384790818,0.0370073818291227,-0.6666666666666666,-0.12350547934571902,-2.533841133117676,-0.08769209,2.0,-0.18369836,1.0,-1.0,-0.15415479,2.7518911,-0.010029607530062398,0.04020368432005247,-1.6666666666666667,-0.017044960559966665,4.562829256057739,-0.07388092631784579,-0.003196302490929767,1.0,-0.10646051878575236,-7.096670389175415
2023_04_DEN_CHI,2023,REG,4,2023-10-01,Sunday,13:00,DEN,31.0,CHI,28.0,Home,-3.0,59.0,0.0,2023100103,59225.0,,202310010chi,,401547444,,7,7,-162.0,136.0,-3.0,-112.0,-108.0,47.0,-110.0,-110.0,0,outdoors,grass,80.0,2.0,00-0029263,00-0036945,Russell Wilson,Justin Fields,Sean Payton,Matt Eberflus,Carl Cheffers,CHI98,Soldier Field,0.0,0.060259007,2.0,0.17258535,0.0,-2.0,0.097956896,21.06322,-0.17326554159323374,0.10798233995834987,-1.3333333333333333,-0.21441199878851572,-6.042249232530594,0.17258535,0.0,0.060259007,2.0,2.0,0.349165,13.636158,0.010359648615121841,0.24142028391361237,-1.3333333333333333,-0.04430818018348267,7.148723204930623,-0.18362519020835558,-0.13343794395526248,0.0,-0.17010381860503304,-13.190972437461216
2023_04_BAL_CLE,2023,REG,4,2023-10-01,Sunday,13:00,BAL,28.0,CLE,3.0,Home,-25.0,31.0,0.0,2023100104,59226.0,,202310010cle,,401547445,,7,7,-135.0,114.0,-2.0,-110.0,-110.0,38.5,-110.0,-110.0,1,outdoors,grass,71.0,7.0,00-0034796,00-0038583,Lamar Jackson,Dorian Thompson-Robinson,John Harbaugh,Kevin Stefanski,Brad Allen,CLE00,FirstEnergy Stadium,0.0,-0.32758898,3.0,-0.0055456543,1.0,-2.0,-0.51409686,-9.803169,-0.056273989379405975,-0.29940639436244965,-1.6666666666666667,-0.1085831659535567,1.6878382364908855,-0.0055456543,1.0,-0.32758898,3.0,2.0,0.03499265,19.553627,-0.03618695214390755,-0.08754897117614746,-0.6666666666666666,0.01407281681895256,6.017648160457611,-0.02008703723549843,-0.21185742318630219,-1.0,-0.12265598277250926,-4.329809923966725
2023_04_PIT_HOU,2023,REG,4,2023-10-01,Sunday,13:00,PIT,6.0,HOU,30.0,Home,24.0,36.0,0.0,2023100105,59227.0,,202310010htx,,401547446,,7,7,-162.0,136.0,-3.0,-110.0,-110.0,41.5,-110.0,-110.0,0,open,astroturf,,,00-0038102,00-0039163,Kenny Pickett,C.J. Stroud,Mike Tomlin,DeMeco Ryans,Bill Vinovich,HOU00,NRG Stadium,1.0,0.09976324,0.0,-0.23896873,1.0,1.0,0.14004254,-1.7617567,-0.022556784252325695,-0.011962059885263443,0.6666666666666666,-0.02343010747184356,1.0620583693186443,-0.23896873,1.0,0.09976324,0.0,-1.0,-0.28203493,-1.2855469,-0.17267515820761523,-0.06248383969068527,1.3333333333333333,-0.23892635107040405,-7.788262049357097,0.15011837395528954,0.05052177980542183,-0.6666666666666666,0.21549624359856048,8.850320418675741
2023_04_LA_IND,2023,REG,4,2023-10-01,Sunday,13:00,LA,29.0,IND,23.0,Home,-6.0,52.0,1.0,2023100106,59228.0,,202310010clt,,401547449,,6,7,-115.0,-105.0,-1.0,-110.0,-110.0,44.5,-110.0,-110.0,0,open,fieldturf,,,00-0026498,00-0039164,Matthew Stafford,Anthony Richardson,Sean McVay,Shane Steichen,Land Clark,IND00,Lucas Oil Stadium,0.0,-0.012821283,1.0,0.09265992,1.0,0.0,0.02294736,-16.399487,-0.09481929490963618,-0.129825326303641,0.6666666666666666,-0.09879665076732635,-2.405855337778727,0.09265992,1.0,-0.012821283,1.0,0.0,0.17524949,1.6056168,0.016141194850206375,-0.004679226626952489,-1.0,0.0331705907980601,-5.5298373103141785,-0.11096048975984256,-0.1251460996766885,1.6666666666666665,-0.13196724156538645,3.1239819725354514
2023_04_TB_NO,2023,REG,4,2023-10-01,Sunday,13:00,TB,26.0,NO,9.0,Home,-17.0,35.0,0.0,2023100107,59229.0,,202310010nor,,401547450,,6,7,170.0,-205.0,4.0,-110.0,-110.0,41.0,-110.0,-110.0,1,dome,sportturf,,,00-0034855,00-0031280,Baker Mayfield,Derek Carr,Todd Bowles,Dennis Allen,Shawn Hochuli,NOR00,Mercedes-Benz Superdome,0.0,-0.25382486,3.0,-0.009342232,1.0,-2.0,-0.3657066,-8.06886,-0.0905222666139404,-0.09734812751412392,0.6666666666666666,-0.03647510831554731,2.4604325691858926,-0.009342232,1.0,-0.25382486,3.0,2.0,0.049559835,12.746586,-0.05147369826833407,-0.04549803833166758,1.6666666666666667,-0.023465558886528015,3.3772714138031006,-0.039048568345606334,-0.05185008918245634,-1.0,-0.013009549429019295,-0.916838844617208
2023_04_WAS_PHI,2023,REG,4,2023-10-01,Sunday,13:00,WAS,31.0,PHI,34.0,Home,3.0,65.0,1.0,2023100108,59230.0,,202310010phi,,401547451,,7,6,350.0,-455.0,9.5,-110.0,-110.0,43.0,-110.0,-110.0,1,outdoors,grass,,,00-0037077,00-0036389,Sam Howell,Jalen Hurts,Ron Rivera,Nick Sirianni,Ron Torbert,PHI00,Lincoln Financial Field,1.0,0.1892582,0.0,0.14601941,0.0,0.0,0.17746666,10.497408,0.04531649003426234,-0.07402375340461731,0.6666666666666666,0.028329965968926746,7.673188368479411,0.14601941,0.0,0.1892582,0.0,0.0,0.20363694,10.372384,-0.1665255775054296,0.006623369952042897,-1.0,-0.230634739001592,0.6834982397655646,0.21184206753969193,-0.0806471233566602,1.6666666666666665,0.25896470497051877,6.989690128713846
2023_04_CIN_TEN,2023,REG,4,2023-10-01,Sunday,13:00,CIN,3.0,TEN,27.0,Home,24.0,30.0,0.0,2023100109,59231.0,,202310010oti,,401547452,,6,7,-162.0,136.0,-2.5,-120.0,100.0,41.5,-108.0,-112.0,0,outdoors,grass,82.0,4.0,00-0036442,00-0029701,Joe Burrow,Ryan Tannehill,Zac Taylor,Mike Vrabel,Shawn Smith,NAS00,Nissan Stadium,1.0,0.1665595,1.0,-0.18122216,1.0,0.0,0.20212647,12.058818,-0.10413717478513718,0.0012130861481030781,0.0,-0.21662788527707258,-2.918915589650472,-0.18122216,1.0,0.1665595,1.0,0.0,-0.2298856,6.5497956,-0.14811059335867563,-0.04553893953561783,0.6666666666666666,-0.1670454777777195,-9.670748472213745,0.04397341857353845,0.04675202568372091,-0.6666666666666666,-0.04958240749935308,6.7518328825632725
2023_04_LV_LAC,2023,REG,4,2023-10-01,Sunday,16:05,LV,17.0,LAC,24.0,Home,7.0,41.0,0.0,2023100110,59232.0,,202310010sdg,,401547447,,7,7,250.0,-310.0,7.0,-115.0,-105.0,49.0,-110.0,-110.0,1,dome,matrixturf,,,00-0038579,00-0036355,Aidan O'Connell,Justin Herbert,Josh McDaniels,Brandon Staley,John Hussey,LAX01,SoFi Stadium,1.0,-0.064971656,1.0,-0.13240659,3.0,2.0,-0.034290977,-7.298408,0.07705411811669667,0.09405545541085303,1.0,0.1466693381468455,8.56315024693807,-0.13240659,3.0,-0.064971656,1.0,-2.0,-0.16690575,-8.070815,-0.025805880626042683,0.11889502964913845,-2.3333333333333335,-0.07861853142579396,3.923323313395182,0.10285999874273935,-0.024839574238285422,3.3333333333333335,0.22528786957263947,4.6398269335428886
2023_04_NE_DAL,2023,REG,4,2023-10-01,Sunday,16:25,NE,3.0,DAL,38.0,Home,35.0,41.0,0.0,2023100111,59233.0,,202310010dal,,401547453,,7,7,230.0,-285.0,6.5,-108.0,-112.0,43.0,-110.0,-110.0,0,closed,matrixturf,,,00-0036972,00-0033077,Mac Jones,Dak Prescott,Bill Belichick,Mike McCarthy,Scott Novak,DAL00,AT&T Stadium,1.0,0.059095196,0.0,-0.4678933,3.0,3.0,0.11402779,13.738907,0.068751972168684,-0.19938590129216513,2.0,0.05966409295797348,-0.9357113838195801,-0.4678933,3.0,0.059095196,0.0,-3.0,-0.47803652,-15.677877,-0.10748675713936488,-0.07470092425743739,-0.6666666666666666,-0.09680017689242959,-0.19942553838094076,0.1762387293080489,-0.12468497703472774,2.6666666666666665,0.15646426985040307,-0.7362858454386393
2023_04_ARI_SF,2023,REG,4,2023-10-01,Sunday,16:25,ARI,16.0,SF,35.0,Home,19.0,51.0,0.0,2023100112,59234.0,,202310010sfo,,401547454,,7,10,700.0,-1100.0,15.0,-108.0,-112.0,44.0,-105.0,-115.0,1,outdoors,grass,75.0,9.0,00-0033949,00-0037834,Joshua Dobbs,Brock Purdy,Jonathan Gannon,Kyle Shanahan,Clete Blakeman,SFO01,Levi's Stadium,1.0,0.40712535,0.0,0.07800373,0.0,0.0,0.50039095,27.244574,0.12270746876796086,-0.13188048576315245,1.3333333333333333,0.1613024721542994,2.5786057710647583,0.07800373,0.0,0.40712535,0.0,0.0,0.12396833,5.2794294,0.017888538539409637,-0.0016238999863465626,1.0,0.014827852447827658,5.7325953642527265,0.10481893022855122,-0.13025658577680588,0.33333333333333326,0.14647461970647174,-3.1539895931879682
2023_04_KC_NYJ,2023,REG,4,2023-10-01,Sunday,20:20,KC,23.0,NYJ,20.0,Home,-3.0,43.0,0.0,2023100113,59235.0,,202310010nyj,,401547455,,7,7,-485.0,370.0,-9.5,-110.0,-110.0,41.5,-105.0,-115.0,0,outdoors,fieldturf,69.0,5.0,00-0033873,00-0037013,Patrick Mahomes,Zach Wilson,Andy Reid,Robert Saleh,Alex Kemp,NYC01,MetLife Stadium,0.0,-0.036829565,1.0,0.07623887,2.0,1.0,0.020231387,7.951877,-0.1875558253377676,-0.060543219248453774,-0.3333333333333333,-0.3343861761192481,-6.0661336580912275,0.07623887,2.0,-0.036829565,1.0,-1.0,0.1686199,-4.3640604,0.033233069349080324,-0.14017435411612192,0.0,0.0783356527487437,1.5163084665934246,-0.22078889468684793,0.07963113486766815,-0.3333333333333333,-0.4127218288679918,-7.582442124684652
2023_04_SEA_NYG,2023,REG,4,2023-10-02,Monday,20:15,SEA,24.0,NYG,3.0,Home,-21.0,27.0,0.0,2023100200,59236.0,,202310020nyg,,401547456,,8,11,-142.0,120.0,-2.5,-115.0,-105.0,46.5,-115.0,-105.0,0,outdoors,fieldturf,67.0,8.0,00-0030565,00-0035710,Geno Smith,Daniel Jones,Pete Carroll,Brian Daboll,Brad Rogers,NYC01,MetLife Stadium,0.0,-0.38988236,3.0,-0.13382235,0.0,-3.0,-0.45327672,8.162377,-0.15201937903960547,0.11194031188885371,-1.6666666666666667,-0.15684360265731812,-2.0963833332061768,-0.13382235,0.0,-0.38988236,3.0,3.0,-0.114886366,-9.815943,0.066441065321366,0.05876959891368946,0.6666666666666666,0.11504653592904408,5.9058124621709185,-0.21846044436097145,0.05317071297516426,-2.3333333333333335,-0.2718901385863622,-8.002195795377094
2023_05_CHI_WAS,2023,REG,5,2023-10-05,Thursday,20:15,CHI,40.0,WAS,20.0,Home,-20.0,60.0,0.0,2023100500,59237.0,,202310050was,,401547457,,4,4,210.0,-258.0,6.0,-110.0,-110.0,45.5,-112.0,-108.0,0,outdoors,grass,70.0,1.0,00-0036945,00-0037077,Justin Fields,Sam Howell,Matt Eberflus,Ron Rivera,Scott Novak,WAS00,FedExField,0.0,-0.07288667,2.0,0.24249215,0.0,-2.0,-0.103375755,11.745181,-0.0883893296122551,0.05228207819163799,-0.75,-0.12206681817770004,3.105719697661698,0.24249215,0.0,-0.07288667,2.0,2.0,0.30894712,1.9222145,-0.11488440446555614,0.12413309328258038,-1.5,-0.13631977513432503,0.7341178432106972,0.02649507485330105,-0.07185101509094238,0.75,0.014252956956624985,2.3716018544510007
2023_05_JAX_BUF,2023,REG,5,2023-10-08,Sunday,09:30,JAX,25.0,BUF,20.0,Neutral,-5.0,45.0,0.0,2023100800,59238.0,,202310080buf,,401547228,,7,7,205.0,-250.0,5.5,-110.0,-110.0,48.5,-108.0,-112.0,0,outdoors,,,,00-0036971,00-0034857,Trevor Lawrence,Josh Allen,Doug Pederson,Sean McDermott,Shawn Smith,LON02,Tottenham Stadium,0.0,0.11700478,2.0,0.1429812,2.0,0.0,0.18866959,13.410273,0.17094231210649014,-0.15292432205751538,1.5,0.2233251892030239,9.78039813041687,0.1429812,2.0,0.11700478,2.0,0.0,0.13415353,2.1478875,-0.08851021155714989,-0.08188265340868384,0.5,-0.15321556781418622,0.5062154531478882,0.25945252366364,-0.07104166864883155,1.0,0.3765407570172101,9.274182677268982
2023_05_HOU_ATL,2023,REG,5,2023-10-08,Sunday,13:00,HOU,19.0,ATL,21.0,Home,2.0,40.0,0.0,2023100801,59239.0,,202310080atl,,401547463,,7,7,120.0,-142.0,2.5,-110.0,-110.0,42.0,-110.0,-110.0,0,open,fieldturf,,,00-0039163,00-0038122,C.J. Stroud,Desmond Ridder,DeMeco Ryans,Arthur Smith,Shawn Hochuli,ATL97,Mercedes-Benz Stadium,1.0,-0.052287415,2.0,-0.060028024,0.0,-2.0,-0.010112911,8.262902,-0.12198400776833296,-0.0408451184630394,-0.25,-0.15727868303656578,-3.367024064064026,-0.060028024,0.0,-0.052287415,2.0,2.0,-0.066451624,-7.727623,0.008023221045732498,-0.06871372740715742,0.75,0.01743805524893105,0.35610461235046387,-0.13000722881406546,0.027868608944118023,-1.0,-0.17471673828549683,-3.7231286764144897
2023_05_CAR_DET,2023,REG,5,2023-10-08,Sunday,13:00,CAR,24.0,DET,42.0,Home,18.0,66.0,0.0,2023100802,59240.0,,202310080det,,401547464,,7,10,350.0,-455.0,9.5,-110.0,-110.0,43.5,-110.0,-110.0,0,dome,fieldturf,,,00-0039150,00-0033106,Bryce Young,Jared Goff,Frank Reich,Dan Campbell,Adrian Hill,DET00,Ford Field,1.0,0.20303605,0.0,-0.06050636,3.0,3.0,0.2528486,3.1071548,-0.02339378884062171,-0.10311292298138142,-0.5,0.031692939810454845,4.97612065076828,-0.06050636,3.0,0.20303605,0.0,-3.0,-0.07971092,2.1979342,-0.10885748942382634,0.005832514027133584,-0.25,-0.15671624708920717,-0.6232877969741821,0.08546370058320463,-0.108945437008515,-0.25,0.18840918689966202,5.599408447742462
2023_05_TEN_IND,2023,REG,5,2023-10-08,Sunday,13:00,TEN,16.0,IND,23.0,Home,7.0,39.0,0.0,2023100803,59241.0,,202310080clt,,401547458,,7,7,-142.0,120.0,-2.5,-110.0,-110.0,43.5,-110.0,-110.0,1,open,fieldturf,,,00-0029701,00-0039164,Ryan Tannehill,Anthony Richardson,Mike Vrabel,Shane Steichen,Brad Rogers,IND00,Lucas Oil Stadium,1.0,0.15663715,0.0,0.09167711,1.0,1.0,0.20651487,13.059071,-0.07431979198008776,-0.07420401461422443,0.5,-0.0683606481179595,-5.904263138771057,0.09167711,1.0,0.15663715,0.0,-1.0,0.09970399,1.619977,-0.03646300546824932,-0.044395724311470985,0.0,-0.11193929566070437,0.8255177736282349,-0.037856786511838436,-0.02980829030275345,0.5,0.043578647542744875,-6.729780912399292
2023_05_NYG_MIA,2023,REG,5,2023-10-08,Sunday,13:00,NYG,16.0,MIA,31.0,Home,15.0,47.0,0.0,2023100804,59242.0,,202310080mia,,401547465,,6,7,525.0,-750.0,12.5,-110.0,-110.0,47.5,-108.0,-112.0,0,outdoors,grass,88.0,8.0,00-0035710,00-0036212,Daniel Jones,Tua Tagovailoa,Brian Daboll,Mike McDaniel,Ron Torbert,MIA00,Hard Rock Stadium,1.0,0.060081255,3.0,-0.101178214,0.0,-3.0,0.097473584,9.305503,0.1786698531359434,0.08233862929046154,0.0,0.28798916772939265,8.335481882095337,-0.101178214,0.0,0.060081255,3.0,3.0,-0.16425444,8.444876,-0.21148512326180935,0.05049964599311352,-2.0,-0.23095188289880753,0.46830683946609497,0.39015497639775276,0.03183898329734802,2.0,0.5189410506282002,7.867175042629242
2023_05_NO_NE,2023,REG,5,2023-10-08,Sunday,13:00,NO,34.0,NE,0.0,Home,-34.0,34.0,0.0,2023100805,59243.0,,202310080nwe,,401547459,,7,7,114.0,-135.0,2.5,-110.0,-110.0,38.5,-110.0,-110.0,0,outdoors,fieldturf,61.0,10.0,00-0031280,00-0036972,Derek Carr,Mac Jones,Dennis Allen,Bill Belichick,Alex Kemp,BOS00,Gillette Stadium,0.0,-0.6236966,3.0,-0.028476441,0.0,-3.0,-0.78287506,-15.9181,-0.1975883934646845,-0.04125189408659935,-1.25,-0.19210926338564605,-4.069038510322571,-0.028476441,0.0,-0.6236966,3.0,3.0,0.023541689,10.194664,-0.1313479149248451,-0.07534665358252823,0.0,-0.11878297943621874,-0.17189058661460876,-0.06624047853983939,0.034094759495928884,-1.25,-0.0733262839494273,-3.897147923707962
2023_05_BAL_PIT,2023,REG,5,2023-10-08,Sunday,13:00,BAL,10.0,PIT,17.0,Home,7.0,27.0,0.0,2023100806,59244.0,,202310080pit,,401547460,,7,7,-230.0,190.0,-4.5,-112.0,-108.0,38.5,-110.0,-110.0,1,outdoors,grass,53.0,13.0,00-0034796,00-0038102,Lamar Jackson,Kenny Pickett,John Harbaugh,Mike Tomlin,Carl Cheffers,PIT00,Acrisure Stadium,1.0,-0.05955363,0.0,-0.12164395,4.0,4.0,-0.028253054,-5.963686,-0.18924855114892125,-0.021922070533037186,0.75,-0.24970349669456482,-6.162583261728287,-0.12164395,4.0,-0.05955363,0.0,-4.0,-0.22795379,-3.431468,-0.028526627691462636,-0.14755897223949432,0.0,0.019302775152027607,9.401642873883247,-0.16072192345745862,0.12563690170645714,0.75,-0.2690062718465924,-15.564226135611534
2023_05_CIN_ARI,2023,REG,5,2023-10-08,Sunday,16:05,CIN,34.0,ARI,20.0,Home,-14.0,54.0,0.0,2023100807,59245.0,,202310080crd,,401547466,,7,7,-170.0,142.0,-3.0,-120.0,100.0,45.5,-110.0,-110.0,0,closed,grass,,,00-0036442,00-0033949,Joe Burrow,Joshua Dobbs,Zac Taylor,Jonathan Gannon,Clay Martin,PHO00,State Farm Stadium,0.0,-0.27976376,3.0,-0.00716832,1.0,-2.0,-0.2948153,-14.584317,0.032917335629463196,0.10056341346353292,0.75,0.04211297258734703,5.61930388212204,-0.00716832,1.0,-0.27976376,3.0,2.0,0.0077578137,9.692201,-0.15638848394155502,0.00748567096889019,0.5,-0.18275550659745932,-5.61561244726181,0.18930581957101822,0.09307774249464273,0.25,0.22486847918480635,11.23491632938385
2023_05_PHI_LA,2023,REG,5,2023-10-08,Sunday,16:05,PHI,23.0,LA,14.0,Home,-9.0,37.0,0.0,2023100808,59246.0,,202310080ram,,401547467,,7,7,-192.0,160.0,-3.5,-110.0,-110.0,50.5,-110.0,-110.0,0,dome,matrixturf,,,00-0036389,00-0026498,Jalen Hurts,Matthew Stafford,Nick Sirianni,Sean McVay,Bill Vinovich,LAX01,SoFi Stadium,0.0,-0.0159622,0.0,0.13414678,1.0,1.0,-0.0026905818,-7.5221562,0.0352708762511611,-0.006714740768074989,-0.75,0.06869031488895416,-3.7459737807512283,0.13414678,1.0,-0.0159622,0.0,-1.0,0.14865531,3.8916128,0.08130191825330257,-0.01901296153664589,0.5,0.0656141396611929,8.37924325466156,-0.046031042002141476,0.0122982207685709,-1.25,0.0030761752277612686,-12.125217035412788
2023_05_NYJ_DEN,2023,REG,5,2023-10-08,Sunday,16:25,NYJ,31.0,DEN,21.0,Home,-10.0,52.0,0.0,2023100809,59247.0,,202310080den,,401547461,,7,7,114.0,-135.0,2.5,-110.0,-110.0,42.5,-110.0,-110.0,0,outdoors,grass,73.0,9.0,00-0037013,00-0029263,Zach Wilson,Russell Wilson,Robert Saleh,Sean Payton,John Hussey,DEN00,Empower Field at Mile High,0.0,-0.09478609,3.0,0.079431616,2.0,-1.0,-0.2195638,3.7973156,0.05091607477515936,0.19612996466457844,-0.5,0.05406011300510727,8.770581901073456,0.079431616,2.0,-0.09478609,3.0,1.0,0.0026162902,7.181785,-0.14987426018342376,-0.026347696781158447,0.0,-0.24573178542777896,-2.561630964279175,0.20079033495858312,0.22247766144573689,-0.5,0.29979189843288623,11.33221286535263
2023_05_KC_MIN,2023,REG,5,2023-10-08,Sunday,16:25,KC,27.0,MIN,20.0,Home,-7.0,47.0,0.0,2023100810,59248.0,,202310080min,,401547462,,7,7,-180.0,150.0,-3.5,-105.0,-115.0,52.5,-110.0,-110.0,0,dome,sportturf,,,00-0033873,00-0029604,Patrick Mahomes,Kirk Cousins,Andy Reid,Kevin O'Connell,Land Clark,MIN01,U.S. Bank Stadium,0.0,0.022076651,1.0,0.13343385,0.0,-1.0,0.00031191556,-3.3723168,-0.02944522799225524,-0.015771825797855854,-1.5,-0.05132241852697916,4.110094726085663,0.13343385,0.0,0.022076651,1.0,1.0,0.17194155,9.968655,0.04398451966699213,-0.1143381567671895,-0.25,0.10090671479701996,0.04621624946594238,-0.07342974765924737,0.09856633096933365,-1.25,-0.15222913332399912,4.0638784766197205
2023_05_DAL_SF,2023,REG,5,2023-10-08,Sunday,20:20,DAL,10.0,SF,42.0,Home,32.0,52.0,0.0,2023100811,59249.0,,202310080sfo,,401547354,,7,7,150.0,-180.0,3.5,-115.0,-105.0,45.0,-105.0,-115.0,0,outdoors,grass,78.0,10.0,00-0033077,00-0037834,Dak Prescott,Brock Purdy,Mike McCarthy,Kyle Shanahan,Alan Eck,SFO01,Levi's Stadium,1.0,0.13731723,1.0,-0.34884444,4.0,3.0,0.20159002,6.0308266,0.1938119400292635,-0.07940943259745836,1.0,0.246074590831995,8.74509772658348,-0.34884444,4.0,0.13731723,1.0,-3.0,-0.4466797,-2.2637854,0.0663377782329917,-0.26651275157928467,2.25,0.0732550173997879,2.7329431772232056,0.1274741617962718,0.1871033189818263,-1.25,0.1728195734322071,6.012154549360275
2023_05_GB_LV,2023,REG,5,2023-10-09,Monday,20:15,GB,13.0,LV,17.0,Home,4.0,30.0,0.0,2023100900,59250.0,,202310090rai,,401547468,,11,8,-102.0,-118.0,1.0,-110.0,-110.0,45.0,-110.0,-110.0,0,dome,grass,,,00-0036264,00-0031345,Jordan Love,Jimmy Garoppolo,Matt LaFleur,Josh McDaniels,Alan Eck,VEG00,Allegiant Stadium,1.0,-0.13196145,1.0,-0.18475471,3.0,2.0,-0.07997264,0.24694814,-0.05245605856180191,0.07292835833504796,-2.25,-0.1006903350353241,0.9247887134552002,-0.18475471,3.0,-0.13196145,1.0,-2.0,-0.18736117,-15.986551,-0.01320699043571949,-0.033767842687666416,0.25,-0.005400118185207248,-5.414101481437683,-0.03924906812608242,0.10669620102271438,-2.5,-0.09529021685011685,6.338890194892883
2023_06_DEN_KC,2023,REG,6,2023-10-12,Thursday,20:15,DEN,8.0,KC,19.0,Home,11.0,27.0,0.0,2023101200,59251.0,,202310120kan,,401547469,,4,4,470.0,-650.0,10.5,-108.0,-112.0,47.5,-112.0,-108.0,1,outdoors,grass,,,00-0029263,00-0033873,Russell Wilson,Patrick Mahomes,Sean Payton,Andy Reid,Shawn Hochuli,KAN00,GEHA Field at Arrowhead Stadium,1.0,-0.011496313,1.0,-0.20509948,3.0,2.0,-0.028222412,4.613428,0.09721748752053827,-0.0972577752545476,0.0,0.1803257204592228,4.093379020690918,-0.20509948,3.0,-0.011496313,1.0,-2.0,-0.32045555,-11.658618,0.011609630659222603,0.1850930005311966,-1.0,-0.00040108710527420044,5.980771958827972,0.08560785686131567,-0.2823507757857442,1.0,0.180726807564497,-1.8873929381370544
2023_06_BAL_TEN,2023,REG,6,2023-10-15,Sunday,09:30,BAL,24.0,TEN,16.0,Neutral,-8.0,40.0,0.0,2023101500,59252.0,,202310150oti,,401547229,,7,7,-250.0,205.0,-5.5,-112.0,-108.0,42.5,-110.0,-110.0,0,outdoors,,,,00-0034796,00-0029701,Lamar Jackson,Ryan Tannehill,John Harbaugh,Mike Vrabel,Bill Vinovich,LON02,Tottenham Stadium,0.0,-0.05934855,1.0,0.07317869,2.0,1.0,-0.19703887,-0.4664116,0.027007341384887695,0.04240274988114834,0.0,-0.031377875711768866,6.052910208702087,0.07317869,2.0,-0.05934855,1.0,-1.0,0.022584857,4.9234776,-0.045753237092867494,-0.10416520945727825,-0.75,-0.02409452572464943,5.697719171643257,0.07276057847775519,0.1465679593384266,0.75,-0.007283349987119436,0.35519103705883026
2023_06_WAS_ATL,2023,REG,6,2023-10-15,Sunday,13:00,WAS,24.0,ATL,16.0,Home,-8.0,40.0,0.0,2023101501,59253.0,,202310150atl,,401547470,,10,7,105.0,-125.0,1.5,-108.0,-112.0,42.0,-110.0,-110.0,0,closed,fieldturf,,,00-0037077,00-0038122,Sam Howell,Desmond Ridder,Ron Rivera,Arthur Smith,Clete Blakeman,ATL97,Mercedes-Benz Stadium,0.0,-0.13286178,3.0,-0.037138466,0.0,-3.0,-0.17202878,-3.1670976,-0.1189338294789195,-0.002527667209506035,-1.5,-0.1329653114080429,-2.9078209400177,-0.037138466,0.0,-0.13286178,3.0,3.0,-0.0323738,1.8501573,-0.05672345124185085,0.17542682029306889,-1.0,-0.07436487637460232,7.766778123565018,-0.06221037823706865,-0.17795448750257492,-0.5,-0.05860043503344059,-10.674599063582718
2023_06_MIN_CHI,2023,REG,6,2023-10-15,Sunday,13:00,MIN,19.0,CHI,13.0,Home,-6.0,32.0,0.0,2023101502,59254.0,,202310150chi,,401547475,,7,10,-166.0,140.0,-3.0,-115.0,-105.0,44.5,-112.0,-108.0,1,outdoors,grass,53.0,16.0,00-0029604,00-0036945,Kirk Cousins,Justin Fields,Kevin O'Connell,Matt Eberflus,Brad Allen,CHI98,Soldier Field,0.0,-0.2495267,3.0,-0.16540872,1.0,-2.0,-0.36363378,-2.4088569,-0.013034084811806679,0.07831835746765137,-0.5,-0.014881368726491928,3.16106591373682,-0.16540872,1.0,-0.2495267,3.0,2.0,-0.19431962,1.3472099,0.006204285833518952,0.029000258073210716,-1.0,-0.018233450209663715,2.0190123915672302,-0.01923837064532563,0.04931809939444065,0.5,0.003352081483171787,1.14205352216959
2023_06_SEA_CIN,2023,REG,6,2023-10-15,Sunday,13:00,SEA,13.0,CIN,17.0,Home,4.0,30.0,0.0,2023101503,59255.0,,202310150cin,,401547471,,13,7,130.0,-155.0,3.0,-112.0,-108.0,45.5,-108.0,-112.0,0,outdoors,fieldturf,57.0,15.0,00-0030565,00-0036442,Geno Smith,Joe Burrow,Pete Carroll,Zac Taylor,Adrian Hill,CIN00,Paycor Stadium,1.0,-0.026071943,1.0,-0.055370197,2.0,1.0,-0.10075903,-1.35602,-0.05546957184560597,-0.03813616558909416,0.5,-0.06447461131028831,1.5060856938362122,-0.055370197,2.0,-0.026071943,1.0,-1.0,-0.06760868,13.734391,0.01637521106749773,-0.053393389796838164,1.25,0.057563310489058495,1.9753736555576324,-0.0718447829131037,0.015257224207744002,-0.75,-0.1220379217993468,-0.4692879617214203
2023_06_SF_CLE,2023,REG,6,2023-10-15,Sunday,13:00,SF,17.0,CLE,19.0,Home,2.0,36.0,0.0,2023101504,59256.0,,202310150cle,,401547476,,7,14,-470.0,360.0,-9.5,-115.0,-105.0,36.0,-110.0,-110.0,0,outdoors,grass,53.0,15.0,00-0037834,00-0033275,Brock Purdy,Phillip Walker,Kyle Shanahan,Kevin Stefanski,John Hussey,CLE00,FirstEnergy Stadium,1.0,-0.15377297,2.0,-0.19279018,1.0,-1.0,-0.1952681,-11.441266,-0.12410273589193821,-0.2259412093553692,-1.75,-0.20996158849447966,-1.1849136352539062,-0.19279018,1.0,-0.15377297,2.0,1.0,-0.19412103,-14.019421,0.20098284259438515,-0.09770641941577196,1.5,0.25672608986496925,9.467706173658371,-0.32508557848632336,-0.12823478993959725,-3.25,-0.4666876783594489,-10.652619808912277
2023_06_NO_HOU,2023,REG,6,2023-10-15,Sunday,13:00,NO,13.0,HOU,20.0,Home,7.0,33.0,0.0,2023101505,59257.0,,202310150htx,,401547477,,7,7,-130.0,110.0,-2.0,-110.0,-110.0,42.5,-112.0,-108.0,0,closed,astroturf,,,00-0031280,00-0039163,Derek Carr,C.J. Stroud,Dennis Allen,DeMeco Ryans,Alan Eck,HOU00,NRG Stadium,1.0,0.02499033,2.0,-0.058574736,1.0,-1.0,-0.035225164,-10.150207,0.05129838548600674,-0.06860120221972466,1.0,0.06955387187190354,-0.43337929248809814,-0.058574736,1.0,0.02499033,2.0,1.0,0.035522785,5.858012,-0.09082783781923354,-0.19071973976679146,0.5,-0.08942136447876692,0.8385960161685944,0.14212622330524027,0.12211853754706681,0.5,0.15897523635067046,-1.2719753086566925
2023_06_IND_JAX,2023,REG,6,2023-10-15,Sunday,13:00,IND,20.0,JAX,37.0,Home,17.0,57.0,0.0,2023101506,59258.0,,202310150jax,,401547472,,7,7,170.0,-205.0,4.0,-110.0,-110.0,44.0,-110.0,-110.0,1,outdoors,grass,,,00-0035289,00-0036971,Gardner Minshew,Trevor Lawrence,Shane Steichen,Doug Pederson,Alex Kemp,JAX00,TIAA Bank Stadium,1.0,0.06833019,1.0,-0.14551142,4.0,3.0,-0.07553166,6.424733,0.0017212629318237305,0.03636328352149576,0.25,-0.06128897448070347,-0.25487226247787476,-0.14551142,4.0,0.06833019,1.0,-3.0,-0.20753889,-4.1322083,0.05383423622697592,0.0032014362514019012,1.0,0.08294920716434717,0.03968203067779541,-0.05211297329515219,0.03316184727009386,-0.75,-0.14423818164505064,-0.29455429315567017
2023_06_CAR_MIA,2023,REG,6,2023-10-15,Sunday,13:00,CAR,21.0,MIA,42.0,Home,21.0,63.0,0.0,2023101507,59259.0,,202310150mia,,401547473,,7,7,700.0,-1100.0,14.0,-110.0,-110.0,47.5,-112.0,-108.0,0,outdoors,grass,87.0,12.0,00-0039150,00-0036212,Bryce Young,Tua Tagovailoa,Frank Reich,Mike McDaniel,Craig Wrolstad,MIA00,Hard Rock Stadium,1.0,0.16605426,1.0,-0.10773993,0.0,-1.0,0.17893997,4.0026603,0.13830132130533457,0.024245059117674828,-0.25,0.2354608962778002,10.480668544769287,-0.10773993,0.0,0.16605426,1.0,1.0,-0.14276293,3.6430423,-0.07065962185151875,0.07271355972625315,-0.25,-0.10919256042689085,1.3047120571136475,0.20896094315685332,-0.048468500608578324,0.0,0.34465345670469105,9.17595648765564
2023_06_NE_LV,2023,REG,6,2023-10-15,Sunday,16:05,NE,17.0,LV,21.0,Home,4.0,38.0,0.0,2023101509,59261.0,,202310150rai,,401547474,,7,6,124.0,-148.0,3.0,-118.0,-102.0,41.5,-110.0,-110.0,0,dome,grass,,,00-0036972,00-0031345,Mac Jones,Jimmy Garoppolo,Bill Belichick,Josh McDaniels,Brad Rogers,VEG00,Allegiant Stadium,1.0,0.010743424,1.0,-0.02921948,1.0,0.0,0.01170163,-4.2676373,-0.11634128913283348,0.011129758786410093,-1.5,-0.1630973033607006,-2.2814061902463436,-0.02921948,1.0,0.010743424,1.0,0.0,-0.005582905,1.7433118,-0.3118978161364794,-0.03438243502750993,-1.75,-0.3368726660264656,-7.270525693893433,0.1955565270036459,0.04551219381392002,0.25,0.173775362665765,4.989119503647089
2023_06_ARI_LA,2023,REG,6,2023-10-15,Sunday,16:25,ARI,9.0,LA,26.0,Home,17.0,35.0,0.0,2023101510,59262.0,,202310150ram,,401547479,,7,7,270.0,-340.0,7.0,-105.0,-115.0,48.0,-110.0,-110.0,1,dome,matrixturf,,,00-0033949,00-0026498,Joshua Dobbs,Matthew Stafford,Jonathan Gannon,Sean McVay,Ron Torbert,LAX01,SoFi Stadium,1.0,0.055935994,0.0,-0.15245877,3.0,3.0,0.13998911,3.3442965,-0.01604583626613021,0.04181321617215872,-0.5,-0.0004896964528597891,-5.520031273365021,-0.15245877,3.0,0.055935994,0.0,-3.0,-0.2617713,-10.085996,0.025498099625110626,0.14865887886844575,0.0,0.056421924382448196,1.4653693437576294,-0.041543935891240835,-0.10684566269628704,-0.5,-0.056911620835307986,-6.98540061712265
2023_06_PHI_NYJ,2023,REG,6,2023-10-15,Sunday,16:25,PHI,14.0,NYJ,20.0,Home,6.0,34.0,0.0,2023101511,59263.0,,202310150nyj,,401547480,,7,7,-305.0,245.0,-6.5,-115.0,-105.0,43.0,-105.0,-115.0,0,outdoors,fieldturf,59.0,11.0,00-0036389,00-0037013,Jalen Hurts,Zach Wilson,Nick Sirianni,Robert Saleh,Scott Novak,NYC01,MetLife Stadium,1.0,-0.08026988,0.0,-0.1514784,4.0,4.0,-0.13755123,-9.012882,-0.12614141684025526,-0.02159309573471546,-0.5,-0.2332245124853216,-2.3708553314208984,-0.1514784,4.0,-0.08026988,0.0,-4.0,-0.12189453,-3.0454319,0.1288271825760603,0.01861122203990817,0.0,0.14005151204764843,7.327971518039703,-0.25496859941631556,-0.04020431777462363,-0.5,-0.37327602453297004,-9.698826849460602
2023_06_DET_TB,2023,REG,6,2023-10-15,Sunday,16:25,DET,20.0,TB,6.0,Home,-14.0,26.0,0.0,2023101508,59260.0,,202310150tam,,401547478,,7,14,-162.0,136.0,-3.0,-115.0,-105.0,43.5,-112.0,-108.0,0,outdoors,grass,77.0,13.0,00-0033106,00-0034855,Jared Goff,Baker Mayfield,Dan Campbell,Todd Bowles,Clay Martin,TAM00,Raymond James Stadium,0.0,-0.19991376,1.0,0.038574826,0.0,-1.0,-0.24320048,-10.475925,-0.04094083164818585,-0.09757974371314049,1.75,-0.005209210328757763,5.719600021839142,0.038574826,0.0,-0.19991376,1.0,1.0,0.14831966,2.994938,0.03892644355073571,-0.09836500696837902,0.25,0.08320085238665342,5.781836569309235,-0.07986727519892156,0.000785263255238533,1.5,-0.08841006271541119,-0.06223654747009277
2023_06_NYG_BUF,2023,REG,6,2023-10-15,Sunday,20:20,NYG,9.0,BUF,14.0,Home,5.0,23.0,0.0,2023101512,59264.0,,202310150buf,,401547481,,7,7,750.0,-1200.0,15.5,-110.0,-110.0,43.5,-110.0,-110.0,0,outdoors,a_turf,46.0,7.0,00-0028118,00-0034857,Tyrod Taylor,Josh Allen,Brian Daboll,Sean McDermott,Tra Blake,BUF00,New Era Field,1.0,-0.08328888,2.0,-0.0991765,0.0,-2.0,-0.017308053,-2.1649904,0.22864463180303574,-0.11330408230423927,2.25,0.2874380052089691,11.17531132698059,-0.0991765,0.0,-0.08328888,2.0,2.0,-0.15634067,9.364541,-0.11151857860386372,0.04000470880419016,-0.5,-0.15674981102347374,5.485499203205109,0.34016321040689945,-0.15330879110842943,2.75,0.44418781623244286,5.689812123775482
2023_06_DAL_LAC,2023,REG,6,2023-10-16,Monday,20:15,DAL,20.0,LAC,17.0,Home,-3.0,37.0,0.0,2023101600,59265.0,,202310160sdg,,401547482,,8,15,-130.0,110.0,-1.5,-112.0,-108.0,49.5,-108.0,-112.0,0,dome,matrixturf,,,00-0033077,00-0036355,Dak Prescott,Justin Herbert,Mike McCarthy,Brandon Staley,Land Clark,LAX01,SoFi Stadium,0.0,-0.059428427,2.0,0.00015276443,0.0,-2.0,-0.10898622,-6.0668716,0.04154767468571663,0.037439943465869874,1.25,0.10142925940454006,4.5977606773376465,0.00015276443,0.0,-0.059428427,2.0,2.0,0.07469932,1.7032558,-0.046388582326471806,-0.10692234709858894,0.75,-0.05339234974235296,4.975878596305847,0.08793625701218843,0.14436229056445882,0.5,0.15482160914689302,-0.3781179189682007
2023_07_JAX_NO,2023,REG,7,2023-10-19,Thursday,20:15,JAX,31.0,NO,24.0,Home,-7.0,55.0,0.0,2023101900,59266.0,,202310190nor,,401547483,,4,4,124.0,-148.0,2.5,-108.0,-112.0,41.0,-110.0,-110.0,0,dome,sportturf,,,00-0036971,00-0031280,Trevor Lawrence,Derek Carr,Doug Pederson,Dennis Allen,Land Clark,NOR00,Mercedes-Benz Superdome,0.0,-0.10315605,2.0,-0.025380634,1.0,-1.0,-0.12696913,-7.4282193,-0.10804930748417974,-0.17168812616728246,0.75,-0.09045151062309742,2.5884934067726135,-0.025380634,1.0,-0.10315605,2.0,1.0,-0.04199916,-2.7865906,0.04668851010501385,-0.0015262328088283539,1.0,0.003625311655923724,4.3762341141700745,-0.15473781758919358,-0.1701618933584541,-0.25,-0.09407682227902114,-1.787740707397461
2023_07_DET_BAL,2023,REG,7,2023-10-22,Sunday,13:00,DET,6.0,BAL,38.0,Home,32.0,44.0,0.0,2023102200,59267.0,,202310220rav,,401547489,,7,7,136.0,-162.0,3.0,-105.0,-115.0,43.5,-108.0,-112.0,0,outdoors,grass,62.0,16.0,00-0033106,00-0034796,Jared Goff,Lamar Jackson,Dan Campbell,John Harbaugh,Brad Rogers,BAL00,M&T Bank Stadium,1.0,0.3589953,1.0,-0.12766095,1.0,0.0,0.47323,9.355769,-0.047542266780510545,-0.12788969185203314,-1.25,-0.0787927727214992,5.471201494336128,-0.12766095,1.0,0.3589953,1.0,0.0,-0.15742409,-1.7652696,0.05499470140784979,-0.17186572402715683,1.25,0.130875694565475,3.2610090374946594,-0.10253696818836033,0.04397603217512369,-2.5,-0.2096684672869742,2.210192456841469
2023_07_LV_CHI,2023,REG,7,2023-10-22,Sunday,13:00,LV,12.0,CHI,30.0,Home,18.0,42.0,0.0,2023102201,59268.0,,202310220chi,,401547490,,7,7,-142.0,120.0,-2.5,-110.0,-110.0,38.5,-110.0,-110.0,0,outdoors,grass,52.0,8.0,00-0026625,00-0038416,Brian Hoyer,Tyson Bagent,Josh McDaniels,Matt Eberflus,Clay Martin,CHI98,Soldier Field,1.0,0.08911499,0.0,-0.15046558,3.0,3.0,0.18971875,-1.4100885,-0.05237873084843159,0.026860138401389122,-0.5,-0.06460132449865341,5.194463707506657,-0.15046558,3.0,0.08911499,0.0,-3.0,-0.23886536,-7.058991,-0.0833493210375309,-0.06197592709213495,-0.75,-0.09488188428804278,-4.112135913223028,0.030970590189099312,0.08883606549352407,0.25,0.030280559789389372,9.306599620729685
2023_07_CLE_IND,2023,REG,7,2023-10-22,Sunday,13:00,CLE,39.0,IND,38.0,Home,-1.0,77.0,0.0,2023102202,59269.0,,202310220clt,,401547484,,7,7,-180.0,150.0,-3.5,-108.0,-112.0,40.0,-110.0,-110.0,0,open,fieldturf,,,00-0033537,00-0035289,Deshaun Watson,Gardner Minshew,Kevin Stefanski,Shane Steichen,Shawn Smith,IND00,Lucas Oil Stadium,0.0,-0.103335895,4.0,-0.06665986,2.0,-2.0,-0.05101486,0.3849931,-0.016690791584551334,0.029127266258001328,0.0,-0.03308167587965727,-2.6753193140029907,-0.06665986,2.0,-0.103335895,4.0,2.0,-0.16354895,-22.18231,-0.13822687417268753,-0.17142776236869395,-1.5,-0.22395902406424284,-2.325692296028137,0.1215360825881362,0.20055502862669528,1.5,0.19087734818458557,-0.3496270179748535
2023_07_BUF_NE,2023,REG,7,2023-10-22,Sunday,13:00,BUF,25.0,NE,29.0,Home,4.0,54.0,0.0,2023102203,59270.0,,202310220nwe,,401547485,,7,7,-395.0,310.0,-7.5,-110.0,-110.0,41.0,-110.0,-110.0,1,outdoors,fieldturf,55.0,13.0,00-0034857,00-0036972,Josh Allen,Mac Jones,Sean McDermott,Bill Belichick,Clete Blakeman,BOS00,Gillette Stadium,1.0,0.07791508,1.0,0.06832849,2.0,1.0,0.1569333,9.503168,-0.3104790938086808,-0.04854387464001775,-1.5,-0.3183671613223851,-8.695331245660782,0.06832849,2.0,0.07791508,1.0,-1.0,0.15896142,6.70945,0.14202159643173218,-0.1077920962125063,1.0,0.2063973555341363,6.860479116439819,-0.45250069024041295,0.059248221572488546,-2.5,-0.5247645168565214,-15.555810362100601
2023_07_WAS_NYG,2023,REG,7,2023-10-22,Sunday,13:00,WAS,7.0,NYG,14.0,Home,7.0,21.0,0.0,2023102204,59271.0,,202310220nyg,,401547486,,7,7,-162.0,136.0,-3.0,-108.0,-112.0,37.0,-112.0,-108.0,1,outdoors,fieldturf,54.0,14.0,00-0037077,00-0028118,Sam Howell,Tyrod Taylor,Ron Rivera,Brian Daboll,John Hussey,NYC01,MetLife Stadium,1.0,-0.07408548,1.0,-0.1425777,2.0,1.0,-0.05117554,0.6105468,-0.1722540482878685,-0.003126435913145542,0.25,-0.251432329416275,6.308505117893219,-0.1425777,2.0,-0.07408548,1.0,-1.0,-0.230171,-3.2171602,-0.09801807533949614,0.1154683418571949,-0.75,-0.1327205542474985,5.997281801886857,-0.07423597294837236,-0.11859477777034044,1.0,-0.11871177516877651,0.31122331600636244
2023_07_ATL_TB,2023,REG,7,2023-10-22,Sunday,13:00,ATL,16.0,TB,13.0,Home,-3.0,29.0,0.0,2023102205,59272.0,,202310220tam,,401547491,,7,7,124.0,-148.0,3.0,-115.0,-105.0,37.5,-115.0,-105.0,1,outdoors,grass,79.0,3.0,00-0038122,00-0034855,Desmond Ridder,Baker Mayfield,Arthur Smith,Todd Bowles,Ron Torbert,TAM00,Raymond James Stadium,0.0,-0.070172295,2.0,-0.011032456,3.0,1.0,-0.13255855,-1.9462546,-0.0795056486967951,-0.0578056862577796,0.75,-0.03989358898252249,3.848341464996338,-0.011032456,3.0,-0.070172295,2.0,-1.0,-0.047359508,15.261376,-0.16190414875745773,-0.026439501903951168,-2.0,-0.20474106073379517,-2.678189754486084,0.08239850006066263,-0.03136618435382843,2.75,0.16484747175127268,6.526531219482422
2023_07_PIT_LA,2023,REG,7,2023-10-22,Sunday,16:05,PIT,24.0,LA,17.0,Home,-7.0,41.0,0.0,2023102206,59273.0,,202310220ram,,401547492,,14,7,145.0,-175.0,3.5,-118.0,-102.0,44.0,-112.0,-108.0,0,dome,matrixturf,,,00-0038102,00-0026498,Kenny Pickett,Matthew Stafford,Mike Tomlin,Sean McVay,Craig Wrolstad,LAX01,SoFi Stadium,0.0,-0.13838717,1.0,-0.00241962,0.0,-1.0,-0.04322662,-19.661905,0.003239623736590147,-0.02504261676222086,0.75,0.04552494402742013,-2.2216747403144836,-0.00241962,0.0,-0.13838717,1.0,1.0,0.060223922,4.6205473,-0.13522283593192697,-0.07949146255850792,2.0,-0.17112028738483787,-8.172532469034195,0.1384624596685171,0.05444884579628706,-1.25,0.216645231412258,5.950857728719711
2023_07_ARI_SEA,2023,REG,7,2023-10-22,Sunday,16:05,ARI,10.0,SEA,20.0,Home,10.0,30.0,0.0,2023102207,59274.0,,202310220sea,,401547493,,7,7,350.0,-455.0,9.5,-112.0,-108.0,43.5,-110.0,-110.0,1,outdoors,fieldturf,56.0,5.0,00-0033949,00-0030565,Joshua Dobbs,Geno Smith,Jonathan Gannon,Pete Carroll,Scott Novak,SEA00,Lumen Field,1.0,-0.0047256267,2.0,-0.14743419,1.0,-1.0,0.021397065,12.151967,0.01752392388880253,-0.10723753808997571,1.0,0.06753716245293617,5.722217798233032,-0.14743419,1.0,-0.0047256267,2.0,1.0,-0.21504112,-9.778644,-0.034925518557429314,0.12670153356157243,-1.0,-0.05348853021860123,-2.221785068511963,0.05244944244623184,-0.23393907165154815,2.0,0.1210256926715374,7.944002866744995
2023_07_GB_DEN,2023,REG,7,2023-10-22,Sunday,16:25,GB,17.0,DEN,19.0,Home,2.0,36.0,0.0,2023102208,59275.0,,202310220den,,401547487,,13,10,-102.0,-118.0,1.5,-112.0,-108.0,44.0,-110.0,-110.0,0,outdoors,grass,72.0,9.0,00-0036264,00-0029263,Jordan Love,Russell Wilson,Matt LaFleur,Sean Payton,Alex Kemp,DEN00,Empower Field at Mile High,1.0,0.08924996,0.0,0.071993366,1.0,1.0,0.091750264,14.9766035,-0.06640827283263206,0.15020891465246677,-1.0,-0.1139642484486103,2.4302197098731995,0.071993366,1.0,0.08924996,0.0,-1.0,0.13404031,4.82296,-0.08698873780667782,-0.02553092408925295,-0.75,-0.09116575191728771,-8.031674146652222,0.020580464974045753,0.17573983874171972,-0.25,-0.0227984965313226,10.461893856525421
2023_07_LAC_KC,2023,REG,7,2023-10-22,Sunday,16:25,LAC,17.0,KC,31.0,Home,14.0,48.0,0.0,2023102209,59276.0,,202310220kan,,401547488,,6,10,215.0,-265.0,5.5,-105.0,-115.0,48.5,-108.0,-112.0,1,outdoors,grass,72.0,10.0,00-0036355,00-0033873,Justin Herbert,Patrick Mahomes,Brandon Staley,Andy Reid,Tra Blake,KAN00,GEHA Field at Arrowhead Stadium,1.0,0.20355788,2.0,0.040422,2.0,0.0,0.2564195,12.674711,0.09283174760639668,-0.12064794544130564,0.5,0.13707751780748367,4.293331146240234,0.040422,2.0,0.20355788,2.0,0.0,0.04704063,-3.7643263,-0.006108448840677738,-0.01791071092884522,0.25,0.03602531552314758,2.43515682220459,0.09894019644707441,-0.10273723451246042,0.25,0.10105220228433609,1.8581743240356445
2023_07_MIA_PHI,2023,REG,7,2023-10-22,Sunday,20:20,MIA,17.0,PHI,31.0,Home,14.0,48.0,0.0,2023102210,59277.0,,202310220phi,,401547494,,7,7,130.0,-155.0,3.0,-112.0,-108.0,52.0,-110.0,-110.0,0,outdoors,grass,55.0,17.0,00-0036212,00-0036389,Tua Tagovailoa,Jalen Hurts,Mike McDaniel,Nick Sirianni,Brad Allen,PHI00,Lincoln Financial Field,1.0,0.07494215,2.0,-0.13211314,1.0,-1.0,0.10698446,10.153937,0.06202549673616886,-0.024850858841091394,-1.25,0.07392269000411034,3.251799464225769,-0.13211314,1.0,0.07494215,2.0,1.0,-0.15100841,6.344409,0.1629675915464759,0.006033668294548988,-0.75,0.23060971149243414,9.487956404685974,-0.10094209481030703,-0.030884527135640383,-0.5,-0.1566870214883238,-6.236156940460205
2023_07_SF_MIN,2023,REG,7,2023-10-23,Monday,20:15,SF,17.0,MIN,22.0,Home,5.0,39.0,0.0,2023102300,59278.0,,202310230min,,401547495,,8,8,-325.0,260.0,-7.0,-105.0,-115.0,44.5,-110.0,-110.0,0,dome,sportturf,,,00-0037834,00-0029604,Brock Purdy,Kirk Cousins,Kyle Shanahan,Kevin O'Connell,Carl Cheffers,MIN01,U.S. Bank Stadium,1.0,0.055182554,1.0,0.010579775,3.0,2.0,0.16468275,9.525348,-0.0585425038007088,-0.06231350265443325,-0.25,-0.08707269475416979,0.3090636134147644,0.010579775,3.0,0.055182554,1.0,-2.0,0.07834107,1.515424,0.12404415756464005,-0.13084819912910461,1.25,0.17345136031508446,5.544512569904327,-0.18258666136534885,0.06853469647467136,-1.5,-0.26052405506925425,-5.235448956489563
2023_08_TB_BUF,2023,REG,8,2023-10-26,Thursday,20:15,TB,18.0,BUF,24.0,Home,6.0,42.0,0.0,2023102600,59279.0,,202310260buf,,401547496,,4,4,370.0,-485.0,10.0,-112.0,-108.0,43.0,-110.0,-110.0,0,outdoors,a_turf,66.0,10.0,00-0034855,00-0034857,Baker Mayfield,Josh Allen,Todd Bowles,Sean McDermott,Scott Novak,BUF00,New Era Field,1.0,0.074585795,1.0,0.013228503,0.0,-1.0,0.099433824,10.107233,0.11835752241313457,0.018703319132328033,-0.25,0.19182354304939508,9.311947584152222,0.013228503,0.0,0.074585795,1.0,1.0,-0.07420803,-2.5577254,-0.10715476260520518,-0.037526772590354085,0.5,-0.13132016640156507,-0.5362617671489716,0.22551228501833975,0.05623009172268212,-0.75,0.32314370945096016,9.848209351301193
2023_08_HOU_CAR,2023,REG,8,2023-10-29,Sunday,13:00,HOU,13.0,CAR,15.0,Home,2.0,28.0,0.0,2023102900,59280.0,,202310290car,,401547504,,14,14,-162.0,136.0,-3.0,-118.0,-102.0,43.0,-110.0,-110.0,0,outdoors,grass,77.0,14.0,00-0039163,00-0039150,C.J. Stroud,Bryce Young,DeMeco Ryans,Frank Reich,John Hussey,CAR00,Bank of America Stadium,1.0,-0.020776028,0.0,-0.043239992,1.0,1.0,-0.1551667,1.5682126,-0.08481057384051383,0.11164934001863003,0.0,-0.10825145523995161,1.3607513308525085,-0.043239992,1.0,-0.020776028,0.0,-1.0,-0.034739085,-1.0741612,0.06638925010338426,-0.11739205941557884,1.0,0.06462363991886377,-3.3749231696128845,-0.15119982394389808,0.22904139943420887,-1.0,-0.17287509515881538,4.735674500465393
2023_08_LA_DAL,2023,REG,8,2023-10-29,Sunday,13:00,LA,20.0,DAL,43.0,Home,23.0,63.0,0.0,2023102901,59281.0,,202310290dal,,401547505,,7,13,250.0,-310.0,6.5,-105.0,-115.0,44.5,-110.0,-110.0,0,closed,matrixturf,,,00-0026498,00-0033077,Matthew Stafford,Dak Prescott,Sean McVay,Mike McCarthy,Adrian Hill,DAL00,AT&T Stadium,1.0,0.1872307,1.0,-0.122742355,1.0,0.0,0.16298307,9.843991,-0.05967084282019641,-0.04387194383889437,0.25,-0.04897152911871672,2.468578964471817,-0.122742355,1.0,0.1872307,1.0,0.0,-0.15677519,-12.776074,-0.00143836485221982,-0.00838822388323024,0.75,0.06733034871285781,-5.558537065982819,-0.05823247796797659,-0.03548371995566413,-0.5,-0.11630187783157453,8.027116030454636
2023_08_MIN_GB,2023,REG,8,2023-10-29,Sunday,13:00,MIN,24.0,GB,10.0,Home,-14.0,34.0,0.0,2023102902,59282.0,,202310290gnb,,401547506,,6,7,-112.0,-108.0,-1.0,-108.0,-112.0,41.5,-108.0,-112.0,1,outdoors,grass,39.0,8.0,00-0029604,00-0036264,Kirk Cousins,Jordan Love,Kevin O'Connell,Matt LaFleur,Shawn Hochuli,GNB00,Lambeau Field,0.0,-0.17295046,1.0,0.05567647,1.0,0.0,-0.24214661,-3.9750335,-0.08361761458218098,-0.012973308563232422,-1.25,-0.07062636292539537,-3.857818841934204,0.05567647,1.0,-0.17295046,1.0,0.0,0.18624051,10.955221,-0.04396039992570877,-0.07230285671539605,0.5,-0.04586993791599525,2.5630329847335815,-0.039657214656472206,0.059329548152163625,-1.75,-0.024756425009400118,-6.420851826667786
2023_08_NO_IND,2023,REG,8,2023-10-29,Sunday,13:00,NO,38.0,IND,27.0,Home,-11.0,65.0,0.0,2023102903,59283.0,,202310290clt,,401547507,,10,7,-130.0,110.0,-2.0,-110.0,-110.0,43.5,-110.0,-110.0,0,closed,fieldturf,,,00-0031280,00-0035289,Derek Carr,Gardner Minshew,Dennis Allen,Shane Steichen,Craig Wrolstad,IND00,Lucas Oil Stadium,0.0,0.034574773,1.0,0.20672245,1.0,0.0,0.047794145,-10.002287,-0.026257862336933613,0.04650183953344822,-1.0,-0.007272880524396896,-1.7719077989459038,0.20672245,1.0,0.034574773,1.0,0.0,0.33302388,5.0616636,-0.11100802244618535,-0.15835729031823575,0.25,-0.10840281192213297,0.13889920711517334,0.08475016010925174,0.20485912985168397,-1.25,0.10112993139773607,-1.9108070060610771
2023_08_NE_MIA,2023,REG,8,2023-10-29,Sunday,13:00,NE,17.0,MIA,31.0,Home,14.0,48.0,0.0,2023102904,59284.0,,202310290mia,,401547497,,7,7,300.0,-380.0,7.5,-110.0,-110.0,46.5,-110.0,-110.0,1,outdoors,grass,83.0,17.0,00-0036972,00-0036212,Mac Jones,Tua Tagovailoa,Bill Belichick,Mike McDaniel,Land Clark,MIA00,Hard Rock Stadium,1.0,0.025066713,2.0,-0.15212142,1.0,-1.0,0.082463875,-0.7445387,0.011778968386352062,0.05935242399573326,-1.25,0.028381854528561234,6.506272912025452,-0.15212142,1.0,0.025066713,2.0,1.0,-0.18862505,-0.66923124,-0.2607235820032656,0.02742266794666648,-1.25,-0.27739029901567847,-5.0873744785785675,0.2725025503896177,0.03192975604906678,0.0,0.3057721535442397,11.59364739060402
2023_08_NYJ_NYG,2023,REG,8,2023-10-29,Sunday,13:00,NYJ,13.0,NYG,10.0,Home,-3.0,23.0,1.0,2023102905,59285.0,,202310290nyg,,401547498,,14,7,-162.0,136.0,-3.0,-115.0,-105.0,35.0,-112.0,-108.0,0,outdoors,fieldturf,52.0,6.0,00-0037013,00-0028118,Zach Wilson,Tyrod Taylor,Robert Saleh,Brian Daboll,Shawn Smith,NYC01,MetLife Stadium,0.0,-0.3067699,0.0,-0.30903426,2.0,2.0,-0.37252182,-23.493607,-0.16608063876628876,-0.07490191701799631,0.75,-0.20626184437423944,6.645585238933563,-0.30903426,2.0,-0.3067699,0.0,-2.0,-0.41335255,-16.82803,-0.06830137688666582,-0.07278314605355263,1.5,-0.12197349726920947,0.07186603546142578,-0.09777926187962294,-0.0021187709644436836,-0.75,-0.08428834710502997,6.5737192034721375
2023_08_JAX_PIT,2023,REG,8,2023-10-29,Sunday,13:00,JAX,20.0,PIT,10.0,Home,-10.0,30.0,0.0,2023102906,59286.0,,202310290pit,,401547499,,10,7,-135.0,114.0,-2.5,-110.0,-110.0,41.0,-110.0,-110.0,0,outdoors,grass,58.0,2.0,00-0036971,00-0038102,Trevor Lawrence,Kenny Pickett,Doug Pederson,Mike Tomlin,Alan Eck,PIT00,Acrisure Stadium,0.0,-0.19247358,2.0,-0.01893709,3.0,1.0,-0.24144629,-1.8260273,-0.06747495970921591,-0.060010138899087906,1.75,-0.05807284777984023,-3.1887313425540924,-0.01893709,3.0,-0.19247358,2.0,-1.0,-0.0915799,6.5807676,0.07027769088745117,-0.07752311043441296,1.75,0.005807622103020549,2.981420934200287,-0.13775265059666708,0.01751297153532505,0.0,-0.06388046988286078,-6.170152276754379
2023_08_ATL_TEN,2023,REG,8,2023-10-29,Sunday,13:00,ATL,23.0,TEN,28.0,Home,5.0,51.0,0.0,2023102907,59287.0,,202310290oti,,401547500,,7,14,-130.0,110.0,-2.5,-110.0,-110.0,35.0,-110.0,-110.0,0,outdoors,grass,77.0,7.0,00-0038122,00-0039152,Desmond Ridder,Will Levis,Arthur Smith,Mike Vrabel,Clay Martin,NAS00,Nissan Stadium,1.0,0.0071519315,1.0,-0.014868911,1.0,0.0,0.06637834,11.461451,-0.0037690075114369392,0.048340149223804474,0.25,-0.08329757116734982,1.8279889822006226,-0.014868911,1.0,0.0071519315,1.0,0.0,-0.050124843,-2.9038954,-0.0936528502497822,-0.018039694987237453,-2.25,-0.13247720431536436,4.677334785461426,0.08988384273834527,0.06637984421104193,2.5,0.049179633148014545,-2.8493458032608032
2023_08_PHI_WAS,2023,REG,8,2023-10-29,Sunday,13:00,PHI,38.0,WAS,31.0,Home,-7.0,69.0,0.0,2023102908,59288.0,,202310290was,,401547508,,7,7,-305.0,245.0,-7.0,-110.0,-110.0,42.5,-110.0,-110.0,1,outdoors,grass,69.0,4.0,00-0036389,00-0037077,Jalen Hurts,Sam Howell,Nick Sirianni,Ron Rivera,Carl Cheffers,WAS00,FedExField,0.0,0.065565854,1.0,0.22015448,2.0,1.0,0.068715625,8.419226,-0.02664585318416357,0.056200774386525154,0.0,-0.040570901706814766,5.18764054775238,0.22015448,2.0,0.065565854,1.0,-1.0,0.18448766,15.330002,0.061717184260487556,-0.020581452641636133,-1.5,0.07780297473073006,5.3743815422058105,-0.08836303744465113,0.07678222702816129,1.5,-0.11837387643754482,-0.18674099445343018
2023_08_CLE_SEA,2023,REG,8,2023-10-29,Sunday,16:05,CLE,20.0,SEA,24.0,Home,4.0,44.0,0.0,2023102909,59289.0,,202310290sea,,401547509,,7,7,164.0,-198.0,4.0,-110.0,-110.0,39.5,-112.0,-108.0,0,outdoors,fieldturf,47.0,3.0,00-0033275,00-0030565,Phillip Walker,Geno Smith,Kevin Stefanski,Pete Carroll,Bill Vinovich,SEA00,Lumen Field,1.0,0.007908214,2.0,-0.02502742,3.0,1.0,0.06915861,-0.40511814,-0.0071797610726207495,-0.13767153420485556,0.0,0.012028462253510952,4.827240228652954,-0.02502742,3.0,0.007908214,2.0,-1.0,-0.08579944,-3.503494,-0.1008137222379446,-0.12890895479358733,-0.5,-0.212787295691669,-5.990281343460083,0.09363396116532385,-0.008762579411268234,0.5,0.22481575794517994,10.817521572113037
2023_08_BAL_ARI,2023,REG,8,2023-10-29,Sunday,16:25,BAL,31.0,ARI,24.0,Home,-7.0,55.0,0.0,2023102910,59290.0,,202310290crd,,401547501,,7,7,-500.0,380.0,-9.5,-110.0,-110.0,44.5,-110.0,-110.0,0,closed,grass,,,00-0034796,00-0033949,Lamar Jackson,Joshua Dobbs,John Harbaugh,Jonathan Gannon,Tra Blake,PHO00,State Farm Stadium,0.0,-0.09849318,2.0,0.02126024,0.0,-2.0,-0.19273664,2.652353,-0.12541324831545353,0.11279185023158789,-1.0,-0.16191484406590462,-7.292381763458252,0.02126024,0.0,-0.09849318,2.0,2.0,0.033100784,-0.92153156,0.07624609372578561,-0.14353802520781755,-0.75,0.07571343006566167,7.600351452827454,-0.20165934204123914,0.25632987543940544,-0.25,-0.23762827413156629,-14.892733216285706
2023_08_KC_DEN,2023,REG,8,2023-10-29,Sunday,16:25,KC,9.0,DEN,24.0,Home,15.0,33.0,0.0,2023102911,59291.0,,202310290den,,401547502,,7,7,-340.0,270.0,-7.0,-102.0,-118.0,45.5,-110.0,-110.0,1,outdoors,grass,26.0,7.0,00-0033873,00-0029263,Patrick Mahomes,Russell Wilson,Andy Reid,Sean Payton,Brad Allen,DEN00,Empower Field at Mile High,1.0,-0.015310589,2.0,-0.23726654,4.0,2.0,-0.068092056,2.6744814,-0.009512564167380333,0.05004691891372204,0.0,-0.024776022881269455,5.187864780426025,-0.23726654,4.0,-0.015310589,2.0,-2.0,-0.3173096,-4.1856794,0.10043357126414776,-0.044857597909867764,0.5,0.1421896368265152,5.7231833934783936,-0.10994613543152809,0.0949045168235898,-0.5,-0.16696565970778465,-0.5353186130523682
2023_08_CIN_SF,2023,REG,8,2023-10-29,Sunday,16:25,CIN,31.0,SF,17.0,Home,-14.0,48.0,0.0,2023102912,59292.0,,202310290sfo,,401547503,,14,6,170.0,-205.0,4.0,-105.0,-115.0,44.0,-110.0,-110.0,0,outdoors,grass,74.0,10.0,00-0036442,00-0037834,Joe Burrow,Brock Purdy,Zac Taylor,Kyle Shanahan,Ron Torbert,SFO01,Levi's Stadium,0.0,-0.025827134,3.0,0.20976391,1.0,-2.0,-0.031718593,7.7496142,0.09055804344825447,-0.09235778078436852,0.5,0.1465502493083477,5.192850887775421,0.20976391,1.0,-0.025827134,3.0,2.0,0.22802712,17.564268,-0.07087490265257657,-0.0720624178647995,1.0,-0.10489360033534467,0.5754002332687378,0.16143294610083103,-0.020295362919569016,-0.5,0.2514438496436924,4.617450654506683
2023_08_CHI_LAC,2023,REG,8,2023-10-29,Sunday,20:20,CHI,13.0,LAC,30.0,Home,17.0,43.0,0.0,2023102913,59293.0,,202310290sdg,,401547510,,7,7,340.0,-440.0,9.5,-108.0,-112.0,46.0,-112.0,-108.0,0,dome,matrixturf,,,00-0038416,00-0036355,Tyson Bagent,Justin Herbert,Matt Eberflus,Brandon Staley,Brad Rogers,LAX01,SoFi Stadium,1.0,0.058334168,1.0,-0.18895885,2.0,1.0,-0.021017969,6.851466,-0.008360222913324833,0.01703954728145618,0.25,0.024727785028517246,-0.4251989722251892,-0.18895885,2.0,0.058334168,1.0,-1.0,-0.15339635,-4.375042,0.035584863275289536,-0.05404390208423138,0.25,0.058247245848178864,4.791622042655945,-0.04394508618861437,0.07108344936568756,0.0,-0.03351946081966162,-5.216821014881134
2023_08_LV_DET,2023,REG,8,2023-10-30,Monday,20:15,LV,14.0,DET,26.0,Home,12.0,40.0,0.0,2023103000,59294.0,,202310300det,,401547511,,8,8,270.0,-340.0,7.0,-110.0,-110.0,46.0,-110.0,-110.0,0,dome,fieldturf,,,00-0031345,00-0033106,Jimmy Garoppolo,Jared Goff,Josh McDaniels,Dan Campbell,Clete Blakeman,DET00,Ford Field,1.0,-0.12472701,3.0,-0.43628505,1.0,-2.0,-0.1338825,1.6994758,0.049022345803678036,-0.011107489466667175,1.25,0.09539790078997612,2.005555123090744,-0.43628505,1.0,-0.12472701,3.0,2.0,-0.52330375,-17.41187,-0.10102254897356033,-0.04745771596208215,-0.75,-0.11851052893325686,-4.787623789161444,0.15004489477723837,0.03635022649541497,2.0,0.21390842972323298,6.793178912252188
2023_09_TEN_PIT,2023,REG,9,2023-11-02,Thursday,20:15,TEN,16.0,PIT,20.0,Home,4.0,36.0,0.0,2023110200,59295.0,,202311020pit,,401547512,,4,4,145.0,-175.0,3.5,-120.0,100.0,37.0,-108.0,-112.0,0,outdoors,grass,40.0,5.0,00-0039152,00-0038102,Will Levis,Kenny Pickett,Mike Vrabel,Mike Tomlin,John Hussey,PIT00,Acrisure Stadium,1.0,0.1321626,0.0,0.07646647,1.0,1.0,0.12672774,-3.2443528,-0.12335388903738931,-0.04480124497786164,1.25,-0.12287758802995086,-1.113678216934204,0.07646647,1.0,0.1321626,0.0,-1.0,-0.0025226749,0.27062616,0.05150999780744314,0.00843119341880083,0.0,0.04279248230159283,6.168458461761475,-0.17486388684483245,-0.053232438396662474,1.25,-0.16567007033154368,-7.282136678695679
2023_09_MIA_KC,2023,REG,9,2023-11-05,Sunday,09:30,MIA,14.0,KC,21.0,Neutral,7.0,35.0,0.0,2023110500,59296.0,,202311050kan,,401547230,,7,7,-105.0,-115.0,1.0,-112.0,-108.0,51.0,-108.0,-112.0,0,outdoors,grass,,,00-0036212,00-0033873,Tua Tagovailoa,Patrick Mahomes,Mike McDaniel,Andy Reid,Clay Martin,FRA00,Deutsche Bank Park,1.0,0.02321576,1.0,-0.06539814,1.0,0.0,0.01832064,0.29194722,0.022057218477129936,-0.039477854035794735,0.25,0.02070726454257965,5.767778635025024,-0.06539814,1.0,0.02321576,1.0,0.0,-0.13075897,-1.7402592,0.029772271867841482,-0.07152435556054115,-1.0,0.051967253908514977,4.727008357644081,-0.007715053390711546,0.03204650152474642,1.25,-0.031259989365935326,1.0407702773809433
2023_09_MIN_ATL,2023,REG,9,2023-11-05,Sunday,13:00,MIN,31.0,ATL,28.0,Home,-3.0,59.0,0.0,2023110501,59297.0,,202311050atl,,401547518,,7,7,160.0,-192.0,3.5,-108.0,-112.0,38.5,-112.0,-108.0,0,open,fieldturf,,,00-0038598,00-0031800,Jaren Hall,Taylor Heinicke,Kevin O'Connell,Arthur Smith,Shawn Smith,ATL97,Mercedes-Benz Stadium,0.0,-0.07294511,2.0,-0.019469876,2.0,0.0,-0.11742127,-7.0747266,-0.05276263994164765,-0.040046713314950466,-1.5,-0.06990651041269302,4.363321423530579,-0.019469876,2.0,-0.07294511,2.0,0.0,-0.036581118,2.2128954,-0.008118259720504284,-0.06961588305421174,0.75,0.03922888747911202,4.613865494728088,-0.044644380221143365,0.02956916973926127,-2.25,-0.10913539789180504,-0.25054407119750977
2023_09_SEA_BAL,2023,REG,9,2023-11-05,Sunday,13:00,SEA,3.0,BAL,37.0,Home,34.0,40.0,0.0,2023110502,59298.0,,202311050rav,,401547513,,7,7,220.0,-270.0,6.0,-110.0,-110.0,44.5,-112.0,-108.0,0,outdoors,grass,70.0,6.0,00-0030565,00-0034796,Geno Smith,Lamar Jackson,Pete Carroll,John Harbaugh,Shawn Hochuli,BAL00,M&T Bank Stadium,1.0,0.1569406,2.0,-0.35719535,2.0,0.0,0.19018537,14.448739,0.08294756710529327,-0.08626407664269209,-0.75,0.07524046348407865,2.4815618097782135,-0.35719535,2.0,0.1569406,2.0,0.0,-0.44558555,-13.332616,-0.04650249029509723,-0.14710397738963366,0.5,-0.022984840907156467,3.9163243398070335,0.1294500574003905,0.060839900746941566,-1.25,0.09822530439123511,-1.43476253002882
2023_09_ARI_CLE,2023,REG,9,2023-11-05,Sunday,13:00,ARI,0.0,CLE,27.0,Home,27.0,27.0,0.0,2023110503,59299.0,,202311050cle,,401547514,,7,7,525.0,-750.0,13.0,-112.0,-108.0,38.0,-110.0,-110.0,0,outdoors,grass,56.0,7.0,00-0038582,00-0033537,Clayton Tune,Deshaun Watson,Jonathan Gannon,Kevin Stefanski,Carl Cheffers,CLE00,FirstEnergy Stadium,1.0,-0.062034056,0.0,-0.5443214,3.0,3.0,-0.07796932,0.48974583,-0.1432623052969575,-0.07344087888486683,-0.5,-0.23967833444476128,-11.732559859752655,-0.5443214,3.0,-0.062034056,0.0,-3.0,-0.8043487,-17.278593,-0.16953747533261776,0.016325571574270725,-1.5,-0.24109108746051788,-7.949150860309601,0.026275170035660267,-0.08976645045913756,1.0,0.001412753015756607,-3.783408999443054
2023_09_LA_GB,2023,REG,9,2023-11-05,Sunday,13:00,LA,3.0,GB,20.0,Home,17.0,23.0,0.0,2023110504,59300.0,,202311050gnb,,401547519,,7,7,160.0,-198.0,3.5,-108.0,-112.0,38.0,-112.0,-108.0,0,outdoors,grass,51.0,8.0,00-0034955,00-0036264,Brett Rypien,Jordan Love,Sean McVay,Matt LaFleur,Clete Blakeman,GNB00,Lambeau Field,1.0,-0.10021968,2.0,-0.37678534,2.0,0.0,-0.011736015,11.559047,-0.10717923566699028,0.023776107467710972,-1.0,-0.1291576437652111,-2.9458460211753845,-0.37678534,2.0,-0.10021968,2.0,0.0,-0.44891044,-17.608015,-0.05528893368318677,0.04162477346835658,0.75,-0.015675820934120566,-9.15395987033844,-0.05189030198380351,-0.017848666000645608,-1.75,-0.11348182283109054,6.208113849163055
2023_09_TB_HOU,2023,REG,9,2023-11-05,Sunday,13:00,TB,37.0,HOU,39.0,Home,2.0,76.0,0.0,2023110505,59301.0,,202311050htx,,401547515,,10,7,124.0,-148.0,2.5,100.0,-120.0,39.5,-110.0,-110.0,0,closed,astroturf,,,00-0034855,00-0039163,Baker Mayfield,C.J. Stroud,Todd Bowles,DeMeco Ryans,Land Clark,HOU00,NRG Stadium,1.0,0.14939143,1.0,0.17049073,1.0,0.0,0.2988334,13.618803,0.005371387582272291,-0.09265172714367509,0.25,0.000906667672097683,-5.178436845541,0.17049073,1.0,0.14939143,1.0,0.0,0.1502563,2.6890013,-0.06654994469136,-0.03792417352087796,0.75,-0.10010180715471506,-0.5583299100399017,0.07192133227363229,-0.05472755362279713,-0.5,0.10100847482681274,-4.620106935501099
2023_09_WAS_NE,2023,REG,9,2023-11-05,Sunday,13:00,WAS,20.0,NE,17.0,Home,-3.0,37.0,0.0,2023110506,59302.0,,202311050nwe,,401547520,,7,7,130.0,-155.0,2.5,100.0,-120.0,40.5,-110.0,-110.0,0,outdoors,fieldturf,62.0,6.0,00-0037077,00-0036972,Sam Howell,Mac Jones,Ron Rivera,Bill Belichick,Adrian Hill,BOS00,Gillette Stadium,0.0,-0.011057063,1.0,0.057103194,2.0,1.0,-0.08962031,-12.068226,-0.18178061256185174,0.01891554705798626,-0.25,-0.20503743144217879,-1.3352129310369492,0.057103194,2.0,-0.011057063,1.0,-1.0,0.03735452,1.7407658,-0.04675924312323332,0.06392484344542027,0.25,-0.07430123165249825,4.699350953102112,-0.13502136943861842,-0.045009296387434006,-0.5,-0.13073619978968054,-6.034563884139061
2023_09_CHI_NO,2023,REG,9,2023-11-05,Sunday,13:00,CHI,17.0,NO,24.0,Home,7.0,41.0,0.0,2023110507,59303.0,,202311050nor,,401547516,,7,7,340.0,-440.0,9.0,-108.0,-112.0,42.0,-110.0,-110.0,0,dome,sportturf,,,00-0038416,00-0031280,Tyson Bagent,Derek Carr,Matt Eberflus,Dennis Allen,Ron Torbert,NOR00,Mercedes-Benz Superdome,1.0,-0.15462498,0.0,-0.21327837,5.0,5.0,-0.06319435,6.021603,0.004128805827349424,-0.14737803908064961,0.75,0.06627980526536703,3.4215301275253296,-0.21327837,5.0,-0.15462498,0.0,-5.0,-0.0957184,-2.2869134,-0.026719601824879646,-0.08260669838637114,0.5,-0.004591066390275955,-1.5679432153701782,0.03084840765222907,-0.06477134069427848,0.25,0.07087087165564299,4.989473342895508
2023_09_IND_CAR,2023,REG,9,2023-11-05,Sunday,16:05,IND,27.0,CAR,13.0,Home,-14.0,40.0,0.0,2023110508,59304.0,,202311050car,,401547517,,7,7,-130.0,110.0,-1.5,-108.0,-112.0,45.0,-110.0,-110.0,0,outdoors,grass,75.0,2.0,00-0035289,00-0039150,Gardner Minshew,Bryce Young,Shane Steichen,Frank Reich,Bill Vinovich,CAR00,Bank of America Stadium,0.0,-0.17815709,4.0,-0.0018960491,0.0,-4.0,-0.29856315,-7.474461,-0.09318016888573766,0.05953955929726362,0.0,-0.1584972757846117,3.1293903291225433,-0.0018960491,0.0,-0.17815709,4.0,4.0,-0.103878394,1.5546533,-0.014408848248422146,0.07501747272908688,-1.0,-0.0010611843317747116,-0.1726078912615776,-0.07877132063731551,-0.015477913431823254,1.0,-0.157436091452837,3.301998220384121
2023_09_NYG_LV,2023,REG,9,2023-11-05,Sunday,16:25,NYG,6.0,LV,30.0,Home,24.0,36.0,0.0,2023110509,59305.0,,202311050rai,,401547521,,7,6,-102.0,-118.0,1.0,-110.0,-110.0,38.5,-112.0,-108.0,0,dome,grass,,,00-0035710,00-0038579,Daniel Jones,Aidan O'Connell,Brian Daboll,Antonio Pierce,Alan Eck,VEG00,Allegiant Stadium,1.0,-0.003169349,0.0,-0.36147955,2.0,2.0,0.0020437646,-6.52652,-0.17699216306209564,-0.06239655474200845,0.25,-0.20761002926155925,-7.122887279838324,-0.36147955,2.0,-0.003169349,0.0,-2.0,-0.39015383,-5.0190754,-0.14530252665281296,-0.11870489362627268,2.0,-0.1860731178894639,-1.2684107422828674,-0.031689636409282684,0.05630833888426423,-1.75,-0.021536911372095346,-5.854476537555456
2023_09_DAL_PHI,2023,REG,9,2023-11-05,Sunday,16:25,DAL,23.0,PHI,28.0,Home,5.0,51.0,0.0,2023110510,59306.0,,202311050phi,,401547522,,7,7,145.0,-175.0,3.5,-118.0,-102.0,46.5,-110.0,-110.0,1,outdoors,grass,64.0,6.0,00-0033077,00-0036389,Dak Prescott,Jalen Hurts,Mike McCarthy,Nick Sirianni,Tra Blake,PHI00,Lincoln Financial Field,1.0,0.21118352,0.0,0.14978947,1.0,1.0,0.19354254,14.767009,0.06944125331938267,-0.04069484258070588,-1.75,0.07955822348594666,6.5825300216674805,0.14978947,1.0,0.21118352,0.0,-1.0,0.12079833,5.90874,-0.02559144292899873,-0.12818671483546495,0.5,-0.02374238148331642,5.7555921375751495,0.0950326962483814,0.08749187225475907,-2.25,0.10330060496926308,0.8269378840923309
2023_09_BUF_CIN,2023,REG,9,2023-11-05,Sunday,20:20,BUF,18.0,CIN,24.0,Home,6.0,42.0,0.0,2023110511,59307.0,,202311050cin,,401547523,,10,7,105.0,-125.0,1.5,-108.0,-112.0,51.0,-110.0,-110.0,0,outdoors,fieldturf,51.0,5.0,00-0034857,00-0036442,Josh Allen,Joe Burrow,Sean McDermott,Zac Taylor,Alex Kemp,CIN00,Paycor Stadium,1.0,0.088436276,0.0,0.030542513,2.0,2.0,0.18691368,6.0384274,-0.0011746261734515429,-0.04860039660707116,1.25,-0.023714922135695815,8.112561106681824,0.030542513,2.0,0.088436276,0.0,-2.0,0.042069625,12.625142,0.04415754787623882,0.033737070159986615,-1.0,0.10743919480592012,7.015491247177124,-0.045332174049690366,-0.08233746676705778,2.25,-0.13115411694161594,1.0970698595046997
2023_09_LAC_NYJ,2023,REG,9,2023-11-06,Monday,20:15,LAC,27.0,NYJ,6.0,Home,-21.0,33.0,0.0,2023110600,59308.0,,202311060nyj,,401547524,,8,8,-170.0,142.0,-3.0,-118.0,-102.0,41.0,-110.0,-110.0,0,outdoors,fieldturf,48.0,4.0,00-0036355,00-0037013,Justin Herbert,Zach Wilson,Brandon Staley,Robert Saleh,Craig Wrolstad,NYC01,MetLife Stadium,0.0,-0.3185311,3.0,-0.07642951,0.0,-3.0,-0.37136716,0.4365764,-0.08667552191764116,-0.11919888108968735,1.0,-0.13201402634149417,-2.6768124103546143,-0.07642951,0.0,-0.3185311,3.0,3.0,-0.118960045,-10.302194,-0.006410978734493256,-0.02941370067128446,0.25,-0.029313634149730206,-2.569534957408905,-0.08026454318314791,-0.08978518041840289,0.75,-0.10270039219176397,-0.10727745294570923
2023_10_CAR_CHI,2023,REG,10,2023-11-09,Thursday,20:15,CAR,13.0,CHI,16.0,Home,3.0,29.0,0.0,2023110900,59309.0,,202311090chi,,401547525,,4,4,150.0,-180.0,3.0,100.0,-120.0,38.0,-105.0,-115.0,0,outdoors,grass,51.0,8.0,00-0039150,00-0038416,Bryce Young,Tyson Bagent,Frank Reich,Matt Eberflus,Clete Blakeman,CHI98,Soldier Field,1.0,-0.11544428,0.0,-0.14217849,0.0,0.0,-0.058989525,-4.0235863,-0.14066223241388798,-0.10304127726703882,-1.25,-0.1057574450969696,-2.620225191116333,-0.14217849,0.0,-0.11544428,0.0,0.0,-0.13794126,-7.970196,-0.09179485263302922,0.08098856935976073,-1.25,-0.16905092634260654,-0.01631799340248108,-0.048867379780858755,-0.18402984662679955,0.0,0.06329348124563694,-2.603907197713852
2023_10_IND_NE,2023,REG,10,2023-11-12,Sunday,09:30,IND,10.0,NE,6.0,Neutral,-4.0,16.0,0.0,2023111200,59310.0,,202311120nwe,,401547231,,7,7,-118.0,-102.0,-1.0,-110.0,-110.0,42.0,-110.0,-110.0,0,outdoors,grass,,,00-0035289,00-0036972,Gardner Minshew,Mac Jones,Shane Steichen,Bill Belichick,Tra Blake,FRA00,Deutsche Bank Park,0.0,-0.052889876,2.0,-0.0028201267,1.0,-1.0,0.00079487177,0.22212425,-0.02862072200514376,0.040310455951839685,0.75,-0.03172374295536429,-0.3727443069219589,-0.0028201267,1.0,-0.052889876,2.0,1.0,-0.017891327,2.3280823,-0.05404214729787782,0.007558923214673996,-0.25,-0.07865949906408787,-3.0487122163176537,0.025421425292734057,0.03275153273716569,1.0,0.04693575610872358,2.6759679093956947
2023_10_CLE_BAL,2023,REG,10,2023-11-12,Sunday,13:00,CLE,33.0,BAL,31.0,Home,-2.0,64.0,0.0,2023111201,59311.0,,202311120rav,,401547531,,7,7,210.0,-258.0,6.0,-112.0,-108.0,38.5,-108.0,-112.0,1,outdoors,grass,49.0,4.0,00-0033537,00-0034796,Deshaun Watson,Lamar Jackson,Kevin Stefanski,John Harbaugh,Land Clark,BAL00,M&T Bank Stadium,0.0,0.0023087473,3.0,0.055857494,1.0,-2.0,-0.16973025,-7.4492707,0.15259370394051075,-0.160674505867064,0.25,0.17977525340393186,6.951613575220108,0.055857494,1.0,0.0023087473,3.0,2.0,0.0869349,1.4280751,-0.07687357533723116,-0.20813481975346804,0.75,-0.13064645044505596,-9.15933109074831,0.2294672792777419,0.04746031388640404,-0.5,0.3104217038489878,16.110944665968418
2023_10_HOU_CIN,2023,REG,10,2023-11-12,Sunday,13:00,HOU,30.0,CIN,27.0,Home,-3.0,57.0,0.0,2023111202,59312.0,,202311120cin,,401547526,,7,7,205.0,-250.0,5.5,-110.0,-110.0,46.0,-110.0,-110.0,0,outdoors,fieldturf,56.0,6.0,00-0039163,00-0036442,C.J. Stroud,Joe Burrow,DeMeco Ryans,Zac Taylor,Carl Cheffers,CIN00,Paycor Stadium,0.0,0.05221769,2.0,0.09482634,3.0,1.0,0.0005702897,4.26131,0.06623998167924583,-0.08260464388877153,1.75,0.0804848971311003,7.9847190380096436,0.09482634,3.0,0.05221769,2.0,-1.0,0.101376444,0.70722365,0.01777843525633216,0.009713137056678534,0.0,0.04060438182204962,-1.333296924829483,0.04846154642291367,-0.09231778094545007,1.75,0.03988051530905068,9.318015962839127
2023_10_SF_JAX,2023,REG,10,2023-11-12,Sunday,13:00,SF,34.0,JAX,3.0,Home,-31.0,37.0,0.0,2023111203,59313.0,,202311120jax,,401547532,,14,14,-170.0,142.0,-3.0,-112.0,-108.0,44.5,-112.0,-108.0,0,outdoors,grass,59.0,11.0,00-0037834,00-0036971,Brock Purdy,Trevor Lawrence,Kyle Shanahan,Doug Pederson,Brad Allen,JAX00,TIAA Bank Stadium,0.0,-0.2887586,4.0,0.23483944,0.0,-4.0,-0.47148108,-8.964667,0.04174841707572341,-0.08103406615555286,0.75,-0.01873929798603058,3.0916994214057922,0.23483944,0.0,-0.2887586,4.0,4.0,0.3220175,6.871286,-0.017680078512057662,-0.059417733922600746,0.0,0.013522864319384098,0.31911104917526245,0.05942849558778107,-0.021616332232952118,0.75,-0.03226216230541468,2.77258837223053
2023_10_NO_MIN,2023,REG,10,2023-11-12,Sunday,13:00,NO,19.0,MIN,27.0,Home,8.0,46.0,0.0,2023111204,59314.0,,202311120min,,401547533,,7,7,-155.0,130.0,-3.0,-105.0,-115.0,41.0,-112.0,-108.0,0,dome,sportturf,,,00-0031280,00-0033949,Derek Carr,Joshua Dobbs,Dennis Allen,Kevin O'Connell,Adrian Hill,MIN01,U.S. Bank Stadium,1.0,0.009178057,0.0,-0.07838129,2.0,2.0,0.09982913,1.9481623,-0.01850489154458046,-0.12121062283404171,1.0,0.030005629174411297,6.010168552398682,-0.07838129,2.0,0.009178057,0.0,-2.0,-0.049045615,-3.473512,-0.027408329769968987,-0.04477347480133176,1.25,0.044595795683562756,2.378264904022217,0.008903438225388527,-0.07643714803270996,-0.25,-0.014590166509151459,3.631903648376465
2023_10_GB_PIT,2023,REG,10,2023-11-12,Sunday,13:00,GB,19.0,PIT,23.0,Home,4.0,42.0,0.0,2023111205,59315.0,,202311120pit,,401547527,,7,10,140.0,-166.0,3.0,100.0,-120.0,38.5,-112.0,-108.0,0,outdoors,grass,50.0,5.0,00-0036264,00-0038102,Jordan Love,Kenny Pickett,Matt LaFleur,Mike Tomlin,Scott Novak,PIT00,Acrisure Stadium,1.0,0.09159208,0.0,0.04967485,2.0,2.0,0.04238909,-6.903415,-0.030571056355256587,-0.05062543647363782,1.75,-0.020686918403953314,-1.6033796966075897,0.04967485,2.0,0.09159208,0.0,-2.0,0.064385734,-4.211194,-0.09648287296295166,-0.09095508884638548,-0.75,-0.07680087024345994,-0.894894540309906,0.06591181660769507,0.04032965237274766,2.5,0.056113951839506626,-0.7084851562976837
2023_10_TEN_TB,2023,REG,10,2023-11-12,Sunday,13:00,TEN,6.0,TB,20.0,Home,14.0,26.0,0.0,2023111206,59316.0,,202311120tam,,401547528,,10,7,120.0,-142.0,2.5,-105.0,-115.0,39.5,-110.0,-110.0,0,outdoors,grass,85.0,6.0,00-0039152,00-0034855,Will Levis,Baker Mayfield,Mike Vrabel,Todd Bowles,Alan Eck,TAM00,Raymond James Stadium,1.0,-0.019897752,1.0,-0.20581801,1.0,0.0,0.053251103,2.645556,-0.021591705037280917,0.06287989835254848,0.25,-0.07492768950760365,-3.0727260410785675,-0.20581801,1.0,-0.019897752,1.0,0.0,-0.26960108,-10.525981,0.028986739926040173,0.08677738253027201,-0.25,-0.008369804709218442,3.221410535275936,-0.05057844496332109,-0.023897484177723527,0.5,-0.0665578847983852,-6.294136576354504
2023_10_ATL_ARI,2023,REG,10,2023-11-12,Sunday,16:05,ATL,23.0,ARI,25.0,Home,2.0,48.0,0.0,2023111207,59317.0,,202311120crd,,401547529,,7,7,-130.0,110.0,-2.0,-110.0,-110.0,43.5,-108.0,-112.0,0,closed,grass,,,00-0031800,00-0035228,Taylor Heinicke,Kyler Murray,Arthur Smith,Jonathan Gannon,Craig Wrolstad,PHO00,State Farm Stadium,1.0,0.016587289,1.0,0.007101594,0.0,-1.0,-0.0034377496,-8.24951,-0.23567689023911953,0.0026091376785188913,-1.75,-0.36847443878650665,-8.622719824314117,0.007101594,0.0,0.016587289,1.0,1.0,-0.031752445,-3.6590142,-0.05792706389911473,-0.02990717627108097,-1.0,-0.09673359990119934,0.528914213180542,-0.1777498263400048,0.03251631394959986,-0.75,-0.2717408388853073,-9.15163403749466
2023_10_DET_LAC,2023,REG,10,2023-11-12,Sunday,16:05,DET,41.0,LAC,38.0,Home,-3.0,79.0,0.0,2023111208,59318.0,,202311120sdg,,401547530,,13,6,-142.0,120.0,-2.5,-110.0,-110.0,48.5,-110.0,-110.0,0,dome,matrixturf,,,00-0033106,00-0036355,Jared Goff,Justin Herbert,Dan Campbell,Brandon Staley,Shawn Smith,LAX01,SoFi Stadium,0.0,0.22107314,1.0,0.32480183,0.0,-1.0,0.20174089,-2.181691,-0.009275441989302635,-0.07594482657441404,0.5,-0.05048090126365423,-3.3204813599586487,0.32480183,0.0,0.22107314,1.0,1.0,0.44619614,1.3152118,-0.002694268710911274,-0.08442746847867966,0.5,0.027465417981147766,1.509074717760086,-0.006581173278391361,0.00848264190426562,0.0,-0.077946319244802,-4.829556077718735
2023_10_NYG_DAL,2023,REG,10,2023-11-12,Sunday,16:25,NYG,17.0,DAL,49.0,Home,32.0,66.0,0.0,2023111209,59319.0,,202311120dal,,401547534,,7,7,1100.0,-2100.0,17.5,-108.0,-112.0,38.5,-108.0,-112.0,1,closed,matrixturf,,,00-0038476,00-0033077,Tommy DeVito,Dak Prescott,Brian Daboll,Mike McCarthy,Brad Rogers,DAL00,AT&T Stadium,1.0,0.24795729,2.0,-0.1628432,1.0,-1.0,0.30986556,12.237278,-0.002917875171988271,0.04158249031752348,-0.5,-0.02204974740743637,3.798050433397293,-0.1628432,1.0,0.24795729,2.0,1.0,-0.25041148,-12.776603,-0.21037786081433296,-0.1345175445312634,0.75,-0.24254796374589205,-4.634398519992828,0.2074599856423447,0.1761000348487869,-1.25,0.22049821633845568,8.432448953390121
2023_10_WAS_SEA,2023,REG,10,2023-11-12,Sunday,16:25,WAS,26.0,SEA,29.0,Home,3.0,55.0,0.0,2023111210,59320.0,,202311120sea,,401547535,,7,7,220.0,-270.0,6.0,-110.0,-110.0,44.0,-112.0,-108.0,0,outdoors,fieldturf,52.0,4.0,00-0037077,00-0030565,Sam Howell,Geno Smith,Ron Rivera,Pete Carroll,Alex Kemp,SEA00,Lumen Field,1.0,0.09882454,0.0,0.10685103,1.0,1.0,0.0978228,3.1481025,-0.10234573925845325,-0.010398239828646183,-0.25,-0.10565963666886091,3.037156067788601,0.10685103,1.0,0.09882454,0.0,-1.0,0.109156124,-2.8182914,-0.014261777512729168,0.0005375391338020563,0.5,-0.03911866247653961,2.1982471346855164,-0.08808396174572408,-0.01093577896244824,-0.75,-0.0665409741923213,0.8389089331030846
2023_10_NYJ_LV,2023,REG,10,2023-11-12,Sunday,20:20,NYJ,12.0,LV,16.0,Home,4.0,28.0,0.0,2023111211,59321.0,,202311120rai,,401547536,,6,7,-115.0,-105.0,-1.0,-108.0,-112.0,35.5,-112.0,-108.0,0,dome,grass,,,00-0037013,00-0038579,Zach Wilson,Aidan O'Connell,Robert Saleh,Antonio Pierce,Shawn Hochuli,VEG00,Allegiant Stadium,1.0,-0.16429552,2.0,-0.1733935,1.0,-1.0,-0.18459243,-8.571783,-0.14479413779918104,-0.10657776379957795,0.25,-0.1871059281984344,-8.816254258155823,-0.1733935,1.0,-0.16429552,2.0,1.0,-0.13154244,-8.438749,-0.15710090473294258,-0.1573659759014845,0.0,-0.22991366212954745,-4.555637590587139,0.012306766933761537,0.05078821210190654,0.25,0.042807733931113034,-4.260616667568684
2023_10_DEN_BUF,2023,REG,10,2023-11-13,Monday,20:15,DEN,24.0,BUF,22.0,Home,-2.0,46.0,0.0,2023111300,59322.0,,202311130buf,,401547537,,15,8,310.0,-395.0,7.5,-112.0,-108.0,47.5,-112.0,-108.0,0,outdoors,a_turf,49.0,10.0,00-0029263,00-0034857,Russell Wilson,Josh Allen,Sean Payton,Sean McDermott,Bill Vinovich,BUF00,New Era Field,0.0,-0.121041,4.0,-0.030326812,1.0,-3.0,-0.06321617,-5.255297,0.02254198072478175,0.0201008387375623,-1.5,0.07078920304775238,6.81920862197876,-0.030326812,1.0,-0.121041,4.0,3.0,-0.0028946435,13.293048,-0.05648654978722334,-0.024334467947483063,0.0,-0.12909028492867947,2.4474456310272217,0.07902853051200509,0.04443530668504536,-1.5,0.19987948797643185,4.371762990951538
2023_11_CIN_BAL,2023,REG,11,2023-11-16,Thursday,20:15,CIN,20.0,BAL,34.0,Home,14.0,54.0,0.0,2023111600,59323.0,,202311160rav,,401547538,,4,4,170.0,-205.0,4.0,-112.0,-108.0,46.5,-112.0,-108.0,1,outdoors,grass,56.0,1.0,00-0036442,00-0034796,Joe Burrow,Lamar Jackson,Zac Taylor,John Harbaugh,Adrian Hill,BAL00,M&T Bank Stadium,1.0,0.15324442,0.0,-0.008062449,0.0,0.0,0.17070739,7.041423,0.13487621734384447,-0.13187299482524395,0.0,0.13169647753238678,3.858426481485367,-0.008062449,0.0,0.15324442,0.0,0.0,0.05278226,-4.991767,0.08108648378401995,0.011042880825698376,1.5,0.07868801613221876,6.626996397972107,0.053789733559824526,-0.14291587565094233,-1.5,0.05300846140016802,-2.76856991648674
2023_11_DAL_CAR,2023,REG,11,2023-11-19,Sunday,13:00,DAL,33.0,CAR,10.0,Home,-23.0,43.0,0.0,2023111900,59324.0,,202311190car,,401547545,,7,10,-650.0,470.0,-11.0,-110.0,-110.0,43.0,-108.0,-112.0,0,outdoors,grass,65.0,2.0,00-0033077,00-0039150,Dak Prescott,Bryce Young,Mike McCarthy,Frank Reich,Clay Martin,CAR00,Bank of America Stadium,0.0,-0.19560683,2.0,0.16208643,0.0,-2.0,-0.29556197,-4.023921,-0.11221288563683629,0.0013684855657629669,-0.5,-0.1836085096001625,-2.5583504736423492,0.16208643,0.0,-0.19560683,2.0,2.0,0.18181384,1.7318897,0.14628255683055613,-0.0334576154127717,0.0,0.16708657145500183,7.423316270112991,-0.2584954424673924,0.03482610097853467,-0.5,-0.35069508105516434,-9.98166674375534
2023_11_PIT_CLE,2023,REG,11,2023-11-19,Sunday,13:00,PIT,10.0,CLE,13.0,Home,3.0,23.0,0.0,2023111901,59325.0,,202311190cle,,401547539,,7,7,120.0,-142.0,2.5,-105.0,-115.0,34.0,-108.0,-112.0,1,outdoors,grass,48.0,11.0,00-0038102,00-0038583,Kenny Pickett,Dorian Thompson-Robinson,Mike Tomlin,Kevin Stefanski,Shawn Hochuli,CLE00,FirstEnergy Stadium,1.0,-0.13094798,1.0,-0.16524701,0.0,-1.0,-0.13850446,-14.049369,-0.024465960450470448,-0.1593600878259167,1.5,-0.06009570136666298,-5.941995806992054,-0.16524701,0.0,-0.13094798,1.0,1.0,-0.10724967,-8.489425,0.007215371530037373,-0.007795735727995634,1.25,-0.003026382066309452,-1.8383120000362396,-0.03168133198050782,-0.15156435209792107,0.25,-0.05706931930035353,-4.103683806955814
2023_11_CHI_DET,2023,REG,11,2023-11-19,Sunday,13:00,CHI,26.0,DET,31.0,Home,5.0,57.0,0.0,2023111902,59326.0,,202311190det,,401547546,,10,7,340.0,-440.0,8.0,-110.0,-110.0,48.0,-110.0,-110.0,1,dome,fieldturf,,,00-0036945,00-0033106,Justin Fields,Jared Goff,Matt Eberflus,Dan Campbell,Scott Novak,DET00,Ford Field,1.0,0.015906008,4.0,0.03617328,1.0,-3.0,0.074158065,0.6292199,0.02774717565625906,-0.014032594859600067,0.0,0.07580230385065079,1.0610889494419098,0.03617328,1.0,0.015906008,4.0,3.0,0.018868297,6.211723,-0.10714162886142731,-0.09723372105509043,-0.75,-0.02959638088941574,-3.0239075422286987,0.13488880451768637,0.08320112619549036,0.75,0.10539868474006653,4.0849964916706085
2023_11_LAC_GB,2023,REG,11,2023-11-19,Sunday,13:00,LAC,20.0,GB,23.0,Home,3.0,43.0,0.0,2023111903,59327.0,,202311190gnb,,401547547,,7,7,-162.0,136.0,-3.0,-110.0,-110.0,44.0,-108.0,-112.0,0,outdoors,grass,45.0,5.0,00-0036355,00-0036264,Justin Herbert,Jordan Love,Brandon Staley,Matt LaFleur,John Hussey,GNB00,Lambeau Field,1.0,0.01723065,0.0,0.023784205,1.0,1.0,0.08529282,3.6861339,-0.03787548188120127,-0.035066706128418446,-0.75,-0.013864145148545504,2.0489447712898254,0.023784205,1.0,0.01723065,0.0,-1.0,0.065308295,-3.714466,0.06084994878619909,0.00521744042634964,0.75,0.027200876735150814,-2.3491861820220947,-0.09872543066740036,-0.040284146554768085,-1.5,-0.04106502188369632,4.39813095331192
2023_11_ARI_HOU,2023,REG,11,2023-11-19,Sunday,13:00,ARI,16.0,HOU,21.0,Home,5.0,37.0,0.0,2023111904,59328.0,,202311190htx,,401547540,,7,7,205.0,-250.0,5.5,-108.0,-112.0,48.0,-110.0,-110.0,0,closed,astroturf,,,00-0035228,00-0039163,Kyler Murray,C.J. Stroud,Jonathan Gannon,DeMeco Ryans,Alex Kemp,HOU00,NRG Stadium,1.0,-0.02139451,4.0,-0.04801004,1.0,-3.0,-0.05287955,6.3653526,0.056492026429623365,0.035839412827044725,-0.75,0.08256139885634184,0.7754147350788116,-0.04801004,1.0,-0.02139451,4.0,3.0,-0.056931064,-0.8564834,-0.19341537496075034,-0.009599462267942727,-1.25,-0.30389105330687016,-8.163598358631134,0.2499074013903737,0.04543887509498745,0.5,0.386452452163212,8.939013093709946
2023_11_TEN_JAX,2023,REG,11,2023-11-19,Sunday,13:00,TEN,14.0,JAX,34.0,Home,20.0,48.0,0.0,2023111905,59329.0,,202311190jax,,401547541,,7,7,235.0,-290.0,6.5,-105.0,-115.0,40.0,-110.0,-110.0,1,outdoors,grass,75.0,3.0,00-0039152,00-0036971,Will Levis,Trevor Lawrence,Mike Vrabel,Doug Pederson,Brad Rogers,JAX00,TIAA Bank Stadium,1.0,0.31209722,1.0,0.045707908,1.0,0.0,0.19394928,15.629862,-0.06618653470650315,-0.05157540179789066,-0.25,-0.17014795169234276,0.31356072425842285,0.045707908,1.0,0.31209722,1.0,0.0,0.03798046,9.365912,-0.04538703989237547,0.04264365788549185,0.0,-0.10069607140030712,0.1849210485816002,-0.020799494814127684,-0.09421905968338251,-0.25,-0.06945188029203564,0.12863967567682266
2023_11_LV_MIA,2023,REG,11,2023-11-19,Sunday,13:00,LV,13.0,MIA,20.0,Home,7.0,33.0,0.0,2023111906,59330.0,,202311190mia,,401547542,,7,14,700.0,-1100.0,14.0,-110.0,-110.0,44.5,-110.0,-110.0,0,outdoors,grass,82.0,7.0,00-0038579,00-0036212,Aidan O'Connell,Tua Tagovailoa,Antonio Pierce,Mike McDaniel,Bill Vinovich,MIA00,Hard Rock Stadium,1.0,-0.08696741,3.0,-0.18945132,3.0,0.0,-0.1038309,9.020698,-0.00159757724031806,-0.040425862185657024,-0.25,-0.005090884864330292,1.9655678421258926,-0.18945132,3.0,-0.08696741,3.0,0.0,-0.25392184,-2.0938244,-0.18855387496296316,-0.14262126944959164,0.0,-0.23617944226134568,-9.892290711402893,0.1869562977226451,0.10219540726393461,-0.25,0.2310885573970154,11.857858553528786
2023_11_NYG_WAS,2023,REG,11,2023-11-19,Sunday,13:00,NYG,31.0,WAS,19.0,Home,-12.0,50.0,0.0,2023111907,59331.0,,202311190was,,401547548,,7,7,310.0,-395.0,7.5,-110.0,-110.0,39.0,-110.0,-110.0,1,outdoors,grass,56.0,7.0,00-0038476,00-0037077,Tommy DeVito,Sam Howell,Brian Daboll,Ron Rivera,Brad Allen,WAS00,FedExField,0.0,-0.15776116,6.0,-0.013723581,0.0,-6.0,-0.17081264,4.618571,0.021735595539212227,0.05845911824144423,-0.5,-0.0037361811846494675,1.0311349630355835,-0.013723581,0.0,-0.15776116,6.0,6.0,-0.022890545,3.473436,-0.2262945342808962,-0.051706002675928175,0.5,-0.26606566552072763,-10.16968446969986,0.2480301298201084,0.1101651209173724,-1.0,0.26232948433607817,11.200819432735443
2023_11_TB_SF,2023,REG,11,2023-11-19,Sunday,16:05,TB,14.0,SF,27.0,Home,13.0,41.0,0.0,2023111908,59332.0,,202311190sfo,,401547549,,7,7,625.0,-950.0,13.5,-110.0,-110.0,41.5,-108.0,-112.0,0,outdoors,grass,65.0,10.0,00-0034855,00-0037834,Baker Mayfield,Brock Purdy,Todd Bowles,Kyle Shanahan,Craig Wrolstad,SFO01,Levi's Stadium,1.0,0.13503695,0.0,-0.05148564,2.0,2.0,0.21202445,16.425331,0.006700475001707673,-0.04439627565443516,0.25,0.04362973291426897,0.5292258858680725,-0.05148564,2.0,0.13503695,0.0,-2.0,-0.115377046,2.396388,0.023412295849993825,0.0017816887702792883,0.5,-0.0008147936314344406,0.20764431357383728,-0.016711820848286152,-0.046177964424714446,-0.25,0.04444452654570341,0.32158157229423523
2023_11_NYJ_BUF,2023,REG,11,2023-11-19,Sunday,16:25,NYJ,6.0,BUF,32.0,Home,26.0,38.0,0.0,2023111909,59333.0,,202311190buf,,401547543,,7,6,310.0,-395.0,8.0,-108.0,-112.0,39.5,-112.0,-108.0,1,outdoors,a_turf,40.0,9.0,00-0037013,00-0034857,Zach Wilson,Josh Allen,Robert Saleh,Sean McDermott,Alan Eck,BUF00,New Era Field,1.0,0.06555947,1.0,-0.3453548,4.0,3.0,0.09407516,-3.4068956,0.013103950303047895,0.037313261767849326,-1.75,0.059312173165380955,6.046631932258606,-0.3453548,4.0,0.06555947,1.0,-3.0,-0.37760153,-16.27558,-0.22030718438327312,-0.17474333383142948,0.0,-0.2634533457458019,-8.460771195590496,0.23341113468632102,0.2120565955992788,-1.75,0.3227655189111829,14.507403127849102
2023_11_SEA_LA,2023,REG,11,2023-11-19,Sunday,16:25,SEA,16.0,LA,17.0,Home,1.0,33.0,0.0,2023111910,59334.0,,202311190ram,,401547544,,7,14,114.0,-135.0,2.5,-110.0,-110.0,45.0,-108.0,-112.0,1,dome,matrixturf,,,00-0030565,00-0026498,Geno Smith,Matthew Stafford,Pete Carroll,Sean McVay,Carl Cheffers,LAX01,SoFi Stadium,1.0,-0.06973464,1.0,-0.030706935,1.0,0.0,-0.16330574,-14.200246,-0.1454947181046009,-0.016966841940302402,0.5,-0.12723078671842813,-11.675424575805664,-0.030706935,1.0,-0.06973464,1.0,0.0,-0.008364223,-4.1472483,-0.06379705551080406,0.022832502610981464,0.25,-0.06430176738649607,0.39058389514684677,-0.08169766259379685,-0.039799344551283866,0.25,-0.06292901933193207,-12.06600847095251
2023_11_MIN_DEN,2023,REG,11,2023-11-19,Sunday,20:20,MIN,20.0,DEN,21.0,Home,1.0,41.0,0.0,2023111911,59335.0,,202311190den,,401547550,,7,6,120.0,-142.0,2.5,-102.0,-118.0,43.5,-115.0,-105.0,0,outdoors,grass,53.0,3.0,00-0033949,00-0029263,Joshua Dobbs,Russell Wilson,Kevin O'Connell,Sean Payton,Ron Torbert,DEN00,Empower Field at Mile High,1.0,-0.07119605,0.0,-0.054638665,3.0,3.0,-0.04192191,14.733181,-0.04037172952666879,-0.07445262186229229,1.0,-0.0749229965149425,4.821378707885742,-0.054638665,3.0,-0.07119605,0.0,-3.0,-0.020245777,2.8343654,0.025141801685094833,-0.07842427236028016,1.0,0.10354281682521105,6.160406649112701,-0.06551353121176362,0.003971650497987866,0.0,-0.17846581334015355,-1.3390279412269592
2023_11_PHI_KC,2023,REG,11,2023-11-20,Monday,20:15,PHI,21.0,KC,17.0,Home,-4.0,38.0,0.0,2023112000,59336.0,,202311200kan,,401547345,,15,15,124.0,-148.0,2.5,100.0,-120.0,46.0,-108.0,-112.0,0,outdoors,grass,45.0,12.0,00-0036389,00-0033873,Jalen Hurts,Patrick Mahomes,Nick Sirianni,Andy Reid,Shawn Smith,KAN00,GEHA Field at Arrowhead Stadium,0.0,-0.11869624,2.0,-0.07490096,1.0,-1.0,-0.13191462,-3.4011352,-0.005497303791344166,-0.06134655233472586,0.0,-0.01769796246662736,3.348601780831814,-0.07490096,1.0,-0.11869624,2.0,1.0,-0.019733716,-4.6937723,0.0887004379183054,0.0007430743426084518,-1.25,0.09078003093600273,9.301379024982452,-0.09419774170964956,-0.06208962667733431,1.25,-0.10847799340263009,-5.952777244150639
2023_12_GB_DET,2023,REG,12,2023-11-23,Thursday,12:30,GB,29.0,DET,22.0,Home,-7.0,51.0,0.0,2023112300,59337.0,,202311230det,,401547552,,4,4,330.0,-425.0,8.5,-105.0,-115.0,47.0,-108.0,-112.0,1,dome,fieldturf,,,00-0036264,00-0033106,Jordan Love,Jared Goff,Matt LaFleur,Dan Campbell,Carl Cheffers,DET00,Ford Field,0.0,-0.11697402,3.0,0.024853043,0.0,-3.0,-0.13903086,1.1248146,0.02207997115328908,0.04498916398733854,-1.0,0.05726190470159054,0.4696594476699829,0.024853043,0.0,-0.11697402,3.0,3.0,0.14551286,5.4222097,-0.05156616074964404,-0.05143314506858587,-0.25,-0.026051016990095377,1.7647382616996765,0.07364613190293312,0.09642230905592442,-0.75,0.08331292169168591,-1.2950788140296936
2023_12_WAS_DAL,2023,REG,12,2023-11-23,Thursday,16:30,WAS,10.0,DAL,45.0,Home,35.0,55.0,0.0,2023112301,59338.0,,202311230dal,,401547551,,4,4,550.0,-800.0,13.0,-110.0,-110.0,48.0,-112.0,-110.0,1,closed,matrixturf,,,00-0037077,00-0033077,Sam Howell,Dak Prescott,Ron Rivera,Mike McCarthy,Bill Vinovich,DAL00,AT&T Stadium,1.0,0.3182755,0.0,-0.1815013,1.0,1.0,0.4576479,8.557102,0.18676597252488136,-0.0675022155046463,0.0,0.1938652005046606,7.430474758148193,-0.1815013,1.0,0.3182755,0.0,-1.0,-0.22685714,-5.953905,0.017939729616045952,0.07354959333315492,-1.75,0.01110340841114521,2.990067720413208,0.1688262429088354,-0.14105180883780122,1.75,0.1827617920935154,4.440407037734985
2023_12_SF_SEA,2023,REG,12,2023-11-23,Thursday,20:20,SF,31.0,SEA,13.0,Home,-18.0,44.0,0.0,2023112302,59339.0,,202311230sea,,401547553,,4,4,-355.0,280.0,-7.0,-112.0,-108.0,43.5,-115.0,-105.0,1,outdoors,fieldturf,39.0,4.0,00-0037834,00-0030565,Brock Purdy,Geno Smith,Kyle Shanahan,Pete Carroll,Tra Blake,SEA00,Lumen Field,0.0,-0.1599354,1.0,0.119746365,2.0,1.0,-0.26491192,3.9770632,-0.07029238250106573,0.04225738998502493,0.5,-0.0717420894652605,-3.6842199340462685,0.119746365,2.0,-0.1599354,1.0,-1.0,0.10954378,8.116054,0.08865725644864142,-0.0188244441524148,0.5,0.14516610372811556,8.14041382074356,-0.15894963894970715,0.06108183413743973,0.0,-0.21690819319337606,-11.82463375478983
2023_12_MIA_NYJ,2023,REG,12,2023-11-24,Friday,15:00,MIA,34.0,NYJ,13.0,Home,-21.0,47.0,0.0,2023112400,59340.0,,202311240nyj,,401547242,,5,5,-500.0,380.0,-9.5,-120.0,100.0,40.0,-110.0,-110.0,1,outdoors,fieldturf,48.0,11.0,00-0036212,00-0034177,Tua Tagovailoa,Tim Boyle,Mike McDaniel,Robert Saleh,John Hussey,NYC01,MetLife Stadium,0.0,-0.26047078,2.0,0.085439205,3.0,1.0,-0.3845972,0.68332255,-0.2865784130990505,-0.1204838678240776,-1.75,-0.323465920984745,-10.276445500552654,0.085439205,3.0,-0.26047078,2.0,-1.0,0.04162172,5.249867,-0.06485299533233047,-0.06085370946675539,0.0,-0.07578360103070736,3.22007717192173,-0.22172541776672006,-0.059630158357322216,-1.75,-0.24768231995403767,-13.496522672474384
2023_12_NO_ATL,2023,REG,12,2023-11-26,Sunday,13:00,NO,15.0,ATL,24.0,Home,9.0,39.0,0.0,2023112600,59341.0,,202311260atl,,401547559,,14,14,-130.0,110.0,-2.0,-110.0,-110.0,42.0,-110.0,-110.0,1,closed,fieldturf,,,00-0031280,00-0038122,Derek Carr,Desmond Ridder,Dennis Allen,Arthur Smith,Brad Allen,ATL97,Mercedes-Benz Stadium,1.0,0.033072926,2.0,-0.048319172,2.0,0.0,0.051049646,-4.029734,-0.0229362208629027,-0.016475737560540438,0.0,-0.0616645161062479,0.40593504905700684,-0.048319172,2.0,0.033072926,2.0,0.0,-0.04450659,-1.4370795,-0.03235996887087822,-0.048726542852818966,0.5,0.023453695699572563,0.04538387060165405,0.009423748007975519,0.03225080529227853,-0.5,-0.08511821180582047,0.3605511784553528
2023_12_PIT_CIN,2023,REG,12,2023-11-26,Sunday,13:00,PIT,16.0,CIN,10.0,Home,-6.0,26.0,0.0,2023112601,59342.0,,202311260cin,,401547554,,7,10,-135.0,114.0,-2.0,-112.0,-108.0,36.0,-108.0,-112.0,1,outdoors,fieldturf,48.0,9.0,00-0038102,00-0035100,Kenny Pickett,Jake Browning,Mike Tomlin,Zac Taylor,Brad Rogers,CIN00,Paycor Stadium,0.0,-0.118222095,1.0,0.029559955,1.0,0.0,-0.15613914,2.2768443,0.0855888572987169,0.06319653522223234,1.25,0.1170733384496998,5.718059659004211,0.029559955,1.0,-0.118222095,1.0,0.0,0.07946454,9.157598,-0.033491475507617,-0.005935936700552702,1.25,-0.04489478003233671,-5.115805000066757,0.1190803328063339,0.06913247192278504,0.0,0.16196811848203652,10.833864659070969
2023_12_JAX_HOU,2023,REG,12,2023-11-26,Sunday,13:00,JAX,24.0,HOU,21.0,Home,-3.0,45.0,0.0,2023112602,59343.0,,202311260htx,,401547555,,7,7,-115.0,-105.0,-1.0,-110.0,-110.0,48.0,-108.0,-112.0,1,closed,astroturf,,,00-0036971,00-0039163,Trevor Lawrence,C.J. Stroud,Doug Pederson,DeMeco Ryans,Clay Martin,HOU00,NRG Stadium,0.0,-0.029496394,0.0,0.055130996,1.0,1.0,0.057153195,3.595999,0.04489581659436226,0.03848058683797717,-1.25,0.07814780250191689,4.904304534196854,0.055130996,1.0,-0.029496394,0.0,-1.0,0.037399158,-4.533569,-0.005244777072221041,-0.003770570270717144,-1.0,-0.10277771577239037,2.6148428916931152,0.0501405936665833,0.042251157108694315,-0.25,0.18092551827430725,2.2894616425037384
2023_12_TB_IND,2023,REG,12,2023-11-26,Sunday,13:00,TB,20.0,IND,27.0,Home,7.0,47.0,0.0,2023112603,59344.0,,202311260clt,,401547556,,7,14,130.0,-155.0,2.5,-105.0,-115.0,45.0,-112.0,-108.0,0,closed,fieldturf,,,00-0034855,00-0035289,Baker Mayfield,Gardner Minshew,Todd Bowles,Shane Steichen,Clete Blakeman,IND00,Lucas Oil Stadium,1.0,0.005147582,1.0,-0.08766984,2.0,1.0,0.080955796,-12.460698,-0.01836932433070615,-0.022746093571186066,0.75,-0.031247608829289675,-1.4336395487189293,-0.08766984,2.0,0.005147582,1.0,-1.0,-0.08423193,-1.5849845,0.02808395982719958,0.038299039006233215,-0.25,0.003480583429336548,1.293304979801178,-0.04645328415790573,-0.06104513257741928,1.0,-0.03472819225862622,-2.7269445285201073
2023_12_NE_NYG,2023,REG,12,2023-11-26,Sunday,13:00,NE,7.0,NYG,10.0,Home,3.0,17.0,0.0,2023112604,59345.0,,202311260nyg,,401547560,,14,7,-218.0,180.0,-4.5,-108.0,-112.0,36.5,-105.0,-115.0,0,outdoors,fieldturf,43.0,6.0,00-0036972,00-0038476,Mac Jones,Tommy DeVito,Bill Belichick,Brian Daboll,Scott Novak,NYC01,MetLife Stadium,1.0,-0.19434729,1.0,-0.18932219,3.0,2.0,-0.24232584,0.50523144,-0.2112040591891855,-0.05550186859909445,1.75,-0.25899441726505756,-9.45396214723587,-0.18932219,3.0,-0.19434729,1.0,-2.0,-0.16391899,-13.582829,-0.034538320964202285,0.036919568199664354,0.5,-0.03012929878605064,-0.753041185438633,-0.17666573822498322,-0.0924214367987588,1.25,-0.22886511847900692,-8.700920961797237
2023_12_CAR_TEN,2023,REG,12,2023-11-26,Sunday,13:00,CAR,10.0,TEN,17.0,Home,7.0,27.0,0.0,2023112605,59346.0,,202311260oti,,401547561,,7,7,145.0,-175.0,3.5,-112.0,-105.0,36.0,-112.0,-108.0,0,outdoors,grass,51.0,13.0,00-0039150,00-0039152,Bryce Young,Will Levis,Frank Reich,Mike Vrabel,Ron Torbert,NAS00,Nissan Stadium,1.0,0.0058286684,0.0,-0.06277103,1.0,1.0,0.041093204,2.7413263,-0.019122925586998463,0.10237328987568617,-0.25,-0.041941237985156476,2.6430020555853844,-0.06277103,1.0,0.0058286684,0.0,-1.0,-0.13866226,2.6182063,-0.134179609362036,0.0003765264409594238,-1.25,-0.2218082696199417,-4.475091308355331,0.11505668377503753,0.10199676343472674,1.0,0.17986703163478523,7.118093363940716
2023_12_LA_ARI,2023,REG,12,2023-11-26,Sunday,16:05,LA,37.0,ARI,14.0,Home,-23.0,51.0,0.0,2023112606,59347.0,,202311260crd,,401547562,,7,7,-148.0,124.0,-3.0,-105.0,-115.0,45.0,-112.0,-108.0,1,closed,grass,,,00-0026498,00-0035228,Matthew Stafford,Kyler Murray,Sean McVay,Jonathan Gannon,Shawn Smith,PHO00,State Farm Stadium,0.0,-0.14945182,0.0,0.21441577,1.0,1.0,-0.1384553,-7.616252,-0.1685593375004828,-0.013766683056019247,-0.75,-0.26436354022007436,-5.9330583065748215,0.21441577,1.0,-0.14945182,0.0,-1.0,0.33485994,12.770868,-0.17691237665712833,0.013471117417793721,-0.25,-0.20305449981242418,-16.06156015396118,0.008353039156645536,-0.027237800473812968,-0.5,-0.06130904040765017,10.12850184738636
2023_12_CLE_DEN,2023,REG,12,2023-11-26,Sunday,16:05,CLE,12.0,DEN,29.0,Home,17.0,41.0,0.0,2023112607,59348.0,,202311260den,,401547563,,7,7,105.0,-125.0,1.5,-110.0,-110.0,37.5,-110.0,-110.0,0,outdoors,grass,40.0,5.0,00-0038583,00-0029263,Dorian Thompson-Robinson,Russell Wilson,Kevin Stefanski,Sean Payton,Adrian Hill,DEN00,Empower Field at Mile High,1.0,0.021513706,1.0,-0.19043021,3.0,2.0,-0.027345408,-3.9475744,-0.006895872298628092,-0.08523820992559195,2.25,-0.005289586202707142,11.419328451156616,-0.19043021,3.0,0.021513706,1.0,-2.0,-0.28224063,-14.672402,-0.04053798969835043,-0.17483786621596664,0.75,-0.05383457988500595,-3.9087604954838753,0.03364211739972234,0.0895996562903747,1.5,0.04854499368229881,15.328088946640491
2023_12_KC_LV,2023,REG,12,2023-11-26,Sunday,16:25,KC,31.0,LV,17.0,Home,-14.0,48.0,0.0,2023112608,59349.0,,202311260rai,,401547557,,6,7,-500.0,380.0,-9.0,-110.0,-110.0,42.5,-112.0,-108.0,1,dome,grass,,,00-0033873,00-0038579,Patrick Mahomes,Aidan O'Connell,Andy Reid,Antonio Pierce,Land Clark,VEG00,Allegiant Stadium,0.0,-0.10007473,0.0,0.13385808,0.0,0.0,-0.026421417,-2.8051314,-0.1983003109926358,-0.1866418682038784,0.75,-0.23994356126058847,-8.650999069213867,0.13385808,0.0,-0.10007473,0.0,0.0,0.26430422,7.684382,-0.032297286204993725,-0.028796923346817493,-0.75,-0.04362101340666413,1.3449609503149986,-0.16600302478764206,-0.1578449448570609,1.5,-0.19632254785392433,-9.995960019528866
2023_12_BUF_PHI,2023,REG,12,2023-11-26,Sunday,16:25,BUF,34.0,PHI,37.0,Home,3.0,71.0,1.0,2023112609,59350.0,,202311260phi,,401547558,,7,6,124.0,-148.0,2.5,-105.0,-115.0,49.0,-108.0,-112.0,0,outdoors,grass,47.0,6.0,00-0034857,00-0036389,Josh Allen,Jalen Hurts,Sean McDermott,Nick Sirianni,Shawn Hochuli,PHI00,Lincoln Financial Field,1.0,0.087725334,2.0,0.0417589,1.0,-1.0,0.03547633,-4.935039,0.10784479603171349,-0.00886351615190506,0.0,0.11632023472338915,8.889293909072876,0.0417589,1.0,0.087725334,2.0,1.0,0.1653728,-4.212307,0.012411694508045912,-0.06850420706905425,-0.75,0.04309060890227556,3.5175455808639526,0.09543310152366757,0.059640690917149186,0.75,0.07322962582111359,5.371748328208923
2023_12_BAL_LAC,2023,REG,12,2023-11-26,Sunday,20:20,BAL,20.0,LAC,10.0,Home,-10.0,30.0,0.0,2023112610,59351.0,,202311260sdg,,401547564,,10,7,-170.0,142.0,-3.0,-115.0,-105.0,49.0,-110.0,-110.0,0,dome,matrixturf,,,00-0034796,00-0036355,Lamar Jackson,Justin Herbert,John Harbaugh,Brandon Staley,Alan Eck,LAX01,SoFi Stadium,0.0,-0.25823188,4.0,-0.07409826,0.0,-4.0,-0.301671,-2.128168,0.05669050011783838,-0.04136436665430665,0.5,0.031767792999744415,-2.336721122264862,-0.07409826,0.0,-0.25823188,4.0,4.0,0.026649795,-12.732666,0.08343850041273981,-0.10197337088175118,0.0,0.05606582388281822,3.279839903116226,-0.02674800029490143,0.06060900422744453,0.5,-0.024298030883073807,-5.616561025381088
2023_12_CHI_MIN,2023,REG,12,2023-11-27,Monday,20:15,CHI,12.0,MIN,10.0,Home,-2.0,22.0,0.0,2023112700,59352.0,,202311270min,,401547565,,8,8,140.0,-166.0,3.0,-105.0,-115.0,43.5,-110.0,-110.0,1,dome,sportturf,,,00-0036945,00-0033949,Justin Fields,Joshua Dobbs,Matt Eberflus,Kevin O'Connell,Alex Kemp,MIN01,U.S. Bank Stadium,0.0,-0.3164189,4.0,-0.17240262,2.0,-2.0,-0.5115123,2.5576365,-0.0023135030642151833,-0.098868228495121,-0.25,0.057310685981065035,4.487661063671112,-0.17240262,2.0,-0.3164189,4.0,2.0,-0.120922655,7.09044,-0.12037705536931753,-0.05564082460477948,-0.75,-0.0723089948296547,-1.1184546947479248,0.11806355230510235,-0.04322740389034152,0.5,0.12961968081071973,5.606115758419037
2023_13_SEA_DAL,2023,REG,13,2023-11-30,Thursday,20:15,SEA,35.0,DAL,41.0,Home,6.0,76.0,0.0,2023113000,59353.0,,202311300dal,,401547566,,7,7,380.0,-500.0,9.5,-102.0,-118.0,47.5,-110.0,-110.0,0,closed,matrixturf,,,00-0030565,00-0033077,Geno Smith,Dak Prescott,Pete Carroll,Mike McCarthy,Clete Blakeman,DAL00,AT&T Stadium,1.0,0.19178775,0.0,0.13904454,1.0,1.0,0.17725047,4.5521317,0.21952717378735542,-0.08219195157289505,0.25,0.26753140427172184,7.108752489089966,0.13904454,1.0,0.19178775,0.0,-1.0,0.13198857,-7.525036,-0.11225328594446182,0.07845083624124527,0.5,-0.1552597228437662,-2.5886746048927307,0.33178045973181725,-0.16064278781414032,-0.25,0.42279112711548805,9.697427093982697
2023_13_DEN_HOU,2023,REG,13,2023-12-03,Sunday,13:00,DEN,17.0,HOU,22.0,Home,5.0,39.0,0.0,2023120307,59361.0,,202312030htx,,401547571,,7,7,142.0,-170.0,3.5,-122.0,102.0,47.5,-110.0,-110.0,0,closed,astroturf,,,00-0029263,00-0039163,Russell Wilson,C.J. Stroud,Sean Payton,DeMeco Ryans,Shawn Smith,HOU00,NRG Stadium,1.0,-0.06107776,0.0,-0.14661165,3.0,3.0,-0.054171488,-3.853099,0.04833171609789133,0.057457342743873596,-0.75,0.10112087242305279,6.071844577789307,-0.14661165,3.0,-0.06107776,0.0,-3.0,-0.2162492,2.523505,-0.023829936049878597,-0.1508441036567092,2.5,-0.03506350418319926,6.688283979892731,0.07216165214776993,0.2083014464005828,-3.25,0.13618437660625204,-0.6164394021034241
2023_13_LAC_NE,2023,REG,13,2023-12-03,Sunday,13:00,LAC,6.0,NE,0.0,Home,-6.0,6.0,0.0,2023120300,59354.0,,202312030nwe,,401547567,,7,7,-225.0,185.0,-4.5,-110.0,-110.0,38.5,-108.0,-112.0,0,outdoors,fieldturf,44.0,8.0,00-0036355,00-0038108,Justin Herbert,Bailey Zappe,Brandon Staley,Bill Belichick,Bill Vinovich,BOS00,Gillette Stadium,0.0,-0.2665459,1.0,-0.15791383,0.0,-1.0,-0.2746299,-11.213894,-0.10134763806127012,-0.02874937793239951,-0.25,-0.11034236870182212,-6.524540580809116,-0.15791383,0.0,-0.2665459,1.0,1.0,-0.14786571,-4.23314,-0.022451011463999748,-0.012649218086153269,-0.75,-0.038395464420318604,-4.581629693508148,-0.07889662659727037,-0.016100159846246243,0.5,-0.07194690428150352,-1.9429108873009682
2023_13_DET_NO,2023,REG,13,2023-12-03,Sunday,13:00,DET,33.0,NO,28.0,Home,-5.0,61.0,0.0,2023120301,59355.0,,202312030nor,,401547572,,10,7,-198.0,164.0,-4.0,-110.0,-110.0,47.5,-108.0,-112.0,0,dome,sportturf,,,00-0033106,00-0031280,Jared Goff,Derek Carr,Dan Campbell,Dennis Allen,Clay Martin,NOR00,Mercedes-Benz Superdome,0.0,-0.060201768,2.0,0.051614415,0.0,-2.0,-0.036222287,0.019306578,-0.018650748766958714,-0.034113152883946896,0.75,0.04406933020800352,1.5431688129901886,0.051614415,0.0,-0.060201768,2.0,2.0,0.15402563,-1.5589926,0.024751702789217234,-0.03854639735072851,-1.75,0.0618602130562067,1.1921805143356323,-0.04340245155617595,0.004433244466781616,2.5,-0.017790882848203182,0.3509882986545563
2023_13_ATL_NYJ,2023,REG,13,2023-12-03,Sunday,13:00,ATL,13.0,NYJ,8.0,Home,-5.0,21.0,0.0,2023120302,59356.0,,202312030nyj,,401547573,,7,9,-125.0,105.0,-2.0,-108.0,-112.0,33.0,-110.0,-110.0,0,outdoors,fieldturf,50.0,8.0,00-0038122,00-0034177,Desmond Ridder,Tim Boyle,Arthur Smith,Robert Saleh,Ron Torbert,NYC01,MetLife Stadium,0.0,-0.26679724,3.0,-0.17205666,0.0,-3.0,-0.34924504,-12.846455,-0.2744375430047512,-0.022431589663028717,-1.0,-0.31627708673477173,-5.898607455193996,-0.17205666,0.0,-0.26679724,3.0,3.0,-0.22768284,-11.241741,-0.01190987543668598,-0.011012456845492125,0.25,-0.037062227725982666,-4.416842579841614,-0.2625276675680652,-0.011419132817536592,-1.25,-0.27921485900878906,-1.4817648753523827
2023_13_ARI_PIT,2023,REG,13,2023-12-03,Sunday,13:00,ARI,24.0,PIT,10.0,Home,-14.0,34.0,0.0,2023120303,59357.0,,202312030pit,,401547568,,7,7,230.0,-285.0,6.0,-105.0,-115.0,41.0,-112.0,-108.0,0,outdoors,grass,56.0,12.0,00-0035228,00-0038102,Kyler Murray,Kenny Pickett,Jonathan Gannon,Mike Tomlin,Land Clark,PIT00,Acrisure Stadium,0.0,-0.17425898,1.0,0.05120412,0.0,-1.0,-0.09221512,3.9185984,0.02201690711081028,-0.030757187865674496,1.0,0.03533292654901743,-2.369898796081543,0.05120412,0.0,-0.17425898,1.0,1.0,0.038095728,-8.427785,-0.18129899771884084,0.034522200585342944,0.0,-0.25079320545773953,-8.500209555029869,0.20331590482965112,-0.06527938845101744,1.0,0.28612613200675696,6.130310758948326
2023_13_IND_TEN,2023,REG,13,2023-12-03,Sunday,13:00,IND,31.0,TEN,28.0,Home,-3.0,59.0,1.0,2023120305,59359.0,,202312030oti,,401547570,,7,7,-122.0,102.0,-1.5,-110.0,-110.0,42.0,-108.0,-112.0,1,outdoors,grass,53.0,13.0,00-0035289,00-0039152,Gardner Minshew,Will Levis,Shane Steichen,Mike Vrabel,Craig Wrolstad,NAS00,Nissan Stadium,0.0,-0.05184346,2.0,0.024872174,1.0,-1.0,0.030810064,-12.784817,-0.019453741377219558,0.09039776027202606,0.0,-0.04826252197381109,0.462970994412899,0.024872174,1.0,-0.05184346,2.0,1.0,-0.010908415,-1.4529743,0.008751544810365885,-0.027998588979244232,1.5,0.0017450549639761448,-4.645062357187271,-0.028205286187585443,0.1183963492512703,-1.5,-0.050007576937787235,5.10803335160017
2023_13_MIA_WAS,2023,REG,13,2023-12-03,Sunday,13:00,MIA,45.0,WAS,15.0,Home,-30.0,60.0,0.0,2023120306,59360.0,,202312030was,,401547574,,9,10,-455.0,350.0,-8.5,-112.0,-108.0,50.0,-110.0,-110.0,0,outdoors,grass,53.0,2.0,00-0036212,00-0037077,Tua Tagovailoa,Sam Howell,Mike McDaniel,Ron Rivera,Tra Blake,WAS00,FedExField,0.0,-0.1675176,1.0,0.35179308,0.0,-1.0,-0.17663889,-8.225235,-0.043827058747410774,0.09807985136285424,-2.25,-0.06278978288173676,-0.6032149791717529,0.35179308,0.0,-0.1675176,1.0,1.0,0.4091925,8.763272,-0.010464908089488745,-0.1447069412097335,-0.5,-0.027626068331301212,2.946441665291786,-0.03336215065792203,0.24278679257258773,-1.75,-0.03516371455043554,-3.549656644463539
2023_13_CAR_TB,2023,REG,13,2023-12-03,Sunday,16:05,CAR,18.0,TB,21.0,Home,3.0,39.0,0.0,2023120304,59358.0,,202312030tam,,401547569,,7,7,164.0,-198.0,4.0,-110.0,-110.0,37.0,-110.0,-110.0,1,outdoors,grass,81.0,8.0,00-0039150,00-0034855,Bryce Young,Baker Mayfield,Chris Tabor,Todd Bowles,Brad Rogers,TAM00,Raymond James Stadium,1.0,-0.08246452,1.0,-0.08538668,1.0,0.0,-0.04534938,-11.673573,0.002859373576939106,0.020939485635608435,-0.75,0.0009746085852384567,1.5364902019500732,-0.08538668,1.0,-0.08246452,1.0,0.0,-0.08558961,-2.8173451,-0.1446783598512411,0.01264369155978784,-1.75,-0.2176821604371071,-4.212592899799347,0.14753773342818022,0.008295794075820595,1.0,0.21865676902234554,5.74908310174942
2023_13_CLE_LA,2023,REG,13,2023-12-03,Sunday,16:25,CLE,19.0,LA,36.0,Home,17.0,55.0,0.0,2023120308,59362.0,,202312030ram,,401547575,,7,7,160.0,-192.0,3.5,-110.0,-110.0,39.5,-110.0,-110.0,0,dome,matrixturf,,,00-0026158,00-0026498,Joe Flacco,Matthew Stafford,Kevin Stefanski,Sean McVay,John Hussey,LAX01,SoFi Stadium,1.0,0.068418056,0.0,-0.10673836,1.0,1.0,0.11797235,-5.1248016,-0.08871163986623287,-0.023286933079361916,-0.25,-0.1085328608751297,-7.953366756439209,-0.10673836,1.0,0.068418056,0.0,-1.0,-0.09596305,-8.88473,-0.08188868686556816,-0.171436493168585,0.5,-0.10294487699866295,-6.700987584888935,-0.006822953000664711,0.1481495600892231,-0.75,-0.005587983876466751,-1.252379171550274
2023_13_SF_PHI,2023,REG,13,2023-12-03,Sunday,16:25,SF,42.0,PHI,19.0,Home,-23.0,61.0,0.0,2023120309,59363.0,,202312030phi,,401547276,,10,7,-148.0,124.0,-3.0,-105.0,-115.0,46.5,-108.0,-112.0,0,outdoors,grass,52.0,44.0,00-0037834,00-0036389,Brock Purdy,Jalen Hurts,Kyle Shanahan,Nick Sirianni,Alex Kemp,PHI00,Lincoln Financial Field,0.0,0.065384775,0.0,0.4283257,0.0,0.0,0.06039535,3.1955671,0.11104059219360352,0.03460449445992708,0.0,0.09844320267438889,5.117049813270569,0.4283257,0.0,0.065384775,0.0,0.0,0.5297242,6.429906,0.1159489038400352,-0.07260393258184195,0.75,0.1529667815193534,9.790571212768555,-0.0049083116464316845,0.10720842704176903,-0.75,-0.054523578844964504,-4.673521399497986
2023_13_KC_GB,2023,REG,13,2023-12-03,Sunday,20:20,KC,19.0,GB,27.0,Home,8.0,46.0,0.0,2023120310,59364.0,,202312030gnb,,401547576,,7,10,-265.0,215.0,-5.5,-118.0,-102.0,43.5,-105.0,-115.0,0,outdoors,grass,31.0,9.0,00-0033873,00-0036264,Patrick Mahomes,Jordan Love,Andy Reid,Matt LaFleur,Brad Allen,GNB00,Lambeau Field,1.0,0.23547526,0.0,0.13428634,1.0,1.0,0.30279747,5.5868373,-0.0021152845583856106,-0.094595767557621,0.5,0.07086385181173682,4.114049077033997,0.13428634,1.0,0.23547526,0.0,-1.0,0.17357211,1.059469,-0.04972223471850157,-0.06392110604792833,-0.75,-0.04164983564987779,0.09737863391637802,0.04760695016011596,-0.03067466150969267,1.25,0.11251368746161461,4.016670443117619
2023_13_CIN_JAX,2023,REG,13,2023-12-04,Monday,20:15,CIN,34.0,JAX,31.0,Home,-3.0,65.0,1.0,2023120400,59365.0,,202312040jax,,401547577,,8,8,410.0,-550.0,10.0,-105.0,-115.0,41.0,-105.0,-115.0,0,outdoors,grass,61.0,4.0,00-0035100,00-0036971,Jake Browning,Trevor Lawrence,Zac Taylor,Doug Pederson,Scott Novak,JAX00,TIAA Bank Stadium,0.0,0.07231342,0.0,0.1392828,1.0,1.0,0.1860421,16.14067,0.014883130323141813,0.014644344337284565,-1.5,-0.0829281359910965,2.1780983209609985,0.1392828,1.0,0.07231342,0.0,-1.0,0.19447216,17.315895,0.0035923549439758062,0.07704330747947097,0.75,0.021031774551374838,1.8962036967277527,0.011290775379166007,-0.0623989631421864,-2.25,-0.10395991054247133,0.28189462423324585
2023_14_NE_PIT,2023,REG,14,2023-12-07,Thursday,20:15,NE,21.0,PIT,18.0,Home,-3.0,39.0,0.0,2023120700,59366.0,,202312070pit,,401547578,,4,4,220.0,-270.0,6.0,-118.0,-102.0,30.0,-105.0,-115.0,0,outdoors,grass,42.0,5.0,00-0038108,00-0033869,Bailey Zappe,Mitchell Trubisky,Bill Belichick,Mike Tomlin,Clay Martin,PIT00,Acrisure Stadium,0.0,-0.17472489,1.0,-0.1376904,1.0,0.0,-0.30590865,-5.314469,-0.05458848737180233,-0.03707277588546276,0.5,-0.019402789883315563,-0.5791609883308411,-0.1376904,1.0,-0.17472489,1.0,0.0,-0.059329595,4.3955164,-0.12995375483296812,-0.07449451461434364,-0.75,-0.13184357828868087,-9.160706244409084,0.07536526746116579,0.03742173872888088,1.25,0.11244078840536531,8.581545256078243
2023_14_TB_ATL,2023,REG,14,2023-12-10,Sunday,13:00,TB,29.0,ATL,25.0,Home,-4.0,54.0,0.0,2023121000,59367.0,,202312100atl,,401547579,,7,7,105.0,-125.0,1.5,-108.0,-112.0,41.5,-110.0,-110.0,1,closed,fieldturf,,,00-0034855,00-0038122,Baker Mayfield,Desmond Ridder,Todd Bowles,Arthur Smith,Alex Kemp,ATL97,Mercedes-Benz Stadium,0.0,-0.06628566,1.0,-0.0049833707,0.0,-1.0,-0.01568193,-3.3004272,-0.05120681261178106,-0.07949975086376071,1.0,-0.0814517280086875,-6.501304030418396,-0.0049833707,0.0,-0.06628566,1.0,1.0,-0.032127716,-17.760597,-0.060379439033567905,-0.03775504091754556,-0.75,-0.047926812432706356,-2.054153263568878,0.009172626421786845,-0.04174470994621515,1.75,-0.03352491557598114,-4.447150766849518
2023_14_LA_BAL,2023,REG,14,2023-12-10,Sunday,13:00,LA,31.0,BAL,37.0,Home,6.0,68.0,1.0,2023121001,59368.0,,202312100rav,,401547585,,7,14,285.0,-360.0,7.5,-115.0,-105.0,42.0,-110.0,-110.0,0,outdoors,grass,57.0,5.0,00-0026498,00-0034796,Matthew Stafford,Lamar Jackson,Sean McVay,John Harbaugh,Scott Novak,BAL00,M&T Bank Stadium,1.0,0.13121077,1.0,0.06709846,0.0,-1.0,0.16838503,-1.691481,0.05959887581411749,-0.14190804515965283,0.5,0.05445307679474354,0.32705628871917725,0.06709846,0.0,0.13121077,1.0,1.0,0.10266545,0.2627485,-0.0409215372055769,-0.09677919931709766,0.0,-0.03984597511589527,-6.04054856300354,0.10052041301969439,-0.045128845842555165,0.5,0.09429905191063881,6.367604851722717
2023_14_DET_CHI,2023,REG,14,2023-12-10,Sunday,13:00,DET,13.0,CHI,28.0,Home,15.0,41.0,0.0,2023121002,59369.0,,202312100chi,,401547586,,7,13,-170.0,142.0,-3.0,-120.0,100.0,44.5,-110.0,-110.0,1,outdoors,grass,36.0,12.0,00-0033106,00-0036945,Jared Goff,Justin Fields,Dan Campbell,Matt Eberflus,Tra Blake,CHI98,Soldier Field,1.0,0.01770841,0.0,-0.20011492,3.0,3.0,0.042477913,-3.4336793,-0.11623799707740545,-0.1493290881626308,0.0,-0.0641905702650547,1.7479157447814941,-0.20011492,3.0,0.01770841,0.0,-3.0,-0.14765623,-10.701989,0.06883705919608474,0.0554744228720665,-0.75,0.13383724354207516,0.3775634169578552,-0.1850750562734902,-0.2048035110346973,0.75,-0.19802781380712986,1.370352327823639
2023_14_IND_CIN,2023,REG,14,2023-12-10,Sunday,13:00,IND,14.0,CIN,34.0,Home,20.0,48.0,0.0,2023121003,59370.0,,202312100cin,,401547580,,7,6,124.0,-148.0,3.0,-118.0,-102.0,45.0,-110.0,-110.0,0,outdoors,fieldturf,40.0,9.0,00-0035289,00-0035100,Gardner Minshew,Jake Browning,Shane Steichen,Zac Taylor,Shawn Hochuli,CIN00,Paycor Stadium,1.0,0.15734094,2.0,-0.1289689,1.0,-1.0,0.07264914,3.9460664,0.01630398421548307,0.0874860342592001,0.0,0.022921394527656958,4.715570628643036,-0.1289689,1.0,0.15734094,2.0,1.0,-0.044372354,-2.8202074,0.0063258951413445175,-0.09264006745070219,1.75,-0.012930584838613868,-2.5077342092990875,0.009978089074138552,0.1801261017099023,-1.75,0.035851979366270825,7.223304837942123
2023_14_JAX_CLE,2023,REG,14,2023-12-10,Sunday,13:00,JAX,27.0,CLE,31.0,Home,4.0,58.0,0.0,2023121004,59371.0,,202312100cle,,401547581,,6,7,120.0,-142.0,2.5,-108.0,-112.0,37.5,-110.0,-110.0,0,outdoors,grass,39.0,11.0,00-0036971,00-0026158,Trevor Lawrence,Joe Flacco,Doug Pederson,Kevin Stefanski,Ron Torbert,CLE00,FirstEnergy Stadium,1.0,-0.096608356,3.0,-0.13420357,4.0,1.0,-0.11807994,-7.408119,-0.09306476265192032,-0.01825162477325648,-0.5,-0.10744331032037735,-9.044606626033783,-0.13420357,4.0,-0.096608356,3.0,-1.0,-0.18831155,-2.8460224,0.037695758044719696,0.09758343640714884,-1.0,-0.013522636145353317,4.568074107170105,-0.13076052069664001,-0.11583506118040532,0.5,-0.09392067417502403,-13.612680733203888
2023_14_CAR_NO,2023,REG,14,2023-12-10,Sunday,13:00,CAR,6.0,NO,28.0,Home,22.0,34.0,0.0,2023121005,59372.0,,202312100nor,,401547587,,7,7,200.0,-245.0,5.5,-110.0,-110.0,39.0,-110.0,-110.0,1,dome,sportturf,,,00-0039150,00-0031280,Bryce Young,Derek Carr,Chris Tabor,Dennis Allen,Alan Eck,NOR00,Mercedes-Benz Superdome,1.0,-0.15436395,1.0,-0.35510817,2.0,1.0,-0.19093744,8.525598,-0.08538180403411388,-0.029853242449462414,0.25,-0.048242210410535336,0.2825795505195856,-0.35510817,2.0,-0.15436395,1.0,-1.0,-0.32672465,-21.205578,-0.1214857567101717,-0.007498427061364055,-0.75,-0.1644387748092413,-3.0483139157295227,0.036103952676057816,-0.02235481538809836,1.0,0.11619656439870596,3.3308934662491083
2023_14_HOU_NYJ,2023,REG,14,2023-12-10,Sunday,13:00,HOU,6.0,NYJ,30.0,Home,24.0,36.0,0.0,2023121006,59373.0,,202312100nyj,,401547582,,7,7,-175.0,145.0,-3.5,-108.0,-112.0,33.5,-110.0,-110.0,0,outdoors,fieldturf,58.0,7.0,00-0039163,00-0037013,C.J. Stroud,Zach Wilson,DeMeco Ryans,Robert Saleh,Brad Allen,NYC01,MetLife Stadium,1.0,0.04315716,1.0,-0.33275366,0.0,-1.0,-0.0068370225,10.181872,-0.26150408014655113,-0.04633837752044201,-1.0,-0.31074655801057816,-9.21936520934105,-0.33275366,0.0,0.04315716,1.0,1.0,-0.5272716,-24.218344,-0.004285580478608608,-0.02181825041770935,0.0,0.01286965049803257,1.7038690447807312,-0.2572184996679425,-0.02452012710273266,-1.0,-0.3236162085086107,-10.92323425412178
2023_14_MIN_LV,2023,REG,14,2023-12-10,Sunday,16:05,MIN,3.0,LV,0.0,Home,-3.0,3.0,0.0,2023121007,59374.0,,202312100rai,,401547588,,13,14,-155.0,130.0,-3.0,-108.0,-112.0,40.5,-108.0,-112.0,0,dome,grass,,,00-0033949,00-0038579,Joshua Dobbs,Aidan O'Connell,Kevin O'Connell,Antonio Pierce,Craig Wrolstad,VEG00,Allegiant Stadium,0.0,-0.42957634,3.0,-0.25134176,0.0,-3.0,-0.46434855,-6.5256805,-0.1142477315152064,-0.12199559435248375,0.25,-0.11572297860402614,-4.999314665794373,-0.25134176,0.0,-0.42957634,3.0,3.0,-0.20310353,-12.107166,-0.09533734247088432,-0.09873126819729805,-0.75,-0.11712751118466258,2.3882648944854736,-0.018910389044322073,-0.0232643261551857,1.0,0.0014045325806364417,-7.387579560279846
2023_14_SEA_SF,2023,REG,14,2023-12-10,Sunday,16:05,SEA,16.0,SF,28.0,Home,12.0,44.0,0.0,2023121008,59375.0,,202312100sfo,,401547589,,10,7,650.0,-1000.0,14.5,-110.0,-110.0,44.5,-110.0,-110.0,1,outdoors,grass,63.0,5.0,00-0035704,00-0037834,Drew Lock,Brock Purdy,Pete Carroll,Kyle Shanahan,Brad Rogers,SFO01,Levi's Stadium,1.0,0.12601472,2.0,-0.024067322,2.0,0.0,0.26301938,6.305962,0.22948711551725864,-0.10869871731847525,1.25,0.29332747496664524,9.460644125938416,-0.024067322,2.0,0.12601472,2.0,0.0,-0.12247096,0.77812517,0.011806685477495193,0.08716262504458427,0.25,-0.010866193100810051,-1.1367796063423157,0.21768043003976345,-0.19586134236305952,1.0,0.3041936680674553,10.597423732280731
2023_14_BUF_KC,2023,REG,14,2023-12-10,Sunday,16:25,BUF,20.0,KC,17.0,Home,-3.0,37.0,0.0,2023121009,59376.0,,202312100kan,,401547583,,14,7,105.0,-125.0,2.0,-110.0,-110.0,49.5,-110.0,-110.0,0,outdoors,grass,45.0,5.0,00-0034857,00-0033873,Josh Allen,Patrick Mahomes,Sean McDermott,Andy Reid,Carl Cheffers,KAN00,GEHA Field at Arrowhead Stadium,0.0,-0.10165775,2.0,-0.0273361,1.0,-1.0,-0.057137888,-3.5850716,0.04316598642617464,-0.0012246444821357727,-0.5,0.0810705884359777,1.4086657389998436,-0.0273361,1.0,-0.10165775,2.0,1.0,0.018064609,-1.3965812,0.004204970318824053,-0.04987999936565757,-0.25,0.059575353749096394,-0.0623394250869751,0.03896101610735059,0.048655354883521795,-0.25,0.021495234686881304,1.4710051640868187
2023_14_DEN_LAC,2023,REG,14,2023-12-10,Sunday,16:25,DEN,24.0,LAC,7.0,Home,-17.0,31.0,0.0,2023121010,59377.0,,202312100sdg,,401547584,,7,7,136.0,-162.0,3.0,-112.0,-108.0,45.0,-110.0,-110.0,1,dome,matrixturf,,,00-0029263,00-0036355,Russell Wilson,Justin Herbert,Sean Payton,Brandon Staley,Clete Blakeman,LAX01,SoFi Stadium,0.0,-0.3892803,2.0,-0.12710997,1.0,-1.0,-0.47099057,-15.096278,-0.04282209277153015,0.00034708296880126,-1.25,-0.045621881261467934,-3.0643662810325623,-0.12710997,1.0,-0.3892803,2.0,1.0,-0.04933805,-1.2121571,-0.05665520019829273,-0.10679690819233656,1.25,-0.07210278970887884,6.650539875030518,0.013833107426762581,0.10714399116113782,-2.5,0.02648090844741091,-9.71490615606308
2023_14_PHI_DAL,2023,REG,14,2023-12-10,Sunday,20:20,PHI,13.0,DAL,33.0,Home,20.0,46.0,0.0,2023121011,59378.0,,202312100dal,,401547590,,7,10,145.0,-175.0,3.5,-118.0,-102.0,52.5,-110.0,-110.0,1,closed,matrixturf,,,00-0036389,00-0033077,Jalen Hurts,Dak Prescott,Nick Sirianni,Mike McCarthy,John Hussey,DAL00,AT&T Stadium,1.0,0.1178323,1.0,-0.1532773,3.0,2.0,0.03769752,-9.764121,0.2300267443060875,-0.10022669658064842,0.75,0.28164444118738174,6.7696003913879395,-0.1532773,3.0,0.1178323,1.0,-2.0,-0.17774963,0.47398362,0.07234816625714302,0.1252944590523839,0.25,0.06742012593895197,2.083441138267517,0.15767857804894447,-0.22552115563303232,0.5,0.21422431524842978,4.686159253120422
2023_14_TEN_MIA,2023,REG,14,2023-12-11,Monday,20:15,TEN,28.0,MIA,27.0,Home,-1.0,55.0,0.0,2023121100,59379.0,,202312110mia,,401547592,,8,8,625.0,-950.0,14.0,-110.0,-110.0,45.0,-110.0,-112.0,0,outdoors,grass,64.0,9.0,00-0039152,00-0036212,Will Levis,Tua Tagovailoa,Mike Vrabel,Mike McDaniel,Adrian Hill,MIA00,Hard Rock Stadium,0.0,0.019512711,2.0,0.027770493,2.0,0.0,-0.03839908,2.0924063,0.07121668383479118,-0.1485559856519103,0.0,0.05405608844012022,5.323394417762756,0.027770493,2.0,0.019512711,2.0,0.0,0.067002565,3.0465665,-0.051531224278733134,0.06357515370473266,0.0,-0.039929337333887815,-2.800889730453491,0.12274790811352432,-0.21213113935664296,0.0,0.09398542577400804,8.124284148216248
2023_14_GB_NYG,2023,REG,14,2023-12-11,Monday,20:15,GB,22.0,NYG,24.0,Home,2.0,46.0,0.0,2023121101,59380.0,,202312110nyg,,401547591,,8,15,-265.0,215.0,-6.0,-112.0,-108.0,37.5,-110.0,-110.0,0,outdoors,fieldturf,39.0,14.0,00-0036264,00-0038476,Jordan Love,Tommy DeVito,Matt LaFleur,Brian Daboll,Land Clark,NYC01,MetLife Stadium,1.0,0.01407965,2.0,0.012467094,3.0,1.0,0.009935953,15.5551405,-0.18309840536676347,-0.025573851191438735,1.75,-0.2264454234391451,-3.4542526453733444,0.012467094,3.0,0.01407965,2.0,-1.0,-0.039245732,1.1396189,0.08180845016613603,0.03317215293645859,0.75,0.14949722215533257,2.6209967136383057,-0.2649068555328995,-0.05874600412789732,1.0,-0.37594264559447765,-6.07524935901165
2023_15_LAC_LV,2023,REG,15,2023-12-14,Thursday,20:15,LAC,21.0,LV,63.0,Home,42.0,84.0,0.0,2023121400,59381.0,,202312140rai,,401547593,,4,4,136.0,-162.0,3.0,-110.0,-110.0,36.0,-110.0,-110.0,1,dome,grass,,,00-0035282,00-0038579,Easton Stick,Aidan O'Connell,Brandon Staley,Antonio Pierce,Ron Torbert,VEG00,Allegiant Stadium,1.0,0.23328009,1.0,-0.31168386,4.0,3.0,0.25246495,-4.615045,-0.22084947861731052,-0.09446114674210548,-1.0,-0.2323210583999753,-4.999104857444763,-0.31168386,4.0,0.23328009,1.0,-3.0,-0.37486124,1.9826509,-0.19541044905781746,-0.11263086879625916,-1.25,-0.21380474604666233,-6.293013095855713,-0.025439029559493065,0.01816972205415368,0.25,-0.01851631235331297,1.2939082384109497
2023_15_MIN_CIN,2023,REG,15,2023-12-16,Saturday,13:00,MIN,24.0,CIN,27.0,Home,3.0,51.0,1.0,2023121600,59383.0,,202312160cin,,401547604,,6,6,145.0,-175.0,3.0,-105.0,-115.0,41.5,-110.0,-110.0,0,outdoors,fieldturf,53.0,5.0,00-0033319,00-0035100,Nick Mullens,Jake Browning,Kevin O'Connell,Zac Taylor,Bill Vinovich,CIN00,Paycor Stadium,1.0,0.08067503,1.0,0.08279117,2.0,1.0,0.14799295,4.5400705,0.042584798065945506,0.03153722546994686,-0.5,0.040941108018159866,4.636759698390961,0.08279117,2.0,0.08067503,1.0,-1.0,0.14090113,15.623572,-0.15330531354993582,-0.1878890749067068,0.0,-0.1587581136263907,-1.1917505264282227,0.19589011161588132,0.21942630037665367,-0.5,0.19969922164455056,5.828510224819183
2023_15_PIT_IND,2023,REG,15,2023-12-16,Saturday,16:30,PIT,13.0,IND,30.0,Home,17.0,43.0,0.0,2023121601,59386.0,,202312160clt,,401547607,,9,6,102.0,-122.0,1.5,-110.0,-110.0,41.5,-110.0,-110.0,0,closed,fieldturf,,,00-0033869,00-0035289,Mitchell Trubisky,Gardner Minshew,Mike Tomlin,Shane Steichen,Adrian Hill,IND00,Lucas Oil Stadium,1.0,-0.059132457,0.0,-0.32848516,3.0,3.0,0.053599097,-2.7802217,-0.025442316196858883,-0.00876555871218443,1.0,0.0019459251780062914,-3.6014493703842163,-0.32848516,3.0,-0.059132457,0.0,-3.0,-0.31995678,2.0443823,-0.12116773054003716,-0.0839140871539712,0.0,-0.10647722519934177,-0.18192440271377563,0.09572541434317827,0.07514852844178677,1.0,0.10842315037734807,-3.4195249676704407
2023_15_DEN_DET,2023,REG,15,2023-12-16,Saturday,20:15,DEN,17.0,DET,42.0,Home,25.0,59.0,0.0,2023121602,59385.0,,202312160det,,401547606,,6,6,210.0,-258.0,5.5,-108.0,-112.0,49.0,-108.0,-112.0,0,dome,fieldturf,,,00-0029263,00-0033106,Russell Wilson,Jared Goff,Sean Payton,Dan Campbell,John Hussey,DET00,Ford Field,1.0,0.24094963,0.0,-0.084164165,1.0,1.0,0.3300606,8.094553,-0.062392129097133875,0.004633241333067417,-1.75,-0.014625849202275276,-2.62673681974411,-0.084164165,1.0,0.24094963,0.0,-1.0,-0.1282308,-9.143541,-0.08085099095478654,-0.17385673057287931,0.75,-0.08371364139020443,3.0242386162281036,0.018458861857652664,0.17848997190594673,-2.5,0.06908779218792915,-5.650975435972214
2023_15_ATL_CAR,2023,REG,15,2023-12-17,Sunday,13:00,ATL,7.0,CAR,9.0,Home,2.0,16.0,0.0,2023121709,59382.0,,202312170car,,401547603,,7,7,-155.0,130.0,-3.0,-102.0,-118.0,32.0,-110.0,-110.0,1,outdoors,grass,47.0,11.0,00-0038122,00-0039150,Desmond Ridder,Bryce Young,Arthur Smith,Chris Tabor,Land Clark,CAR00,Bank of America Stadium,1.0,-0.16603619,0.0,-0.23172113,2.0,2.0,-0.19567797,13.577989,-0.17471817694604397,-0.017228343291208148,-1.0,-0.21163462288677692,-6.357159435749054,-0.23172113,2.0,-0.16603619,0.0,-2.0,-0.3027304,-2.9327412,-0.049541950575076044,-0.07587812456768006,0.75,-0.0560168931260705,-5.557729184627533,-0.12517622637096792,0.05864978127647191,-1.75,-0.15561772976070642,-0.799430251121521
2023_15_CHI_CLE,2023,REG,15,2023-12-17,Sunday,13:00,CHI,17.0,CLE,20.0,Home,3.0,37.0,0.0,2023121710,59384.0,,202312170cle,,401547605,,7,7,124.0,-148.0,3.0,-120.0,100.0,38.0,-110.0,-110.0,0,outdoors,grass,45.0,15.0,00-0036945,00-0026158,Justin Fields,Joe Flacco,Matt Eberflus,Kevin Stefanski,Brad Allen,CLE00,FirstEnergy Stadium,1.0,-0.25549102,4.0,-0.25318345,2.0,-2.0,-0.3703541,-1.7772144,-0.13118122518062592,-0.05237970361486077,-0.75,-0.15869702026247978,-11.253655195236206,-0.25318345,2.0,-0.25549102,4.0,2.0,-0.31116688,-7.541951,-0.05849130265414715,-0.16070157242938876,2.0,-0.029641492292284966,1.4612242579460144,-0.07268992252647877,0.10832186881452799,-2.75,-0.12905552797019482,-12.71487945318222
2023_15_TB_GB,2023,REG,15,2023-12-17,Sunday,13:00,TB,34.0,GB,20.0,Home,-14.0,54.0,0.0,2023121700,59387.0,,202312170gnb,,401547598,,7,6,180.0,-218.0,4.0,-110.0,-110.0,41.5,-110.0,-110.0,0,outdoors,grass,42.0,8.0,00-0034855,00-0036264,Baker Mayfield,Jordan Love,Todd Bowles,Matt LaFleur,Tra Blake,GNB00,Lambeau Field,0.0,0.036449183,1.0,0.27585456,1.0,0.0,0.03164257,11.51444,0.072506511118263,0.013794045196846128,1.0,0.12358935549855232,3.958699941635132,0.27585456,1.0,0.036449183,1.0,0.0,0.3644939,14.231523,-0.056650843820534647,-0.0028719534166157246,-0.5,-0.06927151698619127,-7.155691564083099,0.12915735493879765,0.016665998613461852,1.5,0.1928608724847436,11.114391505718231
2023_15_NYJ_MIA,2023,REG,15,2023-12-17,Sunday,13:00,NYJ,0.0,MIA,30.0,Home,30.0,30.0,0.0,2023121701,59388.0,,202312170mia,,401547594,,7,6,275.0,-345.0,7.5,-115.0,-105.0,36.0,-110.0,-110.0,1,outdoors,grass,76.0,15.0,00-0037013,00-0036212,Zach Wilson,Tua Tagovailoa,Robert Saleh,Mike McDaniel,Brad Rogers,MIA00,Hard Rock Stadium,1.0,0.035551723,0.0,-0.4465386,4.0,4.0,0.10797617,13.440324,0.09244439704343677,-0.14741730224341154,0.0,0.07714606076478958,6.281560778617859,-0.4465386,4.0,0.035551723,0.0,-4.0,-0.5663794,-9.259666,-0.20736641436815262,-0.0884529110044241,-1.5,-0.2795702025759965,-4.5642097890377045,0.2998108114115894,-0.058964391238987446,1.5,0.3567162633407861,10.845770567655563
2023_15_KC_NE,2023,REG,15,2023-12-17,Sunday,13:00,KC,27.0,NE,17.0,Home,-10.0,44.0,0.0,2023121711,59396.0,,202312170nwe,,401547608,,7,10,-485.0,370.0,-10.0,-112.0,-108.0,39.5,-110.0,-110.0,0,outdoors,fieldturf,53.0,7.0,00-0033873,00-0038108,Patrick Mahomes,Bailey Zappe,Andy Reid,Bill Belichick,Shawn Hochuli,BOS00,Gillette Stadium,0.0,-0.33529806,1.0,-0.11270575,2.0,1.0,-0.31725606,1.4648671,-0.16161208786070347,-0.13245153613388538,-1.0,-0.12427090037090238,-5.044770680367947,-0.11270575,2.0,-0.33529806,1.0,-1.0,-0.020356154,10.565665,0.01194760948419571,0.008290865924209356,-0.75,0.06220595631748438,0.4394110441207886,-0.17355969734489918,-0.14074240205809474,-0.25,-0.18647685668838676,-5.484181724488735
2023_15_NYG_NO,2023,REG,15,2023-12-17,Sunday,13:00,NYG,6.0,NO,24.0,Home,18.0,30.0,0.0,2023121702,59389.0,,202312170nor,,401547599,,6,7,205.0,-250.0,6.0,-108.0,-112.0,39.5,-110.0,-110.0,0,dome,sportturf,,,00-0038476,00-0031280,Tommy DeVito,Derek Carr,Brian Daboll,Dennis Allen,Carl Cheffers,NOR00,Mercedes-Benz Superdome,1.0,0.067031965,0.0,-0.196436,0.0,0.0,0.08767843,8.754136,-0.08531654439866543,-0.06531069334596395,-0.75,-0.080177984200418,0.9085781667381525,-0.196436,0.0,0.067031965,0.0,0.0,-0.3010921,-9.470217,-0.08920860523357987,-0.02166474051773548,2.5,-0.12642297893762589,1.6893013268709183,0.003892060834914446,-0.043645952828228474,-3.25,0.04624499473720789,-0.7807231601327658
2023_15_HOU_TEN,2023,REG,15,2023-12-17,Sunday,13:00,HOU,19.0,TEN,16.0,Home,-3.0,35.0,1.0,2023121703,59390.0,,202312170oti,,401547595,,7,6,142.0,-170.0,3.0,100.0,-120.0,38.0,-108.0,-112.0,1,outdoors,grass,48.0,9.0,00-0028986,00-0039152,Case Keenum,Will Levis,DeMeco Ryans,Mike Vrabel,Clete Blakeman,NAS00,Nissan Stadium,0.0,-0.15844017,1.0,-0.06539597,1.0,0.0,-0.18189448,7.893024,0.006865902105346322,0.0734277693554759,0.0,0.044221573043614626,0.5922471284866333,-0.06539597,1.0,-0.15844017,1.0,0.0,-0.11034355,0.46952865,-0.11118058022111654,-0.024083382450044155,0.5,-0.14429236762225628,-4.527522802352905,0.11804648232646286,0.09751115180552006,-0.5,0.1885139406658709,5.119769930839539
2023_15_SF_ARI,2023,REG,15,2023-12-17,Sunday,16:05,SF,45.0,ARI,29.0,Home,-16.0,74.0,0.0,2023121704,59391.0,,202312170crd,,401547596,,7,14,-750.0,525.0,-12.5,-110.0,-110.0,48.0,-110.0,-110.0,1,open,grass,,,00-0037834,00-0035228,Brock Purdy,Kyler Murray,Kyle Shanahan,Jonathan Gannon,Scott Novak,PHO00,State Farm Stadium,0.0,0.047882013,2.0,0.3400719,0.0,-2.0,0.003787155,-0.9985237,-0.03241761354729533,0.00646597018931061,1.0,-0.04018209676723927,-6.287507519125938,0.3400719,0.0,0.047882013,2.0,2.0,0.4262816,5.5801907,0.20228093676269054,-0.042525896336883307,0.25,0.2785779479891062,9.319313168525696,-0.23469855030998588,0.04899186652619392,0.75,-0.31876004475634545,-15.606820687651634
2023_15_WAS_LA,2023,REG,15,2023-12-17,Sunday,16:05,WAS,20.0,LA,28.0,Home,8.0,48.0,0.0,2023121705,59392.0,,202312170ram,,401547597,,14,7,240.0,-298.0,6.5,-108.0,-112.0,48.5,-110.0,-110.0,0,dome,matrixturf,,,00-0037077,00-0026498,Sam Howell,Matthew Stafford,Ron Rivera,Sean McVay,Alan Eck,LAX01,SoFi Stadium,1.0,-0.043610673,2.0,-0.1578774,1.0,-1.0,-0.017858582,6.267043,0.07004941254854202,-0.03892158530652523,0.25,0.09804799780249596,-1.5728576704859734,-0.1578774,1.0,-0.043610673,2.0,1.0,-0.14444259,-8.622108,-0.09998225793242455,0.1887923872563988,-2.25,-0.11628813482820988,-3.094715178012848,0.17003167048096657,-0.22771397256292403,2.5,0.21433613263070583,1.5218575075268745
2023_15_DAL_BUF,2023,REG,15,2023-12-17,Sunday,16:25,DAL,10.0,BUF,31.0,Home,21.0,41.0,0.0,2023121706,59393.0,,202312170buf,,401547600,,7,7,114.0,-135.0,2.0,-108.0,-112.0,49.5,-110.0,-110.0,0,outdoors,a_turf,48.0,9.0,00-0033077,00-0034857,Dak Prescott,Josh Allen,Mike McCarthy,Sean McDermott,Craig Wrolstad,BUF00,New Era Field,1.0,0.22664642,0.0,-0.065740705,1.0,1.0,0.18652302,-10.162528,-0.010264683049172163,-0.09740350535139441,0.5,0.05357409967109561,-3.56777024269104,-0.065740705,1.0,0.22664642,0.0,-1.0,-0.09418129,-4.110101,0.1974954977631569,-0.09783522039651871,1.5,0.21360243018716574,1.2692506313323975,-0.20776018081232905,0.0004317150451242924,-1.0,-0.16002833051607013,-4.8370208740234375
2023_15_BAL_JAX,2023,REG,15,2023-12-17,Sunday,20:20,BAL,23.0,JAX,7.0,Home,-16.0,30.0,0.0,2023121708,59395.0,,202312170jax,,401547602,,7,7,-225.0,185.0,-4.0,-110.0,-110.0,42.5,-108.0,-112.0,0,outdoors,grass,58.0,13.0,00-0034796,00-0036971,Lamar Jackson,Trevor Lawrence,John Harbaugh,Doug Pederson,Shawn Smith,JAX00,TIAA Bank Stadium,0.0,-0.23682572,2.0,0.03433251,1.0,-1.0,-0.22573762,-4.495673,0.07633451744914055,0.014721487648785114,-0.25,0.05726974830031395,6.097735345363617,0.03433251,1.0,-0.23682572,2.0,1.0,0.026114775,3.1668923,0.0531664207810536,-0.03583459299989045,0.25,0.04900299198925495,-3.7079987227916718,0.023168096668086946,0.05055608064867556,-0.5,0.008266756311058998,9.805734068155289
2023_15_PHI_SEA,2023,REG,15,2023-12-18,Monday,20:15,PHI,17.0,SEA,20.0,Home,3.0,37.0,0.0,2023121801,59394.0,,202312180sea,,401547601,,8,8,-238.0,195.0,-5.0,-120.0,100.0,46.0,-112.0,-108.0,0,outdoors,fieldturf,46.0,2.0,00-0036389,00-0035704,Jalen Hurts,Drew Lock,Nick Sirianni,Pete Carroll,Clay Martin,SEA00,Lumen Field,1.0,0.09365049,0.0,0.069378525,2.0,2.0,0.057648502,-1.1112025,-0.018916279543191195,0.09195354953408241,0.0,-0.0659396331757307,-1.729273945093155,0.069378525,2.0,0.09365049,0.0,-2.0,0.11432601,-8.00213,-0.018767036497592926,0.11730516795068979,-0.5,-0.02540291752666235,-1.4898151531815529,-0.0001492430455982685,-0.02535161841660738,0.5,-0.040536715649068356,-0.23945879191160202
2023_16_NO_LA,2023,REG,16,2023-12-21,Thursday,20:15,NO,22.0,LA,30.0,Home,8.0,52.0,0.0,2023122100,59397.0,,202312210ram,,401547609,,4,4,180.0,-218.0,4.0,100.0,-120.0,45.5,-112.0,-108.0,0,dome,matrixturf,,,00-0031280,00-0026498,Derek Carr,Matthew Stafford,Dennis Allen,Sean McVay,Brad Rogers,LAX01,SoFi Stadium,1.0,0.06013902,0.0,-0.068549156,1.0,1.0,0.20810224,7.561841,0.07658040430396795,-0.07071420177817345,0.0,0.13440978853031993,3.543964572250843,-0.068549156,1.0,0.06013902,0.0,-1.0,-0.052531272,-2.991478,-0.04896323010325432,-0.11671420838683844,-0.25,-0.04599697235971689,3.965490171685815,0.12554363440722227,0.04600000660866499,0.25,0.18040676089003682,-0.4215255994349718
2023_16_CIN_PIT,2023,REG,16,2023-12-23,Saturday,16:30,CIN,11.0,PIT,34.0,Home,23.0,45.0,0.0,2023122300,59398.0,,202312230pit,,401547610,,7,7,-155.0,130.0,-3.0,-105.0,-115.0,39.5,-110.0,-110.0,1,outdoors,grass,49.0,5.0,00-0035100,00-0034771,Jake Browning,Mason Rudolph,Zac Taylor,Mike Tomlin,Craig Wrolstad,PIT00,Acrisure Stadium,1.0,0.15321898,0.0,-0.1761622,3.0,3.0,0.22046581,4.5137625,-0.16197726875543594,-0.06596020702272654,-1.0,-0.15965400263667107,2.4515273571014404,-0.1761622,3.0,0.15321898,0.0,-3.0,-0.20901686,-0.048837088,0.06476916745305061,0.01392391324043274,-0.25,0.06474378146231174,7.019719064235687,-0.22674643620848656,-0.07988412026315928,-0.75,-0.2243977840989828,-4.568191707134247
2023_16_BUF_LAC,2023,REG,16,2023-12-23,Saturday,20:00,BUF,24.0,LAC,22.0,Home,-2.0,46.0,0.0,2023122301,59399.0,,202312230sdg,,401547611,,6,9,-800.0,550.0,-13.0,-105.0,-115.0,44.5,-115.0,-105.0,0,dome,matrixturf,,,00-0034857,00-0035282,Josh Allen,Easton Stick,Sean McDermott,Giff Smith,Adrian Hill,LAX01,SoFi Stadium,0.0,0.008662159,1.0,0.003098732,2.0,1.0,-0.09489866,1.0746739,-0.279277466237545,-0.05861850827932358,-1.75,-0.32384712994098663,-4.86873385310173,0.003098732,2.0,0.008662159,1.0,-1.0,0.06887287,7.9674835,0.07665717275813222,-0.10625697858631611,1.5,0.11600889777764678,-4.794577956199646,-0.35593463899567723,0.04763847030699253,-3.25,-0.4398560277186334,-0.07415589690208435
2023_16_IND_ATL,2023,REG,16,2023-12-24,Sunday,13:00,IND,10.0,ATL,29.0,Home,19.0,39.0,0.0,2023122402,59400.0,,202312240atl,,401547616,,8,7,130.0,-155.0,3.0,-115.0,-105.0,44.0,-105.0,-115.0,0,closed,fieldturf,,,00-0035289,00-0031800,Gardner Minshew,Taylor Heinicke,Shane Steichen,Arthur Smith,Alan Eck,ATL97,Mercedes-Benz Stadium,1.0,0.11721231,0.0,-0.14776444,1.0,1.0,0.13086963,-0.52304864,-0.10924763232469559,-0.1215339939808473,0.0,-0.12376138474792242,-5.37616091966629,-0.14776444,1.0,0.11721231,0.0,-1.0,-0.2399624,-9.389863,-0.03952039871364832,-0.07766437996178865,1.5,0.019818531116470695,-4.878525376319885,-0.06972723361104727,-0.043869614019058645,-1.5,-0.14357991586439312,-0.49763554334640503
2023_16_GB_CAR,2023,REG,16,2023-12-24,Sunday,13:00,GB,33.0,CAR,30.0,Home,-3.0,63.0,0.0,2023122403,59401.0,,202312240car,,401547617,,7,7,-198.0,164.0,-3.5,-112.0,-108.0,39.5,-110.0,-110.0,0,outdoors,grass,67.0,1.0,00-0036264,00-0039150,Jordan Love,Bryce Young,Matt LaFleur,Chris Tabor,Alex Kemp,CAR00,Bank of America Stadium,0.0,0.19182941,0.0,0.24581403,0.0,0.0,0.18296155,9.521616,-0.16732551716268063,-0.11568023334257305,0.0,-0.18666362203657627,-1.956682026386261,0.24581403,0.0,0.19182941,0.0,0.0,0.2612776,-0.43881842,0.0773111442103982,0.07681163330562413,0.75,0.11017679236829281,5.915776371955872,-0.24463666137307882,-0.19249186664819717,-0.75,-0.2968404144048691,-7.872458398342133
2023_16_CLE_HOU,2023,REG,16,2023-12-24,Sunday,13:00,CLE,36.0,HOU,22.0,Home,-14.0,58.0,0.0,2023122404,59402.0,,202312240htx,,401547612,,7,7,-162.0,136.0,-3.0,-110.0,-110.0,40.0,-110.0,-110.0,0,closed,astroturf,,,00-0026158,00-0028986,Joe Flacco,Case Keenum,Kevin Stefanski,DeMeco Ryans,Tra Blake,HOU00,NRG Stadium,0.0,-0.12132179,2.0,0.08501837,2.0,0.0,-0.26782203,-15.3544855,-0.12218094617128372,-0.05169091559946537,1.25,-0.1586583685129881,-6.001478798687458,0.08501837,2.0,-0.12132179,2.0,0.0,0.11339988,3.5232203,-0.16231698542833328,-0.07436381513252854,-1.0,-0.21665942668914795,-8.185616582632065,0.04013603925704956,0.022672899533063173,2.25,0.05800105817615986,2.184137783944607
2023_16_DET_MIN,2023,REG,16,2023-12-24,Sunday,13:00,DET,30.0,MIN,24.0,Home,-6.0,54.0,0.0,2023122405,59403.0,,202312240min,,401547618,,8,8,-148.0,124.0,-2.5,-125.0,105.0,47.5,-102.0,-118.0,1,dome,sportturf,,,00-0033106,00-0033319,Jared Goff,Nick Mullens,Dan Campbell,Kevin O'Connell,Land Clark,MIN01,U.S. Bank Stadium,0.0,0.015328245,4.0,0.11227291,1.0,-3.0,0.032209292,6.212427,-0.13490203488618135,-0.14812499471008778,-0.75,-0.14849011274054646,2.227101981639862,0.11227291,1.0,0.015328245,4.0,3.0,0.1808663,1.6395862,-0.006131223402917385,-0.025451119989156723,-0.75,0.04934978485107422,-0.7604035437107086,-0.12877081148326397,-0.12267387472093105,0.0,-0.19783989759162068,2.9875055253505707
2023_16_WAS_NYJ,2023,REG,16,2023-12-24,Sunday,13:00,WAS,28.0,NYJ,30.0,Home,2.0,58.0,0.0,2023122406,59404.0,,202312240nyj,,401547613,,7,7,140.0,-166.0,3.0,-108.0,-112.0,36.5,-110.0,-110.0,0,outdoors,fieldturf,45.0,2.0,00-0037077,00-0032156,Sam Howell,Trevor Siemian,Ron Rivera,Robert Saleh,Clay Martin,NYC01,MetLife Stadium,1.0,-0.10120665,3.0,-0.15974782,2.0,-1.0,-0.23998283,-12.557572,-0.2326623648405075,-0.09595484752207994,-1.75,-0.326764676021412,-2.810231536626816,-0.15974782,2.0,-0.10120665,3.0,1.0,-0.1827446,-21.306343,-0.1661643646657467,0.15318358433432877,-1.75,-0.17968781292438507,-4.545669436454773,-0.06649800017476082,-0.24913843185640872,0.0,-0.14707686309702694,1.7354378998279572
2023_16_SEA_TEN,2023,REG,16,2023-12-24,Sunday,13:00,SEA,20.0,TEN,17.0,Home,-3.0,37.0,0.0,2023122407,59405.0,,202312240oti,,401547614,,6,7,-166.0,140.0,-3.0,-110.0,-110.0,42.0,-108.0,-112.0,0,outdoors,grass,61.0,4.0,00-0030565,00-0029701,Geno Smith,Ryan Tannehill,Pete Carroll,Mike Vrabel,Shawn Smith,NAS00,Nissan Stadium,0.0,0.08114877,0.0,0.1655962,0.0,0.0,0.09455045,5.6508665,-0.0441711179446429,-0.020945529453456402,0.0,-0.010747162159532309,0.22402501106262207,0.1655962,0.0,0.08114877,0.0,0.0,0.13119076,4.4254355,0.012173076625913382,0.1267318408936262,0.5,-0.049436451867222786,-0.9702624976634979,-0.05634419457055628,-0.14767737034708261,-0.5,0.03868928970769048,1.19428750872612
2023_16_JAX_TB,2023,REG,16,2023-12-24,Sunday,16:05,JAX,12.0,TB,30.0,Home,18.0,42.0,0.0,2023122408,59406.0,,202312240tam,,401547615,,7,7,-125.0,105.0,-2.0,-110.0,-110.0,43.0,-108.0,-112.0,0,outdoors,grass,72.0,11.0,00-0036971,00-0034855,Trevor Lawrence,Baker Mayfield,Doug Pederson,Todd Bowles,Brad Allen,TAM00,Raymond James Stadium,1.0,0.06331949,0.0,-0.18932843,4.0,4.0,0.05241864,7.176179,0.025184205383993685,-0.0275188940577209,0.0,0.05069622118026018,-4.196907937526703,-0.18932843,4.0,0.06331949,0.0,-4.0,-0.20385276,-0.7021611,-0.060896217823028564,0.011877638287842274,-0.5,-0.047651976346969604,1.066351592540741,0.08608042320702225,-0.03939653234556317,0.5,0.09834819752722979,-5.263259530067444
2023_16_ARI_CHI,2023,REG,16,2023-12-24,Sunday,16:25,ARI,16.0,CHI,27.0,Home,11.0,43.0,0.0,2023122409,59407.0,,202312240chi,,401547619,,7,7,180.0,-218.0,4.5,-110.0,-110.0,42.0,-105.0,-115.0,0,outdoors,grass,52.0,4.0,00-0035228,00-0036945,Kyler Murray,Justin Fields,Jonathan Gannon,Matt Eberflus,John Hussey,CHI98,Soldier Field,1.0,0.107464425,1.0,-0.028057838,0.0,-1.0,0.11651339,2.1331637,-0.09292609617114067,-0.18902970431372523,2.5,-0.09268583171069622,0.5816330313682556,-0.028057838,0.0,0.107464425,1.0,1.0,-0.15749021,-5.6546226,-0.024593932554125786,0.08970854338258505,0.75,-0.03837587061570957,-4.474760994315147,-0.06833216361701488,-0.2787382476963103,1.75,-0.05430996109498665,5.056394025683403
2023_16_DAL_MIA,2023,REG,16,2023-12-24,Sunday,16:25,DAL,20.0,MIA,22.0,Home,2.0,42.0,0.0,2023122410,59408.0,,202312240mia,,401547620,,7,7,102.0,-122.0,1.5,-110.0,-110.0,48.5,100.0,-120.0,0,outdoors,grass,75.0,15.0,00-0033077,00-0036212,Dak Prescott,Tua Tagovailoa,Mike McCarthy,Mike McDaniel,Shawn Hochuli,MIA00,Hard Rock Stadium,1.0,0.12716684,0.0,0.11867714,1.0,1.0,0.035878144,1.9498672,0.12307417998090386,-0.2116891210898757,1.0,0.13009782694280148,7.386467337608337,0.11867714,1.0,0.12716684,0.0,-1.0,0.060105015,-1.7844377,0.14053871482610703,0.00772809237241745,0.75,0.14460364822298288,-0.1912471055984497,-0.01746453484520316,-0.21941721346229315,0.25,-0.014505821280181408,7.577714443206787
2023_16_NE_DEN,2023,REG,16,2023-12-24,Sunday,20:15,NE,26.0,DEN,23.0,Home,-3.0,49.0,0.0,2023122411,59409.0,,202312240den,,401547621,,7,8,270.0,-340.0,7.0,-110.0,-110.0,37.5,-110.0,-110.0,0,outdoors,grass,28.0,9.0,00-0038108,00-0029263,Bailey Zappe,Russell Wilson,Bill Belichick,Sean Payton,Carl Cheffers,DEN00,Empower Field at Mile High,0.0,-0.22182417,2.0,-0.15576665,1.0,-1.0,-0.09270631,6.024156,-0.08409301983192563,-0.09995965659618378,-0.25,-0.10529086273163557,-2.944941967725754,-0.15576665,1.0,-0.22182417,2.0,1.0,-0.07535579,13.42582,-0.23221413418650627,-0.15992294251918793,-0.5,-0.2037836341187358,-4.734084963798523,0.14812111435458064,0.05996328592300415,0.25,0.09849277138710022,1.7891429960727692
2023_16_LV_KC,2023,REG,16,2023-12-25,Monday,13:00,LV,20.0,KC,14.0,Home,-6.0,34.0,0.0,2023122500,59410.0,,202312250kan,,401547351,,11,8,440.0,-600.0,11.0,-102.0,-118.0,40.5,-110.0,-110.0,1,outdoors,grass,38.0,11.0,00-0038579,00-0033873,Aidan O'Connell,Patrick Mahomes,Antonio Pierce,Andy Reid,Clete Blakeman,KAN00,GEHA Field at Arrowhead Stadium,0.0,-0.1966815,2.0,-0.14866713,0.0,-2.0,-0.25061896,-0.21083051,0.013445232063531876,-0.05680840881541371,-0.75,0.09009557170793414,3.93111115694046,-0.14866713,0.0,-0.1966815,2.0,2.0,-0.17964116,-16.423138,-0.12145557440817356,-0.12903373688459396,0.0,-0.12305671442300081,-4.009920358657837,0.13490080647170544,0.07222532806918025,-0.75,0.21315228613093495,7.941031515598297
2023_16_NYG_PHI,2023,REG,16,2023-12-25,Monday,16:30,NYG,25.0,PHI,33.0,Home,8.0,58.0,0.0,2023122501,59411.0,,202312250phi,,401547241,,8,7,600.0,-900.0,14.0,-112.0,-108.0,41.0,-108.0,-112.0,1,outdoors,grass,51.0,5.0,00-0038476,00-0036389,Tommy DeVito,Jalen Hurts,Brian Daboll,Nick Sirianni,Ron Torbert,PHI00,Lincoln Financial Field,1.0,0.018527638,2.0,-0.08919226,1.0,-1.0,0.13014397,-3.788494,0.01730283536016941,0.17039185110479593,-1.25,0.008112013339996338,-2.3169044628739357,-0.08919226,1.0,0.018527638,2.0,1.0,-0.06430624,-4.745049,-0.09760680655017495,-0.06689607165753841,2.25,-0.13909313082695007,2.515897825360298,0.11490964191034436,0.23728792276233435,-3.5,0.1472051441669464,-4.832802288234234
2023_16_BAL_SF,2023,REG,16,2023-12-25,Monday,20:15,BAL,33.0,SF,19.0,Home,-14.0,52.0,0.0,2023122502,59412.0,,202312250sfo,,401547622,,8,8,275.0,-345.0,6.5,-105.0,-115.0,47.5,-112.0,-108.0,0,outdoors,grass,56.0,8.0,00-0034796,00-0037834,Lamar Jackson,Brock Purdy,John Harbaugh,Kyle Shanahan,Bill Vinovich,SFO01,Levi's Stadium,0.0,-0.14422199,5.0,0.091835946,0.0,-5.0,-0.22893375,-7.8521023,0.2535396721214056,-0.01768398331478238,0.25,0.3321422357112169,6.608028054237366,0.091835946,0.0,-0.14422199,5.0,5.0,0.06304676,-1.7495676,0.061172361485660076,-0.10900539648719132,1.0,0.0979642472229898,-1.0539579689502716,0.19236731063574553,0.09132141317240894,-0.75,0.23417798848822713,7.661986023187637
2023_17_NYJ_CLE,2023,REG,17,2023-12-28,Thursday,20:15,NYJ,20.0,CLE,37.0,Home,17.0,57.0,0.0,2023122800,59413.0,,202312280cle,,401547623,,4,4,270.0,-345.0,6.5,-105.0,-115.0,33.5,-110.0,-110.0,0,outdoors,grass,47.0,6.0,00-0032156,00-0026158,Trevor Siemian,Joe Flacco,Robert Saleh,Kevin Stefanski,Alex Kemp,CLE00,FirstEnergy Stadium,1.0,-0.044128537,3.0,-0.22311357,2.0,-1.0,-0.057234038,-0.6283981,-0.09345484152436256,-0.11007268913090229,-0.5,-0.11774929985404015,-3.636710911989212,-0.22311357,2.0,-0.044128537,3.0,1.0,-0.17709796,1.3323013,-0.19284633360803127,-0.15725160483270884,-2.25,-0.2906110801268369,-6.120455265045166,0.09939149208366871,0.047178915701806545,1.75,0.17286178027279675,2.483744353055954
2023_17_DET_DAL,2023,REG,17,2023-12-30,Saturday,20:15,DET,19.0,DAL,20.0,Home,1.0,39.0,0.0,2023123000,59414.0,,202312300dal,,401547624,,6,6,195.0,-238.0,5.5,-110.0,-110.0,53.0,-110.0,-110.0,0,closed,matrixturf,,,00-0033106,00-0033077,Jared Goff,Dak Prescott,Dan Campbell,Mike McCarthy,Brad Allen,DAL00,AT&T Stadium,1.0,-0.044374652,2.0,-0.04886138,2.0,0.0,-0.04094775,4.549378,0.09063912183046341,0.08489512652158737,0.25,0.045217929407954216,-2.776632070541382,-0.04886138,2.0,-0.044374652,2.0,0.0,-0.04500412,-5.1319566,0.05118050891906023,-0.027832319494336843,0.75,0.1293240748345852,-0.6317106485366821,0.03945861291140318,0.11272744601592422,-0.5,-0.08410614542663097,-2.1449214220046997
2023_17_MIA_BAL,2023,REG,17,2023-12-31,Sunday,13:00,MIA,19.0,BAL,56.0,Home,37.0,75.0,0.0,2023123101,59415.0,,202312310rav,,401547625,,7,6,150.0,-180.0,3.0,100.0,-120.0,47.0,-108.0,-112.0,0,outdoors,grass,50.0,7.0,00-0036212,00-0034796,Tua Tagovailoa,Lamar Jackson,Mike McDaniel,John Harbaugh,Clete Blakeman,BAL00,M&T Bank Stadium,1.0,0.39104885,1.0,-0.10046169,3.0,2.0,0.60686636,25.354462,0.04582024272531271,-0.14304528199136257,2.25,0.07104909000918269,-3.251705586910248,-0.10046169,3.0,0.39104885,1.0,-2.0,-0.151777,-5.0640836,0.13350608805194497,-0.11690214183181524,1.5,0.1286619333550334,6.561467409133911,-0.08768584532663226,-0.02614314015954733,0.75,-0.057612843345850706,-9.813172996044159
2023_17_NE_BUF,2023,REG,17,2023-12-31,Sunday,13:00,NE,21.0,BUF,27.0,Home,6.0,48.0,0.0,2023123102,59416.0,,202312310buf,,401547626,,7,8,750.0,-1200.0,15.0,-110.0,-110.0,40.0,-108.0,-112.0,1,outdoors,a_turf,35.0,4.0,00-0038108,00-0034857,Bailey Zappe,Josh Allen,Bill Belichick,Sean McDermott,Alan Eck,BUF00,New Era Field,1.0,-0.08926326,1.0,-0.19585738,4.0,3.0,-0.06537828,-6.945826,0.06104198849061504,-0.017752740066498518,0.5,0.10970832547172904,-1.9509831666946411,-0.19585738,4.0,-0.08926326,1.0,-3.0,-0.28278854,1.759048,-0.22382524982094765,-0.16679216176271439,0.25,-0.18164283502846956,2.0180774927139282,0.2848672383115627,0.14903942169621587,0.25,0.2913511605001986,-3.9690606594085693
2023_17_ATL_CHI,2023,REG,17,2023-12-31,Sunday,13:00,ATL,17.0,CHI,37.0,Home,20.0,54.0,0.0,2023123103,59417.0,,202312310chi,,401547627,,7,7,130.0,-155.0,3.0,-115.0,-105.0,39.0,-110.0,-110.0,0,outdoors,grass,32.0,5.0,00-0031800,00-0036945,Taylor Heinicke,Justin Fields,Arthur Smith,Matt Eberflus,Adrian Hill,CHI98,Soldier Field,1.0,0.07326263,0.0,-0.1758192,4.0,4.0,0.1274257,4.6213527,-0.07510330993682146,-0.20002066576853395,1.5,-0.06827455945312977,-0.43800675868988037,-0.1758192,4.0,0.07326263,0.0,-4.0,-0.07273241,-22.894468,-0.08821278624236584,-0.1463953120401129,0.25,-0.1038063894957304,-4.4994895458221436,0.013109476305544376,-0.05362535372842103,1.25,0.03553183004260063,4.061482787132263
2023_17_TEN_HOU,2023,REG,17,2023-12-31,Sunday,13:00,TEN,3.0,HOU,26.0,Home,23.0,29.0,0.0,2023123104,59418.0,,202312310htx,,401547631,,7,7,190.0,-230.0,5.0,-105.0,-115.0,44.0,-108.0,-112.0,1,closed,astroturf,,,00-0039152,00-0039163,Will Levis,C.J. Stroud,Mike Vrabel,DeMeco Ryans,Scott Novak,HOU00,NRG Stadium,1.0,0.055444576,0.0,-0.36042997,1.0,1.0,0.0025303217,4.450982,-0.14513729512691498,-0.04421907290816307,1.0,-0.2399021741002798,-10.73909992724657,-0.36042997,1.0,0.055444576,0.0,-1.0,-0.4293156,5.147598,-0.0253410916775465,0.036146278493106365,-0.25,0.002617150079458952,0.9514100551605225,-0.11979620344936848,-0.08036535140126944,1.25,-0.24251932417973876,-11.690509982407093
2023_17_LV_IND,2023,REG,17,2023-12-31,Sunday,13:00,LV,20.0,IND,23.0,Home,3.0,43.0,0.0,2023123105,59419.0,,202312310clt,,401547628,,6,7,150.0,-180.0,3.5,-110.0,-110.0,42.5,-105.0,-115.0,0,closed,fieldturf,,,00-0038579,00-0035289,Aidan O'Connell,Gardner Minshew,Antonio Pierce,Shane Steichen,Shawn Smith,IND00,Lucas Oil Stadium,1.0,0.14896367,0.0,0.06800359,0.0,0.0,0.13870494,4.840033,-0.07774840528145432,-0.026443841867148876,1.0,-0.060411017620936036,-4.110816597938538,0.06800359,0.0,0.14896367,0.0,0.0,0.075991675,-1.2510346,-0.11125952564179897,-0.15646225959062576,0.5,-0.1044865446165204,-7.5922486782073975,0.03351112036034465,0.1300184177234769,0.5,0.04407552699558437,3.48143208026886
2023_17_CAR_JAX,2023,REG,17,2023-12-31,Sunday,13:00,CAR,0.0,JAX,26.0,Home,26.0,26.0,0.0,2023123106,59420.0,,202312310jax,,401547629,,7,7,160.0,-192.0,3.5,-110.0,-110.0,38.0,-110.0,-110.0,0,outdoors,grass,56.0,8.0,00-0039150,00-0033936,Bryce Young,C.J. Beathard,Chris Tabor,Doug Pederson,Carl Cheffers,JAX00,TIAA Bank Stadium,1.0,0.05531931,0.0,-0.37707385,1.0,1.0,0.106044985,8.485416,-0.12201107479631901,0.03508160915225744,-1.25,-0.10796495527029037,2.0242035388946533,-0.37707385,1.0,0.05531931,0.0,-1.0,-0.45515618,-4.286079,-0.10367540642619133,-0.05568389408290386,0.25,-0.10625766776502132,-0.23082959651947021,-0.018335668370127678,0.0907655032351613,-1.5,-0.0017072875052690506,2.2550331354141235
2023_17_LA_NYG,2023,REG,17,2023-12-31,Sunday,13:00,LA,26.0,NYG,25.0,Home,-1.0,51.0,0.0,2023123107,59421.0,,202312310nyg,,401547632,,10,6,-298.0,240.0,-6.0,-112.0,-108.0,43.5,-108.0,-112.0,0,outdoors,fieldturf,41.0,10.0,00-0026498,00-0028118,Matthew Stafford,Tyrod Taylor,Sean McVay,Brian Daboll,Tra Blake,NYC01,MetLife Stadium,0.0,-0.08793122,1.0,-0.06444031,3.0,2.0,-0.06790671,1.4849945,-0.11647397535853088,-0.022823872976005077,1.0,-0.14944705367088318,0.4612765461206436,-0.06444031,3.0,-0.08793122,1.0,-2.0,0.018309532,1.1267705,0.03801121562719345,-0.050488535314798355,0.5,0.10272036446258426,2.2417077496647835,-0.15448519098572433,0.027664662338793278,0.5,-0.25216741813346744,-1.7804312035441399
2023_17_ARI_PHI,2023,REG,17,2023-12-31,Sunday,13:00,ARI,35.0,PHI,31.0,Home,-4.0,66.0,0.0,2023123108,59422.0,,202312310phi,,401547633,,7,6,525.0,-750.0,12.0,-110.0,-110.0,48.0,-110.0,-110.0,0,outdoors,grass,45.0,9.0,00-0035228,00-0036389,Kyler Murray,Jalen Hurts,Jonathan Gannon,Nick Sirianni,Bill Vinovich,PHI00,Lincoln Financial Field,0.0,0.2381284,1.0,0.24803755,1.0,0.0,0.22749689,18.843515,3.411434590816498e-06,0.13765406236052513,-1.25,0.031778923235833645,-2.0302682295441628,0.24803755,1.0,0.2381284,1.0,0.0,0.25581938,11.024515,-0.0196058820001781,0.12192327715456486,0.25,-0.06351565691875294,-5.674295783042908,0.019609293434768915,0.015730785205960274,-1.5,0.09529458015458658,3.644027553498745
2023_17_NO_TB,2023,REG,17,2023-12-31,Sunday,13:00,NO,23.0,TB,13.0,Home,-10.0,36.0,0.0,2023123109,59423.0,,202312310tam,,401547634,,10,7,124.0,-148.0,2.5,100.0,-120.0,42.5,-112.0,-108.0,1,outdoors,grass,66.0,5.0,00-0031280,00-0034855,Derek Carr,Baker Mayfield,Dennis Allen,Todd Bowles,Land Clark,TAM00,Raymond James Stadium,0.0,-0.13952044,4.0,0.041252434,0.0,-4.0,-0.16686392,-0.9205075,0.06293153821025044,-0.0761378975585103,1.25,0.08485886361449957,-2.0066170692443848,0.041252434,0.0,-0.13952044,4.0,4.0,0.073435076,2.0718622,-0.05402072612196207,-0.10994768515229225,-0.5,-0.048003142699599266,3.576890567317605,0.11695226433221251,0.03380978759378195,1.75,0.13286200631409883,-5.58350763656199
2023_17_SF_WAS,2023,REG,17,2023-12-31,Sunday,13:00,SF,27.0,WAS,10.0,Home,-17.0,37.0,0.0,2023123110,59424.0,,202312310was,,401547635,,6,7,-1050.0,675.0,-14.0,-115.0,-105.0,49.0,-112.0,-108.0,0,outdoors,grass,48.0,7.0,00-0037834,00-0037077,Brock Purdy,Sam Howell,Kyle Shanahan,Ron Rivera,Ron Torbert,WAS00,FedExField,0.0,-0.1346333,2.0,0.16804731,0.0,-2.0,-0.18317498,-0.98132646,-0.16666103154420853,0.1313128164038062,0.0,-0.18267080560326576,-11.02689790725708,0.16804731,0.0,-0.1346333,2.0,2.0,0.22816855,13.217744,0.18754758313298225,0.04525885311886668,-0.75,0.24752285331487656,2.615989089012146,-0.3542086146771908,0.08605396328493953,0.75,-0.4301936589181423,-13.642886996269226
2023_17_PIT_SEA,2023,REG,17,2023-12-31,Sunday,16:05,PIT,30.0,SEA,23.0,Home,-7.0,53.0,0.0,2023123111,59425.0,,202312310sea,,401547636,,8,7,185.0,-225.0,4.5,-110.0,-110.0,40.5,-108.0,-112.0,0,outdoors,fieldturf,47.0,4.0,00-0034771,00-0030565,Mason Rudolph,Geno Smith,Mike Tomlin,Pete Carroll,Shawn Hochuli,SEA00,Lumen Field,0.0,0.08516548,1.0,0.19392401,0.0,-1.0,0.12261409,6.8487935,0.09355597710236907,0.11708244308829308,0.25,0.04958921857178211,-0.8581694066524506,0.19392401,0.0,0.08516548,1.0,1.0,0.2836888,22.0259,-0.13106251135468483,-0.08044523280113935,-0.25,-0.1244036853313446,1.2905685901641846,0.2246184884570539,0.19752767588943243,0.5,0.17399290390312672,-2.148737996816635
2023_17_LAC_DEN,2023,REG,17,2023-12-31,Sunday,16:25,LAC,9.0,DEN,16.0,Home,7.0,25.0,0.0,2023123112,59426.0,,202312310den,,401547630,,8,7,164.0,-198.0,3.5,-108.0,-112.0,39.5,-110.0,-110.0,1,outdoors,grass,41.0,6.0,00-0035282,00-0035264,Easton Stick,Jarrett Stidham,Giff Smith,Sean Payton,Craig Wrolstad,DEN00,Empower Field at Mile High,1.0,-0.033822633,0.0,-0.12709853,1.0,1.0,-0.047925718,-1.8947119,-0.14492748863995075,-0.09129376709461212,-1.0,-0.1216310877352953,-0.4520093500614166,-0.12709853,1.0,-0.033822633,0.0,-1.0,-0.13745867,-3.3097923,-0.21255395701155066,-0.039319260453339666,-0.5,-0.27215404622256756,-4.068023353815079,0.06762646837159991,-0.051974506641272455,-0.5,0.15052295848727226,3.616014003753662
2023_17_CIN_KC,2023,REG,17,2023-12-31,Sunday,16:25,CIN,17.0,KC,25.0,Home,8.0,42.0,0.0,2023123113,59427.0,,202312310kan,,401547235,,8,6,275.0,-345.0,7.5,-115.0,-105.0,46.0,-112.0,-108.0,0,outdoors,grass,36.0,12.0,00-0035100,00-0033873,Jake Browning,Patrick Mahomes,Zac Taylor,Andy Reid,John Hussey,KAN00,GEHA Field at Arrowhead Stadium,1.0,0.10264357,1.0,-0.022168126,0.0,-1.0,0.047615916,6.8755794,-0.06918966397643089,-0.0689565078355372,-1.25,-0.0386352245695889,1.9573080390691757,-0.022168126,0.0,0.10264357,1.0,1.0,-0.075906895,-4.470586,0.050284141674637794,0.04483867064118385,-1.0,0.05152435041964054,6.438298726454377,-0.11947380565106869,-0.11379517847672105,-0.25,-0.09015957498922944,-4.4809906873852015
2023_17_GB_MIN,2023,REG,17,2023-12-31,Sunday,20:20,GB,33.0,MIN,10.0,Home,-23.0,43.0,0.0,2023123114,59428.0,,202312310min,,401547637,,7,7,-108.0,-112.0,1.0,-112.0,-108.0,42.5,-112.0,-108.0,1,dome,sportturf,,,00-0036264,00-0038598,Jordan Love,Jaren Hall,Matt LaFleur,Kevin O'Connell,Clay Martin,MIN01,U.S. Bank Stadium,0.0,-0.17999452,3.0,0.19328889,0.0,-3.0,-0.3389426,-7.746805,-0.11741030728444457,-0.10225775465369225,-0.75,-0.13537634536623955,3.0716174244880676,0.19328889,0.0,-0.17999452,3.0,3.0,0.2734019,8.245716,0.13255138974636793,0.15401249122805893,0.0,0.13911797292530537,4.45051933079958,-0.2499616970308125,-0.2562702458817512,-0.75,-0.2744943182915449,-1.378901906311512
2023_18_PIT_BAL,2023,REG,18,2024-01-06,Saturday,16:30,PIT,17.0,BAL,10.0,Home,-7.0,27.0,0.0,2024010600,59430.0,,202401060rav,,401547639,,6,6,-155.0,130.0,-3.0,-105.0,-115.0,34.0,-110.0,-110.0,1,outdoors,grass,38.0,15.0,00-0034771,00-0035993,Mason Rudolph,Tyler Huntley,Mike Tomlin,John Harbaugh,Brad Allen,BAL00,M&T Bank Stadium,0.0,-0.24084002,2.0,-0.08656707,2.0,0.0,-0.28679344,-13.409593,0.1621070196852088,-0.10360273532569408,1.75,0.21610323106870055,6.270076334476471,-0.08656707,2.0,-0.24084002,2.0,0.0,-0.06786419,15.419965,-0.03901676461100578,-0.07195489294826984,0.25,-0.030427701771259308,5.817393958568573,0.20112378429621458,-0.03164784237742424,1.5,0.24653093283995986,0.45268237590789795
2023_18_HOU_IND,2023,REG,18,2024-01-06,Saturday,20:15,HOU,23.0,IND,19.0,Home,-4.0,42.0,0.0,2024010601,59435.0,,202401060clt,,401547644,,6,6,-125.0,105.0,-1.5,-110.0,-110.0,47.5,-108.0,-112.0,1,closed,fieldturf,,,00-0039163,00-0035289,C.J. Stroud,Gardner Minshew,DeMeco Ryans,Shane Steichen,Bill Vinovich,IND00,Lucas Oil Stadium,0.0,-0.018357996,1.0,0.06424889,0.0,-1.0,-0.01016336,-11.32154,-0.04672553017735481,0.0035179201513528824,0.75,-0.023007678799331188,-2.537564754486084,0.06424889,0.0,-0.018357996,1.0,1.0,0.11994473,8.344965,-0.11600671149790287,-0.09767365455627441,0.5,-0.22572672175010666,-8.663079626858234,0.06928118132054806,0.1011915747076273,0.25,0.20271904295077547,6.12551487237215
2023_18_TB_CAR,2023,REG,18,2024-01-07,Sunday,13:00,TB,9.0,CAR,0.0,Home,-9.0,9.0,0.0,2024010705,59431.0,,202401070car,,401547640,,7,7,-245.0,200.0,-5.0,-105.0,-115.0,36.5,-110.0,-110.0,1,outdoors,grass,54.0,19.0,00-0034855,00-0039150,Baker Mayfield,Bryce Young,Todd Bowles,Chris Tabor,Clete Blakeman,CAR00,Bank of America Stadium,0.0,-0.32286498,2.0,-0.12296734,0.0,-2.0,-0.31029397,-8.01208,-0.1765972003340721,-0.02123793587088585,0.0,-0.1986493095755577,-0.5980130434036255,-0.12296734,0.0,-0.32286498,2.0,2.0,-0.09411872,-3.7214644,0.04866755998227745,-0.04447811935096979,0.25,0.05448022857308388,0.6816491931676865,-0.22526476031634957,0.023240183480083942,-0.25,-0.2531295381486416,-1.279662236571312
2023_18_CLE_CIN,2023,REG,18,2024-01-07,Sunday,13:00,CLE,14.0,CIN,31.0,Home,17.0,45.0,0.0,2024010701,59432.0,,202401070cin,,401547641,,10,7,285.0,-360.0,7.5,-115.0,-105.0,37.0,-112.0,-108.0,1,outdoors,fieldturf,38.0,12.0,00-0032436,00-0035100,Jeff Driskel,Jake Browning,Kevin Stefanski,Zac Taylor,Alan Eck,CIN00,Paycor Stadium,1.0,0.07713808,1.0,-0.17341612,2.0,1.0,0.010782765,3.8264282,0.009921411983668804,0.0524212084710598,-0.5,-0.0160704143345356,0.9916785005480051,-0.17341612,2.0,0.07713808,1.0,-1.0,-0.254296,-10.962533,-0.0778023861348629,-0.18295559473335743,-0.5,-0.10806704591959715,-1.5726278573274612,0.0877237981185317,0.23537680320441723,0.0,0.09199663158506155,2.5643063578754663
2023_18_MIN_DET,2023,REG,18,2024-01-07,Sunday,13:00,MIN,20.0,DET,30.0,Home,10.0,50.0,0.0,2024010703,59433.0,,202401070det,,401547642,,7,8,170.0,-205.0,3.5,-102.0,-118.0,47.5,-110.0,-110.0,1,dome,fieldturf,,,00-0033319,00-0033106,Nick Mullens,Jared Goff,Kevin O'Connell,Dan Campbell,Brad Rogers,DET00,Ford Field,1.0,0.100876406,0.0,-0.036213174,2.0,2.0,0.1408683,3.2193382,0.02606156002730131,-0.02387554058805108,0.25,0.0795666379854083,-1.5249516367912292,-0.036213174,2.0,0.100876406,0.0,-2.0,-0.014632681,2.9914145,-0.08330421661958098,-0.010834876447916031,-1.0,-0.09223392233252525,0.49550700187683105,0.1093657766468823,-0.01304066414013505,1.25,0.17180056031793356,-2.0204586386680603
2023_18_NYJ_NE,2023,REG,18,2024-01-07,Sunday,13:00,NYJ,17.0,NE,3.0,Home,-14.0,20.0,0.0,2024010704,59439.0,,202401070nwe,,401547648,,10,7,120.0,-142.0,2.5,-112.0,-108.0,28.5,-110.0,-110.0,1,outdoors,fieldturf,33.0,14.0,00-0032156,00-0038108,Trevor Siemian,Bailey Zappe,Robert Saleh,Bill Belichick,Land Clark,BOS00,Gillette Stadium,0.0,-0.46179733,3.0,-0.18990934,0.0,-3.0,-0.5594771,-21.351824,-0.20615312084555626,-0.14962951838970184,-0.25,-0.18368249852210283,5.261312961578369,-0.18990934,0.0,-0.46179733,3.0,3.0,-0.23079911,-14.741109,-0.18192541413009167,-0.12526957411319017,-1.25,-0.24757431005127728,-2.575766295194626,-0.024227706715464592,-0.02435994427651167,1.0,0.06389181152917445,7.837079256772995
2023_18_ATL_NO,2023,REG,18,2024-01-07,Sunday,13:00,ATL,17.0,NO,48.0,Home,31.0,65.0,0.0,2024010700,59440.0,,202401070nor,,401547649,,7,7,145.0,-175.0,3.5,-122.0,102.0,41.5,-108.0,-112.0,1,dome,sportturf,,,00-0038122,00-0031280,Desmond Ridder,Derek Carr,Arthur Smith,Dennis Allen,John Hussey,NOR00,Mercedes-Benz Superdome,1.0,0.15455969,0.0,-0.28441733,3.0,3.0,0.20548339,19.399988,-0.028657175600528717,-0.1577313980087638,1.0,-0.02058880217373371,4.09002947807312,-0.28441733,3.0,0.15455969,0.0,-3.0,-0.30003485,2.775879,-0.08915342204272747,-0.06138034292962402,-1.5,-0.06506878137588501,-7.412671327590942,0.06049624644219875,-0.09635105507913977,2.5,0.0444799792021513,11.502700805664062
2023_18_JAX_TEN,2023,REG,18,2024-01-07,Sunday,13:00,JAX,20.0,TEN,28.0,Home,8.0,48.0,0.0,2024010702,59443.0,,202401070oti,,401547652,,7,7,-185.0,154.0,-3.5,-102.0,-118.0,41.5,-112.0,-108.0,1,outdoors,grass,41.0,11.0,00-0036971,00-0029701,Trevor Lawrence,Ryan Tannehill,Doug Pederson,Mike Vrabel,Tra Blake,NAS00,Nissan Stadium,1.0,0.060547072,1.0,-0.03602654,2.0,1.0,0.12612471,-2.1853464,-0.10248771961778402,0.043789378833025694,-0.25,-0.11241426505148411,5.434513688087463,-0.03602654,2.0,0.060547072,1.0,-1.0,-0.06277092,3.6891778,-0.12625960260629654,-0.09400755260139704,-1.25,-0.1279642339795828,0.11038994789123535,0.023771882988512516,0.13779693143442273,1.0,0.015549968928098679,5.324123740196228
2023_18_SEA_ARI,2023,REG,18,2024-01-07,Sunday,16:25,SEA,21.0,ARI,20.0,Home,-1.0,41.0,0.0,2024010712,59429.0,,202401070crd,,401547638,,7,7,-155.0,130.0,-2.5,-122.0,102.0,48.0,-110.0,-110.0,1,closed,grass,,,00-0030565,00-0035228,Geno Smith,Kyler Murray,Pete Carroll,Jonathan Gannon,Adrian Hill,PHO00,State Farm Stadium,0.0,0.07591435,0.0,0.10604293,0.0,0.0,0.23259489,4.0804973,0.07976646022871137,0.12785143218934536,0.0,0.035053013532888144,-1.0141040086746216,0.10604293,0.0,0.07591435,0.0,0.0,0.11255847,-9.984101,0.08008621213957667,0.11761650815606117,0.25,0.04724559932947159,2.7352879345417023,-0.00031975191086530685,0.010234924033284187,-0.25,-0.012192585796583444,-3.749391943216324
2023_18_CHI_GB,2023,REG,18,2024-01-07,Sunday,16:25,CHI,9.0,GB,17.0,Home,8.0,26.0,0.0,2024010706,59434.0,,202401070gnb,,401547643,,7,7,124.0,-148.0,2.5,-102.0,-118.0,45.5,-108.0,-112.0,1,outdoors,grass,34.0,7.0,00-0036945,00-0036264,Justin Fields,Jordan Love,Matt Eberflus,Matt LaFleur,Carl Cheffers,GNB00,Lambeau Field,1.0,0.12639299,1.0,0.019766513,0.0,-1.0,0.2359012,15.490503,0.12200479861348867,0.07544227433390915,0.5,0.13176907785236835,5.115239031612873,0.019766513,0.0,0.12639299,1.0,1.0,-0.09557915,2.9340863,-0.013686996884644032,-0.16487074503675103,2.0,-0.006187470629811287,-1.0552785396575928,0.1356917954981327,0.24031301937066019,-1.5,0.13795654848217964,6.170517571270466
2023_18_KC_LAC,2023,REG,18,2024-01-07,Sunday,16:25,KC,13.0,LAC,12.0,Home,-1.0,25.0,0.0,2024010709,59436.0,,202401070sdg,,401547645,,7,7,154.0,-185.0,3.5,-115.0,-105.0,35.0,-108.0,-115.0,1,dome,matrixturf,,,00-0027948,00-0035282,Blaine Gabbert,Easton Stick,Andy Reid,Giff Smith,Scott Novak,LAX01,SoFi Stadium,0.0,-0.14607385,1.0,-0.17324106,1.0,0.0,-0.23322625,-9.676382,-0.2048501311801374,0.018861554155591875,-1.0,-0.26955228485167027,-3.837186425924301,-0.17324106,1.0,-0.14607385,1.0,0.0,-0.14368604,-17.81384,-0.0771003570407629,-0.13336735358461738,-1.25,-0.0701242727227509,3.4113356322050095,-0.1277497741393745,0.15222890774020925,0.25,-0.19942801212891936,-7.248522058129311
2023_18_DEN_LV,2023,REG,18,2024-01-07,Sunday,16:25,DEN,14.0,LV,27.0,Home,13.0,41.0,0.0,2024010708,59437.0,,202401070rai,,401547646,,7,7,145.0,-175.0,3.5,-118.0,-102.0,37.5,-115.0,-105.0,1,dome,grass,,,00-0035264,00-0038579,Jarrett Stidham,Aidan O'Connell,Sean Payton,Antonio Pierce,Shawn Hochuli,VEG00,Allegiant Stadium,1.0,0.13612665,0.0,-0.043454017,1.0,1.0,0.13133636,6.781735,-0.06923994608223438,-0.15268586203455925,0.5,-0.07888327166438103,-7.2037244737148285,-0.043454017,1.0,0.13612665,0.0,-1.0,-0.04480246,-5.4149714,-0.116730235517025,-0.10779896005988121,0.0,-0.07955021783709526,-1.5565635561943054,0.04749028943479061,-0.04488690197467804,0.5,0.0006669461727142334,-5.647160917520523
2023_18_PHI_NYG,2023,REG,18,2024-01-07,Sunday,16:25,PHI,10.0,NYG,27.0,Home,17.0,37.0,0.0,2024010711,59441.0,,202401070nyg,,401547650,,7,7,-238.0,190.0,-4.5,-112.0,-108.0,43.0,-105.0,-115.0,1,outdoors,fieldturf,36.0,12.0,00-0036389,00-0028118,Jalen Hurts,Tyrod Taylor,Nick Sirianni,Brian Daboll,Craig Wrolstad,NYC01,MetLife Stadium,1.0,0.011364745,1.0,-0.22085388,4.0,3.0,0.08833824,10.6074095,-0.08986995811574161,0.008396596647799015,1.0,-0.10584226995706558,0.7062173187732697,-0.22085388,4.0,0.011364745,1.0,-3.0,-0.2821364,-3.2154026,0.04318931605666876,0.09258202090859413,-1.25,0.07355430908501148,1.8817188367247581,-0.13305927417241037,-0.08418542426079512,2.25,-0.17939657904207706,-1.1755015179514885
2023_18_LA_SF,2023,REG,18,2024-01-07,Sunday,16:25,LA,21.0,SF,20.0,Home,-1.0,41.0,0.0,2024010710,59442.0,,202401070sfo,,401547651,,7,7,200.0,-245.0,5.5,-108.0,-112.0,40.0,-108.0,-112.0,1,outdoors,grass,52.0,11.0,00-0032950,00-0034869,Carson Wentz,Sam Darnold,Sean McVay,Kyle Shanahan,Clay Martin,SFO01,Levi's Stadium,0.0,0.04354315,1.0,0.08311329,1.0,0.0,0.15728909,0.7337979,0.12247798219323158,-0.004745666403323412,-0.25,0.1721339449286461,4.31294858455658,0.08311329,1.0,0.04354315,1.0,0.0,0.10054954,6.6630645,0.004796624183654785,-0.04578675143420696,-0.25,0.07780465949326754,3.8046007826924324,0.1176813580095768,0.04104108503088355,0.0,0.09432928543537855,0.5083478018641472
2023_18_DAL_WAS,2023,REG,18,2024-01-07,Sunday,16:25,DAL,38.0,WAS,10.0,Home,-28.0,48.0,0.0,2024010707,59444.0,,202401070was,,401547653,,8,7,-850.0,575.0,-13.0,-115.0,-105.0,47.5,-110.0,-110.0,1,outdoors,grass,48.0,13.0,00-0033077,00-0037077,Dak Prescott,Sam Howell,Mike McCarthy,Ron Rivera,Shawn Smith,WAS00,FedExField,0.0,-0.2940661,3.0,0.16845396,1.0,-2.0,-0.29947397,1.0782454,-0.1549440324306488,0.09375576581805944,-0.25,-0.1717502661049366,-9.783753246068954,0.16845396,1.0,-0.2940661,3.0,2.0,0.3637524,16.841496,0.031598521396517754,0.037918646819889545,0.0,-0.009331626817584038,-2.7773205041885376,-0.18654255382716656,0.0558371189981699,-0.25,-0.16241863928735256,-7.006432741880417
2023_18_BUF_MIA,2023,REG,18,2024-01-07,Sunday,20:20,BUF,21.0,MIA,14.0,Home,-7.0,35.0,0.0,2024010713,59438.0,,202401070mia,,401547647,,7,7,-155.0,130.0,-2.5,-125.0,105.0,47.5,-110.0,-110.0,1,outdoors,grass,63.0,6.0,00-0034857,00-0036212,Josh Allen,Tua Tagovailoa,Sean McDermott,Mike McDaniel,Alex Kemp,MIA00,Hard Rock Stadium,0.0,-0.06731516,2.0,0.053115297,3.0,1.0,0.038294137,0.51697147,0.020442395005375147,0.022739470936357975,0.75,-0.011580442078411579,3.1046284437179565,0.053115297,3.0,-0.06731516,2.0,-1.0,0.07408544,18.16584,0.028286448738072067,-0.08864841749891639,1.0,0.05202055489644408,-2.6343629360198975,-0.00784405373269692,0.11138788843527436,-0.25,-0.06360099697485566,5.738991379737854
2024_01_BAL_KC,2024,REG,1,2024-09-05,Thursday,20:20,BAL,20.0,KC,27.0,Home,7.0,47.0,0.0,2024090500,59508.0,,202409050kan,,401671789,6449.0,7,7,124.0,-148.0,3.0,-118.0,-102.0,46.0,-110.0,-110.0,0,outdoors,grass,67.0,8.0,00-0034796,00-0033873,Lamar Jackson,Patrick Mahomes,John Harbaugh,Andy Reid,Shawn Hochuli,KAN00,GEHA Field at Arrowhead Stadium,1.0,0.12418382,1.0,0.020795846,1.0,0.0,0.20840624,4.191296,-0.09499618597328663,-0.16305179055780172,-1.0,-0.09176131105050445,-0.14585669338703156,0.020795846,1.0,0.12418382,1.0,0.0,0.0806493,-3.686818,0.06909432169049978,-0.14201911725103855,2.0,0.10230861371383071,3.340548425912857,-0.1640905076637864,-0.021032673306763172,-3.0,-0.19406992476433516,-3.4864051192998886
2024_01_GB_PHI,2024,REG,1,2024-09-06,Friday,20:15,GB,29.0,PHI,34.0,Neutral,5.0,63.0,0.0,2024090600,59509.0,,202409060phi,,401671805,6450.0,7,7,110.0,-130.0,2.0,-110.0,-110.0,49.5,-112.0,-108.0,0,outdoors,,,,00-0036264,00-0036389,Jordan Love,Jalen Hurts,Matt LaFleur,Nick Sirianni,Ron Torbert,SAO00,Arena Corinthians,1.0,0.10358545,3.0,0.09159695,1.0,-2.0,0.056383446,1.243478,0.02629516925662756,0.06596513139083982,-1.5,0.0474576149135828,0.9593722820281982,0.09159695,1.0,0.10358545,3.0,2.0,0.18244727,-12.177565,0.15048627275973558,0.07686399016529322,0.5,0.20055581256747246,8.702960141003132,-0.12419110350310802,-0.010898858774453402,-2.0,-0.15309819765388966,-7.743587858974934
2024_01_PIT_ATL,2024,REG,1,2024-09-08,Sunday,13:00,PIT,18.0,ATL,10.0,Home,-8.0,28.0,0.0,2024090800,59510.0,,202409080atl,,401671744,6451.0,7,7,160.0,-192.0,4.0,-110.0,-110.0,43.0,-115.0,-105.0,0,closed,fieldturf,,,00-0036945,00-0029604,Justin Fields,Kirk Cousins,Mike Tomlin,Raheem Morris,Brad Rogers,ATL97,Mercedes-Benz Stadium,0.0,-0.2430109,3.0,-0.040555723,0.0,-3.0,-0.35138503,-1.9854859,-0.14368633925914764,-0.021494578570127487,-2.0,-0.13615701161324978,-5.893594801425934,-0.040555723,0.0,-0.2430109,3.0,3.0,-0.09979451,4.8555393,-0.016977308318018913,-0.09774229861795902,0.25,0.029083414003252983,11.001002371311188,-0.12670903094112873,0.07624772004783154,-2.25,-0.16524042561650276,-16.89459717273712
2024_01_ARI_BUF,2024,REG,1,2024-09-08,Sunday,13:00,ARI,28.0,BUF,34.0,Home,6.0,62.0,0.0,2024090801,59511.0,,202409080buf,,401671617,6452.0,7,7,250.0,-310.0,6.5,-105.0,-115.0,46.0,-112.0,-108.0,0,outdoors,a_turf,61.0,20.0,00-0035228,00-0034857,Kyler Murray,Josh Allen,Jonathan Gannon,Sean McDermott,Tra Blake,BUF00,New Era Field,1.0,0.19135743,1.0,0.14116283,1.0,0.0,0.22208434,9.891942,0.04839929804438725,-0.0800627707503736,0.5,0.06602576188743114,2.2562423944473267,0.14116283,1.0,0.19135743,1.0,0.0,0.063334994,1.1966285,0.08594401879236102,0.19792690873146057,-0.25,0.0836778047378175,2.112966537475586,-0.03754472074797377,-0.2779896794818342,0.75,-0.01765204285038635,0.14327585697174072
2024_01_TEN_CHI,2024,REG,1,2024-09-08,Sunday,13:00,TEN,17.0,CHI,24.0,Home,7.0,41.0,0.0,2024090802,59512.0,,202409080chi,,401671719,6453.0,7,7,164.0,-198.0,4.0,-108.0,-112.0,43.0,-110.0,-110.0,0,outdoors,grass,67.0,8.0,00-0039152,00-0039918,Will Levis,Caleb Williams,Brian Callahan,Matt Eberflus,Shawn Smith,CHI98,Soldier Field,1.0,-0.20120011,1.0,-0.2782829,3.0,2.0,-0.24889682,-19.838387,-0.013172470964491367,-0.08324376726523042,1.5,-0.0407017357647419,0.5366628766059875,-0.2782829,3.0,-0.20120011,1.0,-2.0,-0.26414466,4.8812203,-0.0942935748025775,0.029904565773904324,0.0,-0.09763372875750065,4.126535475254059,0.08112110383808613,-0.11314833303913474,1.5,0.05693199299275875,-3.5898725986480713
2024_01_NE_CIN,2024,REG,1,2024-09-08,Sunday,13:00,NE,16.0,CIN,10.0,Home,-6.0,26.0,0.0,2024090803,59513.0,,202409080cin,,401671628,6454.0,7,7,295.0,-375.0,8.0,-110.0,-110.0,40.5,-112.0,-108.0,0,outdoors,fieldturf,66.0,5.0,00-0033119,00-0036442,Jacoby Brissett,Joe Burrow,Jerod Mayo,Zac Taylor,Land Clark,CIN00,Paycor Stadium,0.0,-0.03840472,1.0,0.07777722,1.0,0.0,-0.17894964,-0.096786365,-0.01012930367141962,0.04130940139293671,0.0,-0.03153700893744826,0.9617689494043589,0.07777722,1.0,-0.03840472,1.0,0.0,-0.006899283,1.1327051,-0.2871798537671566,-0.15342563018202782,-1.0,-0.3087193723767996,-1.1755220890045166,0.277050550095737,0.19473503157496452,1.0,0.2771823634393513,2.1372910384088755
2024_01_HOU_IND,2024,REG,1,2024-09-08,Sunday,13:00,HOU,29.0,IND,27.0,Home,-2.0,56.0,0.0,2024090804,59514.0,,202409080clt,,401671861,6455.0,7,7,-155.0,130.0,-3.0,-108.0,-112.0,49.0,-112.0,-108.0,1,closed,fieldturf,,,00-0039163,00-0039164,C.J. Stroud,Anthony Richardson,DeMeco Ryans,Shane Steichen,John Hussey,IND00,Lucas Oil Stadium,0.0,0.09467651,1.0,0.12762077,0.0,-1.0,0.051887605,-14.212923,-0.019072805531322956,-0.01975509338080883,0.25,-0.014455430442467332,-4.662897884845734,0.12762077,0.0,0.09467651,1.0,1.0,0.14074478,9.766074,-0.016756074503064156,-0.11305244360119104,0.5,-0.06392263242742047,-0.5222524479031563,-0.0023167310282588005,0.09329735022038221,-0.25,0.049467201984953135,-4.140645436942577
2024_01_JAX_MIA,2024,REG,1,2024-09-08,Sunday,13:00,JAX,17.0,MIA,20.0,Home,3.0,37.0,0.0,2024090805,59515.0,,202409080mia,,401671849,6456.0,7,7,150.0,-180.0,3.5,-110.0,-110.0,49.5,-112.0,-108.0,0,outdoors,grass,91.0,10.0,00-0036971,00-0036212,Trevor Lawrence,Tua Tagovailoa,Doug Pederson,Mike McDaniel,Craig Wrolstad,MIA00,Hard Rock Stadium,1.0,-0.0062852157,0.0,-0.041752074,1.0,1.0,0.024073325,-7.655266,-0.0012645730748772621,0.029075671918690205,1.0,0.007592862471938133,2.7107697427272797,-0.041752074,1.0,-0.0062852157,0.0,-1.0,-0.14796366,-0.2412756,-0.10171534586697817,-0.05471869558095932,-1.25,-0.09657907672226429,1.744189977645874,0.1004507727921009,0.08379436749964952,2.25,0.10417193919420242,0.9665797650814056
2024_01_CAR_NO,2024,REG,1,2024-09-08,Sunday,13:00,CAR,10.0,NO,47.0,Home,37.0,57.0,0.0,2024090806,59516.0,,202409080nor,,401671734,6457.0,7,7,160.0,-192.0,3.5,-108.0,-112.0,41.5,-112.0,-108.0,1,dome,sportturf,,,00-0039150,00-0031280,Bryce Young,Derek Carr,Dave Canales,Dennis Allen,Alan Eck,NOR00,Mercedes-Benz Superdome,1.0,0.19670652,0.0,-0.37482166,4.0,4.0,0.20582,10.192334,0.04857373237609863,-0.14005868788808584,1.5,0.07851640693843365,6.808627128601074,-0.37482166,4.0,0.19670652,0.0,-4.0,-0.48541656,-17.186285,-0.16853640228509903,-0.013388784602284431,-0.25,-0.19454164057970047,2.7003613710403442,0.21711013466119766,-0.1266699032858014,1.75,0.2730580475181341,4.10826575756073
2024_01_MIN_NYG,2024,REG,1,2024-09-08,Sunday,13:00,MIN,28.0,NYG,6.0,Home,-22.0,34.0,0.0,2024090807,59517.0,,202409080nyg,,401671712,6458.0,7,7,-115.0,-105.0,-1.0,-108.0,-112.0,42.5,-108.0,-112.0,0,outdoors,fieldturf,64.0,10.0,00-0034869,00-0035710,Sam Darnold,Daniel Jones,Kevin O'Connell,Brian Daboll,Alex Kemp,NYC01,MetLife Stadium,0.0,-0.2345987,2.0,0.09439463,2.0,0.0,-0.35724223,-10.656156,-0.09054868435487151,-0.04993364680558443,1.5,-0.08624169789254665,-0.5307154357433319,0.09439463,2.0,-0.2345987,2.0,0.0,0.15555473,16.699799,-0.029522070195525885,0.12177830934524536,-2.25,-0.045116210822016,4.27015221118927,-0.06102661415934563,-0.1717119561508298,3.75,-0.04112548707053065,-4.800867646932602
2024_01_LV_LAC,2024,REG,1,2024-09-08,Sunday,16:05,LV,10.0,LAC,22.0,Home,12.0,32.0,0.0,2024090808,59518.0,,202409080sdg,,401671659,6459.0,7,7,130.0,-155.0,3.0,-118.0,-102.0,41.0,-108.0,-112.0,1,dome,matrixturf,,,00-0035289,00-0036355,Gardner Minshew,Justin Herbert,Antonio Pierce,Jim Harbaugh,Scott Novak,LAX01,SoFi Stadium,1.0,-0.12475146,0.0,-0.31249446,3.0,3.0,-0.08854648,-0.6245564,-0.14404852082952857,0.0073287818231619895,-0.75,-0.2101112063974142,-2.482212394475937,-0.31249446,3.0,-0.12475146,0.0,-3.0,-0.33483836,1.0440233,0.07218580134212971,-0.10071392636746168,1.5,0.07003795728087425,-3.8768706023693085,-0.21623432217165828,0.10804270819062367,-2.25,-0.28014916367828846,1.3946582078933716
2024_01_DEN_SEA,2024,REG,1,2024-09-08,Sunday,16:05,DEN,20.0,SEA,26.0,Home,6.0,46.0,0.0,2024090809,59519.0,,202409080sea,,401671664,6460.0,7,7,225.0,-278.0,6.5,-110.0,-110.0,42.0,-108.0,-112.0,0,outdoors,fieldturf,65.0,7.0,00-0039732,00-0030565,Bo Nix,Geno Smith,Sean Payton,Mike Macdonald,Brad Allen,SEA00,Lumen Field,1.0,-0.047614582,1.0,-0.13299543,4.0,3.0,-0.07988829,5.264541,0.11261377483606339,0.10509141534566879,0.25,0.10600295662879944,0.044731318950653076,-0.13299543,4.0,-0.047614582,1.0,-3.0,-0.3110773,-5.0897765,-0.09581624623388052,0.023552775382995605,-0.5,-0.07841632049530745,-2.6072671115398407,0.2084300210699439,0.08153863996267319,0.75,0.18441927712410688,2.6519984304904938
2024_01_DAL_CLE,2024,REG,1,2024-09-08,Sunday,16:25,DAL,33.0,CLE,17.0,Home,-16.0,50.0,0.0,2024090810,59520.0,,202409080cle,,401671761,6461.0,7,7,110.0,-130.0,2.5,-112.0,-108.0,42.0,-108.0,-112.0,0,outdoors,grass,69.0,17.0,00-0033077,00-0033537,Dak Prescott,Deshaun Watson,Mike McCarthy,Kevin Stefanski,Clete Blakeman,CLE00,FirstEnergy Stadium,0.0,-0.24428348,2.0,-0.03779791,0.0,-2.0,-0.27186438,-7.9628096,-0.09700432792305946,-0.13012018240988255,-1.0,-0.14212106261402369,-2.461231306195259,-0.03779791,0.0,-0.24428348,2.0,2.0,-0.110944994,-6.6068068,0.044253936037421227,0.0027214447036385536,0.0,0.07218209188431501,3.874083638191223,-0.1412582639604807,-0.1328416271135211,-1.0,-0.2143031544983387,-6.335314944386482
2024_01_WAS_TB,2024,REG,1,2024-09-08,Sunday,16:25,WAS,20.0,TB,37.0,Home,17.0,57.0,0.0,2024090811,59521.0,,202409080tam,,401671770,6462.0,7,7,164.0,-198.0,4.0,-112.0,-108.0,42.0,-110.0,-110.0,0,outdoors,grass,93.0,6.0,00-0039910,00-0034855,Jayden Daniels,Baker Mayfield,Dan Quinn,Todd Bowles,Bill Vinovich,TAM00,Raymond James Stadium,1.0,0.27295208,0.0,0.051665157,0.0,0.0,0.26636195,12.6760645,0.019171567633748055,-0.10862294863909483,0.5,0.03898247703909874,4.191432401537895,0.051665157,0.0,0.27295208,0.0,0.0,0.12063033,-3.1831496,-0.18658115714788437,0.04792098607867956,-0.5,-0.20245903730392456,-7.457883149385452,0.20575272478163242,-0.1565439347177744,1.0,0.2414415143430233,11.649315550923347
2024_01_LA_DET,2024,REG,1,2024-09-08,Sunday,20:20,LA,20.0,DET,26.0,Home,6.0,46.0,1.0,2024090812,59522.0,,202409080det,,401671792,6463.0,7,7,185.0,-225.0,5.0,-108.0,-112.0,54.0,-112.0,-108.0,0,dome,fieldturf,,,00-0026498,00-0033106,Matthew Stafford,Jared Goff,Sean McVay,Dan Campbell,Adrian Hill,DET00,Ford Field,1.0,0.093352124,1.0,0.052882057,1.0,0.0,0.1057764,-7.5498204,0.10130939166992903,-0.03735593659803271,1.5,0.15169777255505323,1.9553802013397217,0.052882057,1.0,0.093352124,1.0,0.0,0.043882255,0.36534992,0.008800331503152847,-0.0677036577835679,-0.5,0.07727568317204714,5.404679775238037,0.09250906016677618,0.030347721185535192,2.0,0.0744220893830061,-3.4492995738983154
2024_01_NYJ_SF,2024,REG,1,2024-09-09,Monday,20:15,NYJ,19.0,SF,32.0,Home,13.0,51.0,0.0,2024090900,59523.0,,202409090sfo,,401671696,6464.0,7,7,150.0,-180.0,3.5,-115.0,-105.0,43.0,-108.0,-112.0,0,outdoors,grass,76.0,10.0,00-0023459,00-0037834,Aaron Rodgers,Brock Purdy,Robert Saleh,Kyle Shanahan,Carl Cheffers,SFO01,Levi's Stadium,1.0,0.17390165,0.0,-0.002621688,2.0,2.0,0.10059915,1.223947,0.10186008829623461,0.02204948663711548,-0.25,0.14570137113332748,2.9199075400829315,-0.002621688,2.0,0.17390165,0.0,-2.0,-0.04936343,-2.066806,-0.24019203893840313,-0.1575304912403226,-0.25,-0.3035648316144943,-8.806511610746384,0.34205212723463774,0.17957997787743807,0.0,0.4492662027478218,11.726419150829315
2024_02_BUF_MIA,2024,REG,2,2024-09-12,Thursday,20:15,BUF,31.0,MIA,10.0,Home,-21.0,41.0,0.0,2024091200,59524.0,,202409120mia,,401671807,6465.0,4,4,114.0,-135.0,2.5,-110.0,-110.0,48.5,-105.0,-115.0,1,outdoors,grass,86.0,3.0,00-0034857,00-0036212,Josh Allen,Tua Tagovailoa,Sean McDermott,Mike McDaniel,Bill Vinovich,MIA00,Hard Rock Stadium,0.0,-0.23552503,3.0,0.113315105,0.0,-3.0,-0.2667296,0.46911344,-0.011723807780072093,0.1302723027765751,0.25,-0.013382848352193832,-2.5631276667118073,0.113315105,0.0,-0.23552503,3.0,3.0,0.2307162,4.1978736,0.03957705065840855,-0.02833688771352172,0.25,0.07491609267890453,7.2698599100112915,-0.051300858438480645,0.1586091904900968,0.0,-0.08829894103109837,-9.832987576723099
2024_02_LV_BAL,2024,REG,2,2024-09-15,Sunday,13:00,LV,26.0,BAL,23.0,Home,-3.0,49.0,0.0,2024091500,59525.0,,202409150rav,,401671624,6466.0,7,10,350.0,-455.0,9.0,-112.0,-108.0,41.0,-108.0,-112.0,0,outdoors,grass,76.0,10.0,00-0035289,00-0034796,Gardner Minshew,Lamar Jackson,Antonio Pierce,John Harbaugh,Tra Blake,BAL00,M&T Bank Stadium,0.0,-0.03451303,1.0,0.030142026,1.0,0.0,-0.010843661,-0.5573773,0.06571015575900674,-0.05176673270761967,1.75,0.11594224534928799,1.6271208822727203,0.030142026,1.0,-0.03451303,1.0,0.0,-0.1652329,15.884127,-0.06425783596932888,-0.053980826400220394,0.0,-0.07678787037730217,-2.4621035158634186,0.12996799172833562,0.002214093692600727,1.75,0.19273011572659016,4.089224398136139
2024_02_LAC_CAR,2024,REG,2,2024-09-15,Sunday,13:00,LAC,26.0,CAR,3.0,Home,-23.0,29.0,0.0,2024091501,59526.0,,202409150car,,401671652,6467.0,7,7,-225.0,185.0,-5.0,-110.0,-110.0,39.0,-112.0,-108.0,0,outdoors,grass,78.0,13.0,00-0036355,00-0039150,Justin Herbert,Bryce Young,Jim Harbaugh,Dave Canales,Brad Rogers,CAR00,Bank of America Stadium,0.0,-0.38327795,1.0,0.05492127,2.0,1.0,-0.49060622,-6.46373,-0.22073277086019516,0.09371812827885151,-1.75,-0.2669762894511223,-4.990707039833069,0.05492127,2.0,-0.38327795,1.0,-1.0,0.1113508,7.6584716,-0.09731542086228728,-0.1291148554882966,0.75,-0.13853251561522484,-3.134014219045639,-0.12341734999790788,0.2228329837671481,-2.5,-0.12844377383589745,-1.8566928207874298
2024_02_NO_DAL,2024,REG,2,2024-09-15,Sunday,13:00,NO,44.0,DAL,19.0,Home,-25.0,63.0,0.0,2024091502,59527.0,,202409150dal,,401671709,6468.0,7,7,235.0,-290.0,6.5,-112.0,-108.0,47.0,-108.0,-112.0,0,closed,matrixturf,,,00-0031280,00-0033077,Derek Carr,Dak Prescott,Dennis Allen,Mike McCarthy,Adrian Hill,DAL00,AT&T Stadium,0.0,-0.0741754,2.0,0.33751637,1.0,-1.0,-0.17185715,-2.2104175,0.05123963486403227,-0.11501103173941374,0.75,0.06799116637557745,3.2499072551727295,0.33751637,1.0,-0.0741754,2.0,1.0,0.46125245,3.0582871,0.08099237084388733,-0.18465510290116072,2.5,0.10805179737508297,7.168176651000977,-0.02975273597985506,0.06964407116174698,-1.75,-0.04006063099950552,-3.918269395828247
2024_02_TB_DET,2024,REG,2,2024-09-15,Sunday,13:00,TB,20.0,DET,16.0,Home,-4.0,36.0,0.0,2024091503,59528.0,,202409150det,,401671721,6469.0,7,7,295.0,-375.0,7.5,-108.0,-112.0,51.5,-112.0,-108.0,0,dome,fieldturf,,,00-0034855,00-0033106,Baker Mayfield,Jared Goff,Todd Bowles,Dan Campbell,Clay Martin,DET00,Ford Field,0.0,-0.08158046,2.0,-0.018734455,1.0,-1.0,-0.06947292,-3.1969519,0.06441001500934362,-0.0030943811871111393,1.25,0.09562672208994627,-1.955713152885437,-0.018734455,1.0,-0.08158046,2.0,1.0,-0.09997592,-7.9368606,0.018445948138833046,-0.10481895506381989,0.5,0.014449488371610641,3.802567884325981,0.04596406687051058,0.10172457387670875,0.75,0.08117723371833563,-5.758281037211418
2024_02_IND_GB,2024,REG,2,2024-09-15,Sunday,13:00,IND,10.0,GB,16.0,Home,6.0,26.0,0.0,2024091504,59529.0,,202409150gnb,,401671723,6470.0,7,9,-142.0,120.0,-3.0,-102.0,-118.0,41.5,-110.0,-110.0,0,outdoors,grass,85.0,7.0,00-0039164,00-0038128,Anthony Richardson,Malik Willis,Shane Steichen,Matt LaFleur,Shawn Hochuli,GNB00,Lambeau Field,1.0,0.00093976886,1.0,-0.09798983,3.0,2.0,-0.0020821015,20.778585,0.16427321545779705,0.033796713687479496,1.0,0.23825698718428612,2.779959090054035,-0.09798983,3.0,0.00093976886,1.0,-2.0,-0.095693946,-8.146408,0.019379436038434505,0.09427138976752758,-0.75,-0.014883303316310048,-7.521073222160339,0.14489377941936255,-0.060474676080048084,1.75,0.25314029050059617,10.301032312214375
2024_02_CLE_JAX,2024,REG,2,2024-09-15,Sunday,13:00,CLE,18.0,JAX,13.0,Home,-5.0,31.0,0.0,2024091505,59530.0,,202409150jax,,401671635,6471.0,7,7,142.0,-170.0,3.0,100.0,-120.0,41.5,-108.0,-112.0,0,outdoors,grass,80.0,12.0,00-0033537,00-0036971,Deshaun Watson,Trevor Lawrence,Kevin Stefanski,Doug Pederson,Adrian Hill,JAX00,TIAA Bank Stadium,0.0,-0.034532085,0.0,0.04787104,0.0,0.0,-0.033992864,-9.22446,-0.05294693447649479,-0.064873127033934,-1.25,-0.07713558711111546,2.807789374142885,0.04787104,0.0,-0.034532085,0.0,0.0,0.022338845,-0.45865226,-0.0942024439573288,-0.0762737961485982,-1.0,-0.11749863717705011,-4.007630094885826,0.04125550948083401,0.011400669114664197,-0.25,0.04036305006593466,6.815419469028711
2024_02_SF_MIN,2024,REG,2,2024-09-15,Sunday,13:00,SF,17.0,MIN,23.0,Home,6.0,40.0,0.0,2024091506,59531.0,,202409150min,,401671645,6472.0,6,7,-218.0,180.0,-4.5,-112.0,-108.0,46.5,-108.0,-112.0,0,dome,sportturf,,,00-0037834,00-0034869,Brock Purdy,Sam Darnold,Kyle Shanahan,Kevin O'Connell,Brad Allen,MIN01,U.S. Bank Stadium,1.0,-0.053516544,2.0,-0.13305676,2.0,0.0,-0.04221357,0.70612407,-0.026621205266565084,0.04295987822115421,-2.0,-0.04145281249657273,4.539208769798279,-0.13305676,2.0,-0.053516544,2.0,0.0,-0.07448403,8.449785,0.06031752843409777,0.00942356139421463,-0.25,0.06428075768053532,1.8308466374874115,-0.08693873370066285,0.03353631682693958,-1.75,-0.10573357017710805,2.7083621323108673
2024_02_SEA_NE,2024,REG,2,2024-09-15,Sunday,13:00,SEA,23.0,NE,20.0,Home,-3.0,43.0,1.0,2024091507,59532.0,,202409150nwe,,401671702,6473.0,7,7,-170.0,142.0,-3.5,-102.0,-118.0,39.0,-110.0,-110.0,0,outdoors,fieldturf,77.0,5.0,00-0030565,00-0033119,Geno Smith,Jacoby Brissett,Mike Macdonald,Jerod Mayo,Carl Cheffers,BOS00,Gillette Stadium,0.0,0.026519917,0.0,0.06128624,0.0,0.0,0.05643542,-4.117939,-0.18391103297472,-0.13485037256032228,-1.25,-0.23113017727155238,-1.258562594652176,0.06128624,0.0,0.026519917,0.0,0.0,0.022229768,8.508058,0.0772975068539381,0.05449792742729187,0.5,0.07161875814199448,1.6386672258377075,-0.2612085398286581,-0.18934829998761415,-1.75,-0.30274893541354686,-2.8972298204898834
2024_02_NYJ_TEN,2024,REG,2,2024-09-15,Sunday,13:00,NYJ,24.0,TEN,17.0,Home,-7.0,41.0,0.0,2024091508,59533.0,,202409150oti,,401671636,6474.0,6,7,-180.0,150.0,-3.5,-112.0,-108.0,41.5,-112.0,-108.0,0,outdoors,grass,80.0,13.0,00-0023459,00-0039152,Aaron Rodgers,Will Levis,Robert Saleh,Brian Callahan,Alan Eck,NAS00,Nissan Stadium,0.0,-0.06640231,2.0,0.08654835,0.0,-2.0,-0.08954142,6.9567018,-0.12425425928086042,-0.004046468995511532,-0.5,-0.11819627322256565,3.373584568500519,0.08654835,0.0,-0.06640231,2.0,2.0,0.035649054,-8.622288,-0.12921281158924103,-0.12294301018118858,0.25,-0.17431083228439093,-7.008296519517899,0.004958552308380604,0.11889654118567705,-0.75,0.056114559061825275,10.381881088018417
2024_02_NYG_WAS,2024,REG,2,2024-09-15,Sunday,13:00,NYG,18.0,WAS,21.0,Home,3.0,39.0,0.0,2024091509,59534.0,,202409150was,,401671716,6475.0,7,7,105.0,-125.0,1.5,-108.0,-112.0,42.5,-105.0,-115.0,1,outdoors,grass,82.0,11.0,00-0035710,00-0039910,Daniel Jones,Jayden Daniels,Brian Daboll,Dan Quinn,Scott Novak,WAS00,FedExField,1.0,0.13286123,0.0,0.08985503,1.0,1.0,0.15648809,6.406155,-0.13419551774859428,0.12706167437136173,-0.75,-0.13619080744683743,-6.098143428564072,0.08985503,1.0,0.13286123,0.0,-1.0,0.0988459,-3.1380217,-0.10008935770019889,-0.04309298004955053,1.5,-0.10027923248708248,-0.8272001445293427,-0.034106160048395395,0.17015465442091227,-2.25,-0.035911574959754944,-5.270943284034729
2024_02_LA_ARI,2024,REG,2,2024-09-15,Sunday,16:05,LA,10.0,ARI,41.0,Home,31.0,51.0,0.0,2024091510,59535.0,,202409150crd,,401671754,6476.0,7,7,-112.0,-108.0,-1.0,-105.0,-115.0,47.5,-118.0,-102.0,1,closed,grass,,,00-0026498,00-0035228,Matthew Stafford,Kyler Murray,Sean McVay,Jonathan Gannon,John Hussey,PHO00,State Farm Stadium,1.0,0.3216523,1.0,-0.14423652,1.0,0.0,0.34682974,17.54706,0.1092642224393785,0.16074829548597336,0.25,0.09856476448476315,2.6617545783519745,-0.14423652,1.0,0.3216523,1.0,0.0,-0.2630421,1.4067496,0.032923514023423195,-0.004896276630461216,-0.25,0.09271089220419526,3.9292564764618874,0.0763407084159553,0.16564457211643457,0.5,0.0058538722805678844,-1.2675018981099129
2024_02_PIT_DEN,2024,REG,2,2024-09-15,Sunday,16:25,PIT,13.0,DEN,6.0,Home,-7.0,19.0,0.0,2024091511,59536.0,,202409150den,,401671668,6477.0,7,7,-155.0,130.0,-3.0,-102.0,-118.0,36.5,-112.0,-108.0,0,outdoors,grass,83.0,4.0,00-0036945,00-0039732,Justin Fields,Bo Nix,Mike Tomlin,Sean Payton,Clete Blakeman,DEN00,Empower Field at Mile High,0.0,-0.11996677,2.0,-0.009450879,0.0,-2.0,-0.2431171,-4.3365116,-0.10802406165748835,-0.04858827777206898,-1.0,-0.12412794586271048,-1.5938259065151215,-0.009450879,0.0,-0.11996677,2.0,2.0,-0.12062743,7.4042807,0.05500505119562149,-0.14371190778911114,1.75,0.08412398211658001,11.703791618347168,-0.16302911285310984,0.09512363001704216,-2.75,-0.20825192797929049,-13.29761752486229
2024_02_CIN_KC,2024,REG,2,2024-09-15,Sunday,16:25,CIN,25.0,KC,26.0,Home,1.0,51.0,0.0,2024091512,59537.0,,202409150kan,,401671670,6478.0,7,10,235.0,-290.0,6.5,-105.0,-115.0,47.5,-108.0,-112.0,0,outdoors,grass,89.0,8.0,00-0036442,00-0033873,Joe Burrow,Patrick Mahomes,Zac Taylor,Andy Reid,Alex Kemp,KAN00,GEHA Field at Arrowhead Stadium,1.0,-0.0062131975,3.0,0.0549321,1.0,-2.0,-0.08461723,4.608934,-0.03577379323542118,-0.07402831362560391,-0.75,-0.034570712596178055,-1.7394489794969559,0.0549321,1.0,-0.0062131975,3.0,2.0,0.045869682,4.9342833,-0.03989924117922783,0.04005591385066509,-0.25,-0.11327265715226531,-0.19744527526199818,0.004125447943806648,-0.114084227476269,-0.5,0.07870194455608726,-1.5420037042349577
2024_02_CHI_HOU,2024,REG,2,2024-09-15,Sunday,20:20,CHI,13.0,HOU,19.0,Home,6.0,32.0,0.0,2024091513,59538.0,,202409150htx,,401671786,6479.0,7,7,210.0,-258.0,6.0,-108.0,-112.0,45.5,-105.0,-115.0,0,closed,astroturf,,,00-0039918,00-0039163,Caleb Williams,C.J. Stroud,Matt Eberflus,DeMeco Ryans,Land Clark,HOU00,NRG Stadium,1.0,-0.061328046,1.0,-0.12987168,2.0,1.0,-0.14967987,-3.2702987,0.03149811178445816,-0.049773273058235645,0.75,-0.0011505502625368536,1.8018839359283447,-0.12987168,2.0,-0.061328046,1.0,-1.0,-0.31363907,-1.2981589,-0.00017663557082414627,-0.08894174033775926,1.5,-0.025134220719337463,-2.5374459624290466,0.03167474735528231,0.03916846727952361,-0.75,0.02398367045680061,4.339329898357391
2024_02_ATL_PHI,2024,REG,2,2024-09-16,Monday,20:15,ATL,22.0,PHI,21.0,Home,-1.0,43.0,0.0,2024091600,59539.0,,202409160phi,,401671691,6480.0,8,10,215.0,-265.0,5.5,-105.0,-115.0,46.5,-110.0,-110.0,0,outdoors,grass,71.0,9.0,00-0029604,00-0036389,Kirk Cousins,Jalen Hurts,Raheem Morris,Nick Sirianni,Craig Wrolstad,PHI00,Lincoln Financial Field,0.0,0.08863136,1.0,0.13955986,0.0,-1.0,0.11931952,13.684329,0.03484690096229315,0.06545174727216363,-1.5,0.03297197446227074,3.270774155855179,0.13955986,0.0,0.08863136,1.0,1.0,0.15170576,2.9128387,-0.14650877937674522,0.00987553782761097,-2.25,-0.1483206655830145,-5.656780987977982,0.18135568033903837,0.05557620944455266,0.75,0.18129264004528522,8.92755514383316
2024_03_NE_NYJ,2024,REG,3,2024-09-19,Thursday,20:15,NE,3.0,NYJ,24.0,Home,21.0,27.0,0.0,2024091900,59540.0,,202409190nyj,,401671808,6481.0,4,4,230.0,-285.0,6.5,-110.0,-110.0,39.0,-108.0,-112.0,1,outdoors,fieldturf,75.0,5.0,00-0033119,00-0023459,Jacoby Brissett,Aaron Rodgers,Jerod Mayo,Robert Saleh,John Hussey,NYC01,MetLife Stadium,1.0,0.120289706,0.0,-0.22021373,1.0,1.0,0.2564556,12.662459,-0.08227406069636345,-0.09960663132369518,1.0,-0.10540286172181368,-6.0244753658771515,-0.22021373,1.0,0.120289706,0.0,-1.0,-0.39966586,-3.5323563,-0.13833939097821712,-0.06407277006655931,-1.5,-0.19818237435538322,-5.644502431154251,0.056065330281853676,-0.03553386125713587,2.5,0.09277951263356954,-0.3799729347229004
2024_03_NYG_CLE,2024,REG,3,2024-09-22,Sunday,13:00,NYG,21.0,CLE,15.0,Home,-6.0,36.0,0.0,2024092200,59541.0,,202409220cle,,401671855,6482.0,7,7,220.0,-270.0,6.5,-112.0,-108.0,38.0,-108.0,-112.0,0,outdoors,grass,76.0,4.0,00-0035710,00-0033537,Daniel Jones,Deshaun Watson,Brian Daboll,Kevin Stefanski,Craig Wrolstad,CLE00,FirstEnergy Stadium,0.0,-0.25166124,2.0,-0.14513077,2.0,0.0,-0.37738156,-7.469329,-0.10348927602171898,-0.05457636993378401,-1.0,-0.14026389550417662,-5.003098234534264,-0.14513077,2.0,-0.25166124,2.0,0.0,0.044357363,5.554603,-0.055327536072582006,-0.01450958289206028,1.0,-0.059491198509931564,-0.4254433214664459,-0.04816173994913697,-0.04006678704172373,-2.0,-0.08077269699424505,-4.577654913067818
2024_03_CHI_IND,2024,REG,3,2024-09-22,Sunday,13:00,CHI,16.0,IND,21.0,Home,5.0,37.0,0.0,2024092201,59542.0,,202409220clt,,401671865,6483.0,7,7,105.0,-125.0,1.5,-108.0,-112.0,43.0,-105.0,-115.0,0,closed,fieldturf,,,00-0039918,00-0039164,Caleb Williams,Anthony Richardson,Matt Eberflus,Shane Steichen,Adrian Hill,IND00,Lucas Oil Stadium,1.0,-0.123894915,2.0,-0.12408947,3.0,1.0,-0.21308674,-9.81645,0.03182309027761221,0.06520325437304564,-1.0,0.021183809963986278,-7.210209488868713,-0.12408947,3.0,-0.123894915,2.0,-1.0,-0.20157462,2.7320087,-0.05951066222041845,-0.09725929237902164,1.5,-0.13267233595252037,-3.3952766060829163,0.09133375249803066,0.16246254675206728,-2.5,0.15385614591650665,-3.814932882785797
2024_03_HOU_MIN,2024,REG,3,2024-09-22,Sunday,13:00,HOU,7.0,MIN,34.0,Home,27.0,41.0,0.0,2024092202,59543.0,,202409220min,,401671646,6484.0,7,7,-135.0,114.0,-2.0,-112.0,-108.0,46.0,-108.0,-112.0,0,dome,sportturf,,,00-0039163,00-0034869,C.J. Stroud,Sam Darnold,DeMeco Ryans,Kevin O'Connell,Shawn Hochuli,MIN01,U.S. Bank Stadium,1.0,0.11993146,0.0,-0.26191682,2.0,2.0,0.108817175,0.97417665,-0.04383240267634392,-0.018372539430856705,-1.25,-0.06005852809175849,3.162633001804352,-0.26191682,2.0,0.11993146,0.0,-2.0,-0.21875821,-5.3981123,0.046496547758579254,-0.10349578503519297,1.0,0.028384989185724407,4.822930634021759,-0.09032895043492317,0.08512324560433626,-2.25,-0.0884435172774829,-1.6602976322174072
2024_03_PHI_NO,2024,REG,3,2024-09-22,Sunday,13:00,PHI,15.0,NO,12.0,Home,-3.0,27.0,0.0,2024092203,59544.0,,202409220nor,,401671736,6485.0,6,7,120.0,-142.0,2.5,-105.0,-115.0,49.0,-110.0,-110.0,0,dome,sportturf,,,00-0036389,00-0031280,Jalen Hurts,Derek Carr,Nick Sirianni,Dennis Allen,Scott Novak,NOR00,Mercedes-Benz Superdome,0.0,-0.15600148,1.0,-0.09783384,2.0,1.0,-0.20246732,-6.906113,0.18250875174999237,-0.21823370829224586,3.0,0.23649772815406322,8.680617928504944,-0.09783384,2.0,-0.15600148,1.0,-1.0,0.032408603,9.867376,0.05237283185124397,0.12263977760449052,-1.5,0.030265862122178078,7.638979941606522,0.1301359198987484,-0.3408734858967364,4.5,0.20623186603188515,1.0416379868984222
2024_03_LAC_PIT,2024,REG,3,2024-09-22,Sunday,13:00,LAC,10.0,PIT,20.0,Home,10.0,30.0,0.0,2024092204,59545.0,,202409220pit,,401671632,6486.0,7,7,124.0,-148.0,3.0,-118.0,-102.0,36.0,-115.0,-105.0,0,outdoors,grass,72.0,2.0,00-0036355,00-0036945,Justin Herbert,Justin Fields,Jim Harbaugh,Mike Tomlin,Alex Kemp,PIT00,Acrisure Stadium,1.0,0.048708316,1.0,-0.114862524,0.0,-1.0,0.13160703,10.247889,0.014337585307657719,-0.12966305017471313,1.5,-0.001149328425526619,12.426421165466309,-0.114862524,0.0,0.048708316,1.0,1.0,-0.16468275,6.3645067,-0.08575064316391945,-0.22570902667939663,0.25,-0.08697015047073364,-1.4880647957324982,0.10008822847157717,0.0960459765046835,1.25,0.08582082204520702,13.914485961198807
2024_03_DEN_TB,2024,REG,3,2024-09-22,Sunday,13:00,DEN,26.0,TB,7.0,Home,-19.0,33.0,0.0,2024092205,59546.0,,202409220tam,,401671741,6487.0,7,7,200.0,-245.0,6.0,-112.0,-108.0,40.5,-108.0,-112.0,0,outdoors,grass,85.0,6.0,00-0039732,00-0034855,Bo Nix,Baker Mayfield,Sean Payton,Todd Bowles,Alan Eck,TAM00,Raymond James Stadium,0.0,-0.26794052,2.0,0.08927312,1.0,-1.0,-0.3762474,3.9307613,-0.0020675379782915115,-0.07788196206092834,-0.25,-0.023649152368307114,0.024308010935783386,0.08927312,1.0,-0.26794052,2.0,1.0,0.08453726,4.9430223,-0.08255971129983664,-0.0120093347504735,-1.25,-0.1617306424304843,-4.183992832899094,0.08049217332154512,-0.06587262731045485,1.0,0.13808149006217718,4.208300843834877
2024_03_GB_TEN,2024,REG,3,2024-09-22,Sunday,13:00,GB,30.0,TEN,14.0,Home,-16.0,44.0,0.0,2024092206,59547.0,,202409220oti,,401671823,6488.0,7,7,136.0,-162.0,3.0,-112.0,-108.0,37.0,-108.0,-112.0,0,outdoors,grass,87.0,7.0,00-0038128,00-0039152,Malik Willis,Will Levis,Matt LaFleur,Brian Callahan,Clay Martin,NAS00,Nissan Stadium,0.0,-0.24747321,3.0,0.062480796,0.0,-3.0,-0.3672178,5.699416,-0.16114202979952097,-0.023808431811630726,-1.0,-0.16421924158930779,3.7000433802604675,0.062480796,0.0,-0.24747321,3.0,3.0,0.11607765,-1.1954061,0.10305465132114477,-0.038658096455037594,1.5,0.17241706524509937,8.084310054779053,-0.26419668112066574,0.014849664643406868,-2.5,-0.33663630683440715,-4.384266674518585
2024_03_CAR_LV,2024,REG,3,2024-09-22,Sunday,16:05,CAR,36.0,LV,22.0,Home,-14.0,58.0,0.0,2024092207,59548.0,,202409220rai,,401671658,6489.0,7,7,200.0,-245.0,5.5,-110.0,-110.0,40.0,-108.0,-112.0,0,dome,grass,,,00-0027973,00-0035289,Andy Dalton,Gardner Minshew,Dave Canales,Antonio Pierce,Bill Vinovich,VEG00,Allegiant Stadium,0.0,-0.075496584,1.0,0.16319771,0.0,-1.0,-0.08306094,-2.8649828,-0.01955554774031043,-0.013438709080219269,-0.5,-0.07318580523133278,5.614712566137314,0.16319771,0.0,-0.075496584,1.0,1.0,0.20186155,-2.4522922,-0.36450961232185364,0.04599493928253651,-1.5,-0.43536823242902756,-8.987043499946594,0.3449540645815432,-0.059433648362755775,1.0,0.3621824271976948,14.601756066083908
2024_03_MIA_SEA,2024,REG,3,2024-09-22,Sunday,16:05,MIA,3.0,SEA,24.0,Home,21.0,27.0,0.0,2024092208,59549.0,,202409220sea,,401671662,6490.0,10,7,170.0,-205.0,4.0,-110.0,-110.0,41.5,-110.0,-110.0,0,outdoors,fieldturf,64.0,2.0,00-0037327,00-0030565,Skylar Thompson,Geno Smith,Mike McDaniel,Mike Macdonald,Land Clark,SEA00,Lumen Field,1.0,-0.0712196,2.0,-0.36596292,0.0,-2.0,-0.0046409,6.6695538,0.05122001655399799,0.04084071330726147,0.5,0.04437850974500179,2.659322738647461,-0.36596292,0.0,-0.0712196,2.0,2.0,-0.43057972,-0.16044457,-0.10239677387289703,0.12893179431557655,-0.75,-0.08903478272259235,-2.933316119015217,0.15361679042689502,-0.08809108100831509,1.25,0.13341329246759415,5.592638857662678
2024_03_DET_ARI,2024,REG,3,2024-09-22,Sunday,16:25,DET,20.0,ARI,13.0,Home,-7.0,33.0,0.0,2024092209,59550.0,,202409220crd,,401671771,6491.0,7,7,-148.0,124.0,-3.0,-102.0,-118.0,51.5,-112.0,-108.0,0,closed,grass,,,00-0033106,00-0035228,Jared Goff,Kyler Murray,Dan Campbell,Jonathan Gannon,Brad Rogers,PHO00,State Farm Stadium,0.0,-0.1360781,1.0,-0.00733519,1.0,0.0,-0.23840535,-1.604912,0.19669175520539284,0.09782305918633938,0.0,0.22464475221931934,8.462175220251083,-0.00733519,1.0,-0.1360781,1.0,0.0,0.04477957,10.704041,0.015946672298014164,-0.011610056273639202,0.25,0.033041917718946934,-3.164847671985626,0.18074508290737867,0.10943311545997858,-0.25,0.1916028345003724,11.62702289223671
2024_03_BAL_DAL,2024,REG,3,2024-09-22,Sunday,16:25,BAL,28.0,DAL,25.0,Home,-3.0,53.0,0.0,2024092210,59551.0,,202409220dal,,401671763,6492.0,7,7,-120.0,100.0,-1.5,-110.0,-110.0,47.5,-112.0,-108.0,0,closed,matrixturf,,,00-0034796,00-0033077,Lamar Jackson,Dak Prescott,John Harbaugh,Mike McCarthy,Ron Torbert,DAL00,AT&T Stadium,0.0,0.062890776,1.0,0.1252546,0.0,-1.0,0.006180512,-10.795588,0.0030264994129538536,-0.06242364924401045,0.75,0.010000625625252724,3.1434122920036316,0.1252546,0.0,0.062890776,1.0,1.0,0.37345555,4.3970895,0.034122911747545004,-0.008175728376954794,0.5,0.09746963996440172,1.9251684695482254,-0.03109641233459115,-0.054247920867055655,0.25,-0.087469014339149,1.2182438224554062
2024_03_SF_LA,2024,REG,3,2024-09-22,Sunday,16:25,SF,24.0,LA,27.0,Home,3.0,51.0,0.0,2024092211,59552.0,,202409220ram,,401671772,6493.0,7,7,-258.0,210.0,-6.0,-108.0,-112.0,44.5,-110.0,-110.0,1,dome,matrixturf,,,00-0037834,00-0026498,Brock Purdy,Matthew Stafford,Kyle Shanahan,Sean McVay,Clete Blakeman,LAX01,SoFi Stadium,1.0,0.15919995,0.0,0.13695699,1.0,1.0,0.11957016,2.0764472,-0.0181703707203269,0.0926540857180953,-0.5,-0.025075191166251898,2.3904836252331734,0.13695699,1.0,0.15919995,0.0,-1.0,0.20031309,8.3491335,0.0631088363006711,-0.026914561167359352,1.0,0.10289318859577179,5.906318515539169,-0.081279207020998,0.11956864688545465,-1.5,-0.1279683797620237,-3.515834890305996
2024_03_KC_ATL,2024,REG,3,2024-09-22,Sunday,20:20,KC,22.0,ATL,17.0,Home,-5.0,39.0,0.0,2024092212,59553.0,,202409220atl,,401671793,6494.0,7,6,-170.0,142.0,-3.0,-118.0,-102.0,46.0,-108.0,-112.0,0,closed,fieldturf,,,00-0033873,00-0029604,Patrick Mahomes,Kirk Cousins,Andy Reid,Raheem Morris,Tra Blake,ATL97,Mercedes-Benz Stadium,0.0,-0.0063160155,1.0,0.0857424,1.0,0.0,-0.09951051,6.6067266,-0.14092189073562622,0.06897448934614658,-2.25,-0.14311163313686848,-4.797809153795242,0.0857424,1.0,-0.0063160155,1.0,0.0,0.099487275,1.287026,0.011843282263725996,-0.02312850719317794,-0.75,0.006929721683263779,-0.5345078706741333,-0.15276517299935222,0.09210299653932452,-1.5,-0.15004135482013226,-4.263301283121109
2024_03_JAX_BUF,2024,REG,3,2024-09-23,Monday,19:30,JAX,10.0,BUF,47.0,Home,37.0,57.0,0.0,2024092300,59554.0,,202409230buf,,401671682,6495.0,8,11,180.0,-218.0,4.0,-108.0,-112.0,46.5,-110.0,-110.0,0,outdoors,a_turf,68.0,5.0,00-0036971,00-0034857,Trevor Lawrence,Josh Allen,Doug Pederson,Sean McDermott,Shawn Smith,BUF00,New Era Field,1.0,0.3459446,0.0,-0.16261637,2.0,2.0,0.4465296,12.89343,0.06713114399462938,-0.08938368409872055,1.25,0.1153769250959158,6.327457427978516,-0.16261637,2.0,0.3459446,0.0,-2.0,-0.2434139,-7.0190945,-0.014247847720980644,-0.06873523979447782,-0.25,-0.03467061370611191,0.6772147305309772,0.08137899171561003,-0.02064844430424273,1.5,0.1500475388020277,5.650242697447538
2024_03_WAS_CIN,2024,REG,3,2024-09-23,Monday,20:15,WAS,38.0,CIN,33.0,Home,-5.0,71.0,0.0,2024092301,59555.0,,202409230cin,,401671490,6496.0,8,8,280.0,-355.0,7.5,-115.0,-105.0,46.0,-112.0,-108.0,0,outdoors,fieldturf,69.0,5.0,00-0039910,00-0036442,Jayden Daniels,Joe Burrow,Dan Quinn,Zac Taylor,Brad Allen,CIN00,Paycor Stadium,0.0,0.300259,0.0,0.4257875,0.0,0.0,0.368845,9.191212,0.017874333076179028,0.00019786832854151726,1.0,-0.04955102177336812,1.0483348108828068,0.4257875,0.0,0.300259,0.0,0.0,0.51534027,28.35013,-0.061043255031108856,0.17482709512114525,-0.75,-0.05138263292610645,0.829981118440628,0.07891758810728788,-0.17462922679260373,1.75,0.0018316111527383327,0.21835369244217873
2024_04_DAL_NYG,2024,REG,4,2024-09-26,Thursday,20:15,DAL,20.0,NYG,15.0,Home,-5.0,35.0,0.0,2024092600,59556.0,,202409260nyg,,401671812,6497.0,4,4,-250.0,205.0,-5.5,-115.0,-105.0,45.0,-112.0,-108.0,1,outdoors,fieldturf,74.0,3.0,00-0033077,00-0035710,Dak Prescott,Daniel Jones,Mike McCarthy,Brian Daboll,Clay Martin,NYC01,MetLife Stadium,0.0,0.018299824,1.0,0.10969813,0.0,-1.0,-0.04494051,10.30994,-0.06962742237374187,-0.061314815655350685,0.5,-0.0314251808449626,0.5919588208198547,0.10969813,0.0,0.018299824,1.0,1.0,0.20791504,13.090057,0.029842856340110302,-0.018894653767347336,0.5,0.02178269112482667,-0.6928290724754333,-0.09947027871385217,-0.04242016188800335,0.0,-0.05320787196978927,1.284787893295288
2024_04_NO_ATL,2024,REG,4,2024-09-29,Sunday,13:00,NO,24.0,ATL,26.0,Home,2.0,50.0,0.0,2024092900,59557.0,,202409290atl,,401671727,6498.0,7,7,120.0,-142.0,2.5,-105.0,-115.0,41.5,-112.0,-108.0,1,closed,fieldturf,,,00-0031280,00-0029604,Derek Carr,Kirk Cousins,Dennis Allen,Raheem Morris,John Hussey,ATL97,Mercedes-Benz Stadium,1.0,0.0838784,2.0,0.0476792,1.0,-1.0,0.019696927,-6.7785025,-0.09854609379544854,0.07209443114697933,-1.25,-0.14980615861713886,2.577489584684372,0.0476792,1.0,0.0838784,2.0,1.0,0.06014873,4.9097557,0.13319527357816696,-0.20781205967068672,2.25,0.1675221286714077,6.436124086380005,-0.2317413673736155,0.27990649081766605,-3.5,-0.31732828728854656,-3.858634501695633
2024_04_CIN_CAR,2024,REG,4,2024-09-29,Sunday,13:00,CIN,34.0,CAR,24.0,Home,-10.0,58.0,0.0,2024092901,59558.0,,202409290car,,401671745,6499.0,6,7,-205.0,170.0,-4.5,-112.0,-108.0,47.0,-108.0,-112.0,0,outdoors,grass,78.0,6.0,00-0036442,00-0027973,Joe Burrow,Andy Dalton,Zac Taylor,Dave Canales,Adrian Hill,CAR00,Bank of America Stadium,0.0,0.044006553,1.0,0.20065689,1.0,0.0,0.003686762,-3.968872,-0.22944172099232674,0.013290965929627419,-1.0,-0.2711138017475605,-8.528596818447113,0.20065689,1.0,0.044006553,1.0,0.0,0.16715398,3.683076,0.09848111309111118,0.08098385250195861,0.75,0.061636948492377996,4.463784191757441,-0.3279228340834379,-0.06769288657233119,-1.75,-0.3327507502399385,-12.992381010204554
2024_04_LA_CHI,2024,REG,4,2024-09-29,Sunday,13:00,LA,18.0,CHI,24.0,Home,6.0,42.0,0.0,2024092902,59559.0,,202409290chi,,401671871,6500.0,7,7,136.0,-162.0,3.0,-112.0,-108.0,40.0,-105.0,-115.0,0,outdoors,grass,70.0,16.0,00-0026498,00-0039918,Matthew Stafford,Caleb Williams,Sean McVay,Matt Eberflus,Brad Rogers,CHI98,Soldier Field,1.0,0.057077073,0.0,0.043266173,2.0,2.0,0.083259255,10.312129,-0.10884868819266558,-0.08427822031080723,0.25,-0.21492241695523262,-3.867612600326538,0.043266173,2.0,0.057077073,0.0,-2.0,0.038065623,-0.008960855,0.03773969504982233,0.14887613896280527,0.25,0.0002399655058979988,2.627902813255787,-0.1465883832424879,-0.2331543592736125,0.0,-0.21516238246113062,-6.495515413582325
2024_04_MIN_GB,2024,REG,4,2024-09-29,Sunday,13:00,MIN,31.0,GB,29.0,Home,-2.0,60.0,0.0,2024092903,59560.0,,202409290gnb,,401671643,6501.0,7,7,114.0,-135.0,2.5,-102.0,-118.0,44.0,-112.0,-108.0,1,outdoors,grass,71.0,15.0,00-0034869,00-0036264,Sam Darnold,Jordan Love,Kevin O'Connell,Matt LaFleur,Bill Vinovich,GNB00,Lambeau Field,0.0,-0.07335246,5.0,0.00052037905,2.0,-3.0,-0.124077596,-1.3447276,0.07035262722638436,-0.0555277680978179,1.5,0.13308600534219295,5.724029511213303,0.00052037905,2.0,-0.07335246,5.0,3.0,0.033447336,10.923101,0.031149093061685562,-0.13217396661639214,0.0,0.051881412509828806,5.342878460884094,0.039203534164698794,0.07664619851857424,1.5,0.08120459283236414,0.3811510503292084
2024_04_JAX_HOU,2024,REG,4,2024-09-29,Sunday,13:00,JAX,20.0,HOU,24.0,Home,4.0,44.0,0.0,2024092904,59561.0,,202409290htx,,401671857,6502.0,6,7,195.0,-238.0,5.5,-108.0,-112.0,44.5,-108.0,-112.0,1,closed,astroturf,,,00-0036971,00-0039163,Trevor Lawrence,C.J. Stroud,Doug Pederson,DeMeco Ryans,Tra Blake,HOU00,NRG Stadium,1.0,0.09837617,0.0,0.11422097,1.0,1.0,0.15695022,1.5790652,-0.03284380026161671,0.01659457292407751,0.25,-0.026937143877148628,2.360657036304474,0.11422097,1.0,0.09837617,0.0,-1.0,-0.013452726,-7.820608,-0.0687317680567503,0.11201937706209719,-1.0,-0.12203533388674259,-3.198912989348173,0.03588796779513359,-0.09542480413801968,1.25,0.09509819000959396,5.559570025652647
2024_04_PIT_IND,2024,REG,4,2024-09-29,Sunday,13:00,PIT,24.0,IND,27.0,Home,3.0,51.0,0.0,2024092905,59562.0,,202409290clt,,401671867,6503.0,7,7,-130.0,110.0,-2.5,-108.0,-112.0,40.0,-110.0,-110.0,0,closed,fieldturf,,,00-0036945,00-0039164,Justin Fields,Anthony Richardson,Mike Tomlin,Shane Steichen,Land Clark,IND00,Lucas Oil Stadium,1.0,0.02400414,0.0,-0.018514358,2.0,2.0,0.11364082,6.0977335,-0.036391557194292545,0.01717998951789923,-0.75,-0.06676411000080407,-10.874330282211304,-0.018514358,2.0,0.02400414,0.0,-2.0,-0.059012406,1.2370031,-0.02196633815765381,-0.179670050740242,1.0,-0.03916977532207966,9.481918334960938,-0.014425219036638737,0.19685004025814123,-1.75,-0.027594334678724408,-20.35624861717224
2024_04_DEN_NYJ,2024,REG,4,2024-09-29,Sunday,13:00,DEN,10.0,NYJ,9.0,Home,-1.0,19.0,0.0,2024092906,59563.0,,202409290nyj,,401671622,6504.0,7,10,330.0,-425.0,7.5,-108.0,-112.0,39.5,-112.0,-108.0,0,outdoors,fieldturf,67.0,8.0,00-0039732,00-0023459,Bo Nix,Aaron Rodgers,Sean Payton,Robert Saleh,Ron Torbert,NYC01,MetLife Stadium,0.0,-0.22045116,1.0,-0.23618089,1.0,0.0,-0.28480938,-7.390322,0.00357675738632679,-0.1436279285699129,1.0,0.0029855286702513695,-3.1919358372688293,-0.23618089,1.0,-0.22045116,1.0,0.0,-0.2849217,-14.799311,-0.05178577359765768,-0.0472198324277997,-1.25,-0.12861489783972502,-2.4745593070983887,0.05536253098398447,-0.09640809614211321,2.25,0.1316004265099764,-0.7173765301704407
2024_04_PHI_TB,2024,REG,4,2024-09-29,Sunday,13:00,PHI,16.0,TB,33.0,Home,17.0,49.0,0.0,2024092907,59564.0,,202409290tam,,401671740,6505.0,7,7,-115.0,-105.0,-1.0,-110.0,-110.0,42.0,-108.0,-112.0,0,outdoors,grass,88.0,9.0,00-0036389,00-0034855,Jalen Hurts,Baker Mayfield,Nick Sirianni,Todd Bowles,Carl Cheffers,TAM00,Raymond James Stadium,1.0,0.18896142,1.0,-0.034247886,1.0,0.0,0.20875408,-5.9388156,-0.03417255915701389,-0.06587679125368595,0.5,-0.07599502429366112,1.2371252179145813,-0.034247886,1.0,0.18896142,1.0,0.0,-0.065841265,-3.5721903,-0.031617727130651474,0.021630021277815104,-1.75,-0.018506210297346115,5.394945174455643,-0.002554832026362419,-0.08750681253150105,2.25,-0.057488813996315,-4.157819956541061
2024_04_WAS_ARI,2024,REG,4,2024-09-29,Sunday,16:05,WAS,42.0,ARI,14.0,Home,-28.0,56.0,0.0,2024092908,59565.0,,202409290crd,,401671755,6506.0,6,7,150.0,-180.0,3.5,-115.0,-105.0,49.0,-112.0,-108.0,0,closed,grass,,,00-0039910,00-0035228,Jayden Daniels,Kyler Murray,Dan Quinn,Jonathan Gannon,Craig Wrolstad,PHO00,State Farm Stadium,0.0,-0.06049417,1.0,0.37383902,1.0,0.0,-0.086210504,0.4131768,0.10066284239292145,0.036457163165323436,0.0,0.10108857043087482,5.304818421602249,0.37383902,1.0,-0.06049417,1.0,0.0,0.41568828,14.327282,0.07906194776296616,0.20788001641631126,-0.25,0.12324617989361286,8.162845253944397,0.021600894629955292,-0.17142285325098783,0.25,-0.022157609462738037,-2.858026832342148
2024_04_NE_SF,2024,REG,4,2024-09-29,Sunday,16:05,NE,13.0,SF,30.0,Home,17.0,43.0,0.0,2024092909,59566.0,,202409290sfo,,401671758,6507.0,10,7,410.0,-550.0,10.5,-112.0,-108.0,41.5,-110.0,-110.0,0,outdoors,grass,71.0,5.0,00-0033119,00-0037834,Jacoby Brissett,Brock Purdy,Jerod Mayo,Kyle Shanahan,Scott Novak,SFO01,Levi's Stadium,1.0,-0.021370733,2.0,-0.26197314,3.0,1.0,0.13354877,2.7807364,0.05533625651150942,0.046543752774596214,0.25,0.09592932462692261,4.68916592001915,-0.26197314,3.0,-0.021370733,2.0,-1.0,-0.47611004,-8.482477,-0.14442847855389118,-0.011684528551995754,-1.0,-0.22740170371253043,-6.967353492975235,0.1997647350654006,0.05822828132659197,1.25,0.32333102833945304,11.656519412994385
2024_04_KC_LAC,2024,REG,4,2024-09-29,Sunday,16:25,KC,17.0,LAC,10.0,Home,-7.0,27.0,0.0,2024092910,59567.0,,202409290sdg,,401671674,6508.0,7,7,-345.0,275.0,-7.5,-108.0,-112.0,41.5,-108.0,-112.0,1,dome,matrixturf,,,00-0033873,00-0036355,Patrick Mahomes,Justin Herbert,Andy Reid,Jim Harbaugh,Shawn Smith,LAX01,SoFi Stadium,0.0,-0.22025993,0.0,-0.10412876,2.0,2.0,-0.21402584,-6.5476074,-0.08269164152443409,-0.20507628936320543,0.75,-0.0937761701643467,0.9305099546909332,-0.10412876,2.0,-0.22025993,0.0,-2.0,-0.087988585,-6.7311487,0.0076179890893399715,-0.019165479578077793,-0.5,0.01989756152033806,-1.9316461980342865,-0.09030963061377406,-0.18591080978512764,1.25,-0.11367373168468475,2.8621561527252197
2024_04_CLE_LV,2024,REG,4,2024-09-29,Sunday,16:25,CLE,16.0,LV,20.0,Home,4.0,36.0,0.0,2024092911,59568.0,,202409290rai,,401671672,6509.0,7,7,-135.0,114.0,-2.5,-115.0,-105.0,36.5,-108.0,-112.0,0,dome,grass,,,00-0033537,00-0035289,Deshaun Watson,Gardner Minshew,Kevin Stefanski,Antonio Pierce,Brad Allen,VEG00,Allegiant Stadium,1.0,-0.07480184,1.0,-0.11369533,1.0,0.0,-0.15934774,-13.652257,-0.05543059064075351,-0.009880200028419495,-0.75,-0.11294895969331264,5.211225509643555,-0.11369533,1.0,-0.07480184,1.0,0.0,-0.11794547,4.1242366,-0.15537245199084282,-0.03508067037910223,-0.75,-0.22030077688395977,-6.713330924510956,0.09994186135008931,0.025200470350682735,0.0,0.10735181719064713,11.92455643415451
2024_04_BUF_BAL,2024,REG,4,2024-09-29,Sunday,20:20,BUF,10.0,BAL,35.0,Home,25.0,45.0,0.0,2024092912,59569.0,,202409290rav,,401671783,6510.0,6,7,114.0,-135.0,2.5,-108.0,-112.0,46.5,-110.0,-110.0,0,outdoors,grass,68.0,8.0,00-0034857,00-0034796,Josh Allen,Lamar Jackson,Sean McDermott,John Harbaugh,Alan Eck,BAL00,M&T Bank Stadium,1.0,0.20833407,1.0,-0.14821868,1.0,0.0,0.29366925,12.691443,-0.032325650099664927,0.032662388402968645,0.25,0.039116938598454,-3.3141745775938034,-0.14821868,1.0,0.20833407,1.0,0.0,-0.13561952,0.41212577,0.17593311239033937,-0.08107343316078186,1.0,0.24335389398038387,11.2872713804245,-0.2082587624900043,0.1137358215637505,-0.75,-0.20423695538192987,-14.601445958018303
2024_04_TEN_MIA,2024,REG,4,2024-09-30,Monday,19:30,TEN,31.0,MIA,12.0,Home,-19.0,43.0,0.0,2024093000,59570.0,,202409300mia,,401671683,6511.0,8,8,114.0,-135.0,2.5,-108.0,-112.0,37.0,-110.0,-110.0,0,outdoors,grass,86.0,9.0,00-0039152,00-0035993,Will Levis,Tyler Huntley,Brian Callahan,Mike McDaniel,Clete Blakeman,MIA00,Hard Rock Stadium,0.0,-0.26883066,1.0,0.042010933,1.0,0.0,-0.44382244,-2.9854906,-0.168772081611678,0.013364681974053383,0.25,-0.15873546339571476,-1.7074063681066036,0.042010933,1.0,-0.26883066,1.0,0.0,-0.12303492,-4.525706,-0.13290283922106028,-0.022049376741051674,-1.5,-0.14869479462504387,3.8379979729652405,-0.03586924239061773,0.03541405871510506,1.75,-0.01004066877067089,-5.545404341071844
2024_04_SEA_DET,2024,REG,4,2024-09-30,Monday,20:15,SEA,29.0,DET,42.0,Home,13.0,71.0,0.0,2024093001,59571.0,,202409300det,,401671491,6512.0,8,8,154.0,-185.0,3.5,-108.0,-112.0,46.5,-108.0,-112.0,0,dome,fieldturf,,,00-0030565,00-0033106,Geno Smith,Jared Goff,Mike Macdonald,Dan Campbell,Alex Kemp,DET00,Ford Field,1.0,0.33178675,0.0,0.08059311,2.0,2.0,0.45770934,25.599268,0.026328219915740192,-0.034535919316112995,0.25,0.05548783950507641,0.7941516041755676,0.08059311,2.0,0.33178675,0.0,-2.0,0.086130135,-0.8045809,0.012123746797442436,-0.09913101978600025,0.25,0.01256476144772023,2.614512801170349,0.014204473118297756,0.06459510046988726,0.0,0.04292307805735618,-1.8203611969947815
2024_05_TB_ATL,2024,REG,5,2024-10-03,Thursday,20:15,TB,30.0,ATL,36.0,Home,6.0,66.0,1.0,2024100300,59572.0,,202410030atl,,401671815,6513.0,4,4,120.0,-142.0,2.5,-102.0,-118.0,44.0,-110.0,-110.0,1,closed,fieldturf,,,00-0034855,00-0029604,Baker Mayfield,Kirk Cousins,Todd Bowles,Raheem Morris,Ron Torbert,ATL97,Mercedes-Benz Stadium,1.0,0.14053515,1.0,0.20195648,1.0,0.0,0.23220593,6.726543,-0.006472161505371332,0.04537430964410305,-0.75,-0.06987321423366666,0.18889424204826355,0.20195648,1.0,0.14053515,1.0,0.0,0.17322464,6.236031,0.04380962997674942,0.006277482025325298,0.0,-0.0002768244594335556,0.6827874183654785,-0.05028179148212075,0.03909682761877775,-0.75,-0.0695963897742331,-0.49389317631721497
2024_05_NYJ_MIN,2024,REG,5,2024-10-06,Sunday,09:30,NYJ,17.0,MIN,23.0,Neutral,6.0,40.0,0.0,2024100600,59573.0,,202410060min,,401671804,6514.0,7,7,120.0,-142.0,2.5,-105.0,-115.0,42.0,-112.0,-108.0,0,outdoors,grass,59.0,8.0,00-0023459,00-0034869,Aaron Rodgers,Sam Darnold,Robert Saleh,Kevin O'Connell,Scott Novak,LON02,Tottenham Stadium,1.0,-0.070857406,2.0,-0.16190182,3.0,1.0,-0.27672574,-6.356003,0.04033248143969104,-0.17573118396103382,1.25,0.06390141695737839,7.325800180435181,-0.16190182,3.0,-0.070857406,2.0,-1.0,-0.33559868,-7.652243,-0.004058698192238808,-0.08722381852567196,0.25,-0.010517039336264133,-1.3542391657829285,0.044391179631929845,-0.08850736543536186,1.0,0.07441845629364252,8.68003934621811
2024_05_CAR_CHI,2024,REG,5,2024-10-06,Sunday,13:00,CAR,10.0,CHI,36.0,Home,26.0,46.0,0.0,2024100601,59574.0,,202410060chi,,401671872,6515.0,7,7,164.0,-198.0,4.0,-108.0,-112.0,40.0,-108.0,-112.0,0,outdoors,grass,74.0,7.0,00-0027973,00-0039918,Andy Dalton,Caleb Williams,Dave Canales,Matt Eberflus,Tra Blake,CHI98,Soldier Field,1.0,0.13799147,0.0,-0.19473453,3.0,3.0,0.21436304,2.8370163,-0.09952104836702347,-0.10505992453545332,0.5,-0.17021281644701958,-2.0231019258499146,-0.19473453,3.0,0.13799147,0.0,-3.0,-0.25997198,-0.46261677,-0.1377238379791379,0.09419702365994453,-0.5,-0.19261861813720316,-7.5177947878837585,0.03820278961211443,-0.19925694819539785,1.0,0.02240580169018358,5.494692862033844
2024_05_BAL_CIN,2024,REG,5,2024-10-06,Sunday,13:00,BAL,41.0,CIN,38.0,Home,-3.0,79.0,1.0,2024100602,59575.0,,202410060cin,,401671626,6516.0,7,7,-148.0,124.0,-2.5,-118.0,-102.0,48.5,-112.0,-108.0,1,outdoors,fieldturf,81.0,10.0,00-0034796,00-0036442,Lamar Jackson,Joe Burrow,John Harbaugh,Zac Taylor,Bill Vinovich,CIN00,Paycor Stadium,0.0,0.19131887,1.0,0.2515399,1.0,0.0,0.2662288,11.795468,0.12936081551015377,0.13533952133730054,0.5,0.1007297532632947,4.427946124225855,0.2515399,1.0,0.19131887,1.0,0.0,0.29044858,-0.48287174,0.07996787270531058,0.017249485943466425,0.25,0.1842326121404767,3.2110844403505325,0.04939294280484319,0.11809003539383411,0.25,-0.083502858877182,1.2168616838753223
2024_05_BUF_HOU,2024,REG,5,2024-10-06,Sunday,13:00,BUF,20.0,HOU,23.0,Home,3.0,43.0,0.0,2024100603,59576.0,,202410060htx,,401671859,6517.0,7,7,-102.0,-118.0,1.0,-108.0,-112.0,48.0,-110.0,-110.0,0,closed,astroturf,,,00-0034857,00-0039163,Josh Allen,C.J. Stroud,Sean McDermott,DeMeco Ryans,Clay Martin,HOU00,NRG Stadium,1.0,-0.02700481,2.0,-0.025359148,0.0,-2.0,-0.057969272,5.944508,-0.024311980232596397,0.04973931424319744,0.25,-0.017685770988464355,0.6691820919513702,-0.025359148,0.0,-0.02700481,2.0,2.0,-0.015058113,-27.19474,0.12559961900115013,-0.012161124497652054,1.25,0.190927654504776,6.8488427847623825,-0.14991159923374653,0.061900438740849495,-1.0,-0.20861342549324036,-6.179660692811012
2024_05_IND_JAX,2024,REG,5,2024-10-06,Sunday,13:00,IND,34.0,JAX,37.0,Home,3.0,71.0,0.0,2024100604,59577.0,,202410060jax,,401671633,6518.0,7,7,154.0,-185.0,3.5,-110.0,-110.0,45.0,-110.0,-110.0,1,outdoors,grass,74.0,4.0,00-0026158,00-0036971,Joe Flacco,Trevor Lawrence,Shane Steichen,Doug Pederson,Carl Cheffers,JAX00,TIAA Bank Stadium,1.0,0.23499715,2.0,0.17341666,1.0,-1.0,0.27860418,11.406061,-0.0311698904260993,0.12147665140219033,-1.0,-0.10970578598789871,-6.076359461992979,0.17341666,1.0,0.23499715,2.0,1.0,0.25687316,8.592812,-0.02580102300271392,-0.0035108222800772637,0.0,-0.03581306431442499,-6.519511938095093,-0.005368867423385382,0.12498747368226759,-1.0,-0.07389272167347372,0.4431524761021137
2024_05_MIA_NE,2024,REG,5,2024-10-06,Sunday,13:00,MIA,15.0,NE,10.0,Home,-5.0,25.0,0.0,2024100605,59578.0,,202410060nwe,,401671700,6519.0,6,7,-130.0,110.0,-2.0,-112.0,-108.0,37.0,-108.0,-112.0,1,outdoors,fieldturf,65.0,2.0,00-0035993,00-0033119,Tyler Huntley,Jacoby Brissett,Mike McDaniel,Jerod Mayo,Adrian Hill,BOS00,Gillette Stadium,0.0,-0.16451262,0.0,-0.046424557,2.0,2.0,-0.0816255,-4.381045,-0.09447243250906467,0.030450122896581888,-0.5,-0.20655994128901511,-3.750016838312149,-0.046424557,2.0,-0.16451262,0.0,-2.0,-0.07375417,-6.8147006,-0.21915095555596054,0.010588590987026691,0.0,-0.27926460839807987,-2.5830218754708767,0.12467852304689586,0.019861531909555197,-0.5,0.07270466710906476,-1.1669949628412724
2024_05_CLE_WAS,2024,REG,5,2024-10-06,Sunday,13:00,CLE,13.0,WAS,34.0,Home,21.0,47.0,0.0,2024100606,59579.0,,202410060was,,401671718,6520.0,7,7,130.0,-155.0,3.0,-112.0,-108.0,44.0,-112.0,-108.0,0,outdoors,grass,73.0,5.0,00-0033537,00-0039910,Deshaun Watson,Jayden Daniels,Kevin Stefanski,Dan Quinn,Alan Eck,WAS00,FedExField,1.0,0.048145123,2.0,-0.1904375,1.0,-1.0,0.0844965,-7.970547,0.24603822827339172,0.1506429836153984,0.25,0.3020367417484522,11.47510439157486,-0.1904375,1.0,0.048145123,2.0,1.0,-0.30568817,-7.7548327,-0.1404422540217638,-0.07306565064936876,-0.5,-0.1862131431698799,-2.9416385293006897,0.3864804822951555,0.22370863426476717,0.75,0.4882498849183321,14.41674292087555
2024_05_LV_DEN,2024,REG,5,2024-10-06,Sunday,16:05,LV,18.0,DEN,34.0,Home,16.0,52.0,0.0,2024100607,59580.0,,202410060den,,401671747,6521.0,7,7,130.0,-155.0,3.0,-112.0,-108.0,36.0,-108.0,-112.0,1,outdoors,grass,73.0,7.0,00-0035289,00-0039732,Gardner Minshew,Bo Nix,Antonio Pierce,Sean Payton,Craig Wrolstad,DEN00,Empower Field at Mile High,1.0,0.031868465,0.0,-0.17350464,3.0,3.0,0.06907283,2.392658,-0.09996749088168144,-0.13636428583413363,-1.0,-0.18864470906555653,-4.82064414024353,-0.17350464,3.0,0.031868465,0.0,-3.0,-0.19881104,-3.082333,-0.10816271370276809,-0.027440528385341167,-1.0,-0.18561998568475246,0.10272753238677979,0.008195222821086645,-0.10892375744879246,0.0,-0.003024723380804062,-4.92337167263031
2024_05_ARI_SF,2024,REG,5,2024-10-06,Sunday,16:05,ARI,24.0,SF,23.0,Home,-1.0,47.0,0.0,2024100608,59581.0,,202410060sfo,,401671756,6522.0,7,7,260.0,-325.0,7.0,-105.0,-115.0,48.5,-108.0,-112.0,1,outdoors,grass,89.0,3.0,00-0035228,00-0037834,Kyler Murray,Brock Purdy,Jonathan Gannon,Kyle Shanahan,Land Clark,SFO01,Levi's Stadium,0.0,-0.04566399,3.0,0.018347412,1.0,-2.0,-0.041769844,-2.797041,0.039107786025851965,-0.03972785547375679,0.5,0.08999424427747726,5.200900554656982,0.018347412,1.0,-0.04566399,3.0,2.0,0.123573415,-2.2448356,0.06656071171164513,0.10340618609916419,0.0,0.021387221291661263,4.387988306581974,-0.02745292568579316,-0.14313404157292098,0.5,0.068607022985816,0.8129122480750084
2024_05_GB_LA,2024,REG,5,2024-10-06,Sunday,16:25,GB,24.0,LA,19.0,Home,-5.0,43.0,0.0,2024100609,59582.0,,202410060ram,,401671679,6523.0,7,7,-155.0,130.0,-3.0,-112.0,-108.0,49.5,-112.0,-108.0,0,dome,matrixturf,,,00-0036264,00-0026498,Jordan Love,Matthew Stafford,Matt LaFleur,Sean McVay,Brad Allen,LAX01,SoFi Stadium,0.0,-0.07418863,2.0,0.006615696,1.0,-1.0,-0.09714081,-5.189738,0.027777915820479393,0.15225961990654469,-0.25,-0.015381013974547386,0.9598964795004576,0.006615696,1.0,-0.07418863,2.0,1.0,0.018795196,-12.448084,0.020416263752849773,-0.06033930164994672,1.0,0.04309130471665412,1.5152217745780945,0.00736165206762962,0.2125989215564914,-1.25,-0.05847231869120151,-0.5553252950776368
2024_05_NYG_SEA,2024,REG,5,2024-10-06,Sunday,16:25,NYG,29.0,SEA,20.0,Home,-9.0,49.0,0.0,2024100610,59583.0,,202410060sea,,401671680,6524.0,10,6,250.0,-310.0,7.0,-112.0,-108.0,42.5,-110.0,-110.0,0,outdoors,fieldturf,61.0,3.0,00-0035710,00-0030565,Daniel Jones,Geno Smith,Brian Daboll,Mike Macdonald,Shawn Smith,SEA00,Lumen Field,0.0,-0.17098054,1.0,-0.007787896,1.0,0.0,-0.09542316,-0.4964418,0.005761291831731796,-0.035162920132279396,-0.25,0.005957677843980491,4.909392893314362,-0.007787896,1.0,-0.17098054,1.0,0.0,0.013006963,4.769681,-0.06789365271106362,0.021323187276721,-0.5,-0.06474486831575632,0.5175915360450745,0.07365494454279542,-0.0564861074090004,0.25,0.07070254615973681,4.391801357269287
2024_05_DAL_PIT,2024,REG,5,2024-10-06,Sunday,20:20,DAL,20.0,PIT,17.0,Home,-3.0,37.0,0.0,2024100611,59584.0,,202410060pit,,401671784,6525.0,10,7,114.0,-135.0,2.5,-108.0,-112.0,43.5,-108.0,-112.0,0,outdoors,grass,67.0,6.0,00-0033077,00-0036945,Dak Prescott,Justin Fields,Mike McCarthy,Mike Tomlin,Shawn Hochuli,PIT00,Acrisure Stadium,0.0,0.03136882,1.0,0.09690227,3.0,2.0,0.045424223,-0.7408049,-0.004953160881996155,-0.11345901107415557,0.5,-0.03695682995021343,5.936177909374237,0.09690227,3.0,0.03136882,1.0,-2.0,0.11317537,3.0997477,0.015153898857533932,0.059196827467530966,0.25,-0.017176648136228323,-1.6306886076927185,-0.020107059739530087,-0.17265583854168653,0.25,-0.01978018181398511,7.566866517066956
2024_05_NO_KC,2024,REG,5,2024-10-07,Monday,20:15,NO,13.0,KC,26.0,Home,13.0,39.0,0.0,2024100700,59585.0,,202410070kan,,401671687,6526.0,8,8,190.0,-230.0,5.5,-112.0,-108.0,43.0,-110.0,-110.0,0,outdoors,grass,70.0,1.0,00-0031280,00-0033873,Derek Carr,Patrick Mahomes,Dennis Allen,Andy Reid,Brad Rogers,KAN00,GEHA Field at Arrowhead Stadium,1.0,0.09427938,1.0,-0.08638829,1.0,0.0,0.14729314,10.07433,0.024896064307540655,-0.037712001241743565,-1.0,0.03382192552089691,0.8390268385410309,-0.08638829,1.0,0.09427938,1.0,0.0,-0.099703595,3.235815,0.10647515207529068,-0.11573812738060951,1.75,0.13118846341967583,2.813565969467163,-0.08157908776775002,0.07802612613886595,-2.75,-0.09736653789877892,-1.9745391309261322
2024_06_SF_SEA,2024,REG,6,2024-10-10,Thursday,20:15,SF,36.0,SEA,24.0,Home,-12.0,60.0,0.0,2024101000,59586.0,,202410100sea,,401671819,6527.0,4,4,-198.0,164.0,-3.5,-118.0,-102.0,49.0,-110.0,-110.0,1,outdoors,fieldturf,59.0,10.0,00-0037834,00-0030565,Brock Purdy,Geno Smith,Kyle Shanahan,Mike Macdonald,Craig Wrolstad,SEA00,Lumen Field,0.0,0.02909329,3.0,0.2575401,0.0,-3.0,0.013638104,0.58432037,-0.025080198422074318,-0.003861037432216108,-1.0,0.002073960262350738,3.469147153198719,0.2575401,0.0,0.02909329,3.0,3.0,0.34049717,1.1455575,-0.015783623326569796,-0.034485580399632454,-0.5,0.0544019965454936,4.195653557777405,-0.009296575095504522,0.030624542967416346,-0.5,-0.052328036283142865,-0.7265064045786858
2024_06_JAX_CHI,2024,REG,6,2024-10-13,Sunday,09:30,JAX,16.0,CHI,35.0,Neutral,19.0,51.0,0.0,2024101300,59587.0,,202410130chi,,401671802,6528.0,7,7,-120.0,100.0,-1.5,-108.0,-112.0,44.5,-108.0,-112.0,0,outdoors,grass,54.0,3.0,00-0036971,00-0039918,Trevor Lawrence,Caleb Williams,Doug Pederson,Matt Eberflus,Brad Allen,LON02,Tottenham Stadium,1.0,0.27041534,1.0,0.012299523,2.0,1.0,0.29274774,15.89249,-0.014723151922225952,-0.08417282905429602,0.75,-0.05439785122871399,3.645748794078827,0.012299523,2.0,0.27041534,1.0,-1.0,-0.0065479777,6.8960724,0.03801741637289524,0.16640212014317513,-1.0,-0.0030638265889137983,-3.164525270462036,-0.05274056829512119,-0.25057494919747114,1.75,-0.05133402463980019,6.810274064540863
2024_06_WAS_BAL,2024,REG,6,2024-10-13,Sunday,13:00,WAS,23.0,BAL,30.0,Home,7.0,53.0,0.0,2024101301,59588.0,,202410130rav,,401671625,6529.0,7,7,230.0,-285.0,6.5,-108.0,-112.0,51.5,-110.0,-110.0,0,outdoors,grass,75.0,8.0,00-0039910,00-0034796,Jayden Daniels,Lamar Jackson,Dan Quinn,John Harbaugh,Land Clark,BAL00,M&T Bank Stadium,1.0,0.18508266,1.0,0.14368942,0.0,-1.0,0.16918392,15.832777,0.13765388261526823,0.0340332486666739,0.25,0.2366824308410287,4.01207097619772,0.14368942,0.0,0.18508266,1.0,1.0,0.10231656,9.23223,0.2451582197099924,0.03479558974504471,0.0,0.29300328344106674,10.278254985809326,-0.10750433709472418,-0.0007623410783708096,0.25,-0.05632085260003805,-6.266184009611607
2024_06_ARI_GB,2024,REG,6,2024-10-13,Sunday,13:00,ARI,13.0,GB,34.0,Home,21.0,47.0,0.0,2024101302,59589.0,,202410130gnb,,401671722,6530.0,7,7,195.0,-238.0,5.5,-110.0,-110.0,47.0,-110.0,-110.0,0,outdoors,grass,50.0,4.0,00-0035228,00-0036264,Kyler Murray,Jordan Love,Jonathan Gannon,Matt LaFleur,Alex Kemp,GNB00,Lambeau Field,1.0,0.15743706,1.0,-0.13058238,3.0,2.0,0.2862532,4.164722,-0.0008290506375487894,-0.10478282143594697,0.75,0.002178286318667233,1.4475919604301453,-0.13058238,3.0,0.15743706,1.0,-2.0,-0.12452219,-1.0782549,0.035856857895851135,0.0441508301300928,0.5,0.0364468265324831,3.527622289955616,-0.036685908533399925,-0.14893365156603977,0.25,-0.03426854021381587,-2.0800303295254707
2024_06_HOU_NE,2024,REG,6,2024-10-13,Sunday,13:00,HOU,41.0,NE,21.0,Home,-20.0,62.0,0.0,2024101303,59590.0,,202410130nwe,,401671619,6531.0,7,7,-265.0,215.0,-6.5,-108.0,-112.0,38.5,-112.0,-108.0,0,outdoors,fieldturf,53.0,5.0,00-0039163,00-0039851,C.J. Stroud,Drake Maye,DeMeco Ryans,Jerod Mayo,Ron Torbert,BOS00,Gillette Stadium,0.0,-0.22134337,4.0,0.11439365,1.0,-3.0,-0.30611792,-3.2566385,-0.1550448928028345,0.02844516420736909,0.0,-0.22524149529635906,-5.128454327583313,0.11439365,1.0,-0.22134337,4.0,3.0,0.11557763,1.2386371,-0.06296837562695146,0.019730399828404188,-0.5,-0.06736428290605545,-0.28620943427085876,-0.09207651717588305,0.008714764378964901,0.5,-0.1578772123903036,-4.842244893312454
2024_06_TB_NO,2024,REG,6,2024-10-13,Sunday,13:00,TB,51.0,NO,27.0,Home,-24.0,78.0,0.0,2024101304,59591.0,,202410130nor,,401671735,6532.0,10,6,-175.0,145.0,-3.5,-108.0,-112.0,42.5,-110.0,-110.0,1,dome,sportturf,,,00-0034855,00-0039376,Baker Mayfield,Spencer Rattler,Todd Bowles,Dennis Allen,Clete Blakeman,NOR00,Mercedes-Benz Superdome,0.0,-0.2543216,3.0,0.07178394,3.0,0.0,-0.41090915,-12.420792,0.0357014499604702,0.0015371330082416534,0.75,0.05480756610631943,1.0744361877441406,0.07178394,3.0,-0.2543216,3.0,0.0,0.22036001,-6.7082186,0.02606073021888733,0.02849497925490141,0.0,-0.023561151698231697,-0.9272209405899048,0.00964071974158287,-0.026957846246659756,0.75,0.07836871780455112,2.0016571283340454
2024_06_CLE_PHI,2024,REG,6,2024-10-13,Sunday,13:00,CLE,16.0,PHI,20.0,Home,4.0,36.0,0.0,2024101305,59592.0,,202410130phi,,401671714,6533.0,7,14,330.0,-425.0,8.0,-108.0,-112.0,42.0,-110.0,-110.0,0,outdoors,grass,82.0,10.0,00-0033537,00-0036389,Deshaun Watson,Jalen Hurts,Kevin Stefanski,Nick Sirianni,Shawn Hochuli,PHI00,Lincoln Financial Field,1.0,-0.012195139,0.0,-0.06940614,0.0,0.0,0.17127573,2.2574155,0.01503377128392458,0.06602918915450573,-1.0,0.03556757606565952,5.305748254060745,-0.06940614,0.0,-0.012195139,0.0,0.0,-0.02047589,-0.51682794,-0.12698075734078884,-0.05157989263534546,0.25,-0.19466909021139145,-2.8896443247795105,0.14201452862471342,0.11760908178985119,-1.25,0.23023666627705097,8.195392578840256
2024_06_IND_TEN,2024,REG,6,2024-10-13,Sunday,13:00,IND,20.0,TEN,17.0,Home,-3.0,37.0,0.0,2024101306,59593.0,,202410130oti,,401671820,6534.0,7,13,114.0,-135.0,2.5,-110.0,-110.0,42.0,-112.0,-108.0,1,outdoors,grass,80.0,12.0,00-0026158,00-0039152,Joe Flacco,Will Levis,Shane Steichen,Brian Callahan,Brad Rogers,NAS00,Nissan Stadium,0.0,-0.029564157,1.0,0.02360019,1.0,0.0,-0.025934514,-3.864107,-0.13753687404096127,-0.08025040570646524,-1.75,-0.21098470129072666,3.2529081106185913,0.02360019,1.0,-0.029564157,1.0,0.0,-0.09491335,-4.2148185,-0.006115985568612814,0.023333273158641532,0.5,0.015433324500918388,-0.8180782794952393,-0.13142088847234845,-0.10358367886510678,-2.25,-0.22641802579164505,4.070986390113831
2024_06_LAC_DEN,2024,REG,6,2024-10-13,Sunday,16:05,LAC,23.0,DEN,16.0,Home,-7.0,39.0,0.0,2024101307,59594.0,,202410130den,,401671655,6535.0,14,7,-155.0,130.0,-3.0,-105.0,-115.0,37.0,-108.0,-112.0,1,outdoors,grass,65.0,7.0,00-0036355,00-0039732,Justin Herbert,Bo Nix,Jim Harbaugh,Sean Payton,Tra Blake,DEN00,Empower Field at Mile High,0.0,-0.048362732,2.0,0.087366134,0.0,-2.0,-0.06120743,-5.980654,-0.05875151790678501,-0.1678367992863059,0.5,-0.09360717795789242,-2.950035512447357,0.087366134,0.0,-0.048362732,2.0,2.0,0.08554288,1.4173986,-0.10123816318809986,-0.18779821414500475,1.25,-0.08897606655955315,1.7127036154270172,0.04248664528131485,0.019961414858698845,-0.75,-0.0046311113983392715,-4.662739127874374
2024_06_PIT_LV,2024,REG,6,2024-10-13,Sunday,16:05,PIT,32.0,LV,13.0,Home,-19.0,45.0,0.0,2024101308,59595.0,,202410130rai,,401671657,6536.0,7,7,-180.0,150.0,-3.5,-110.0,-110.0,36.5,-108.0,-112.0,0,dome,grass,,,00-0036945,00-0038579,Justin Fields,Aidan O'Connell,Mike Tomlin,Antonio Pierce,Alan Eck,VEG00,Allegiant Stadium,0.0,-0.2694837,3.0,0.08391828,0.0,-3.0,-0.24397138,-2.3128254,-0.0734152584336698,0.011714453808963299,-1.0,-0.1516131553798914,-0.9288615584373474,0.08391828,0.0,-0.2694837,3.0,3.0,0.09707485,-6.7236648,0.013027975335717201,-0.028480719309300184,0.25,-0.0006521474570035934,4.537091851234436,-0.086443233769387,0.04019517311826348,-1.25,-0.1509610079228878,-5.4659534096717834
2024_06_ATL_CAR,2024,REG,6,2024-10-13,Sunday,16:25,ATL,38.0,CAR,20.0,Home,-18.0,58.0,0.0,2024101309,59596.0,,202410130car,,401671769,6537.0,10,7,-258.0,210.0,-6.0,-112.0,-108.0,45.5,-110.0,-110.0,1,outdoors,grass,79.0,9.0,00-0029604,00-0027973,Kirk Cousins,Andy Dalton,Raheem Morris,Dave Canales,Clay Martin,CAR00,Bank of America Stadium,0.0,-0.08798074,2.0,0.20143546,1.0,-1.0,-0.09854121,2.3560119,-0.09270205441862345,0.07951826229691505,-0.25,-0.13625747186597437,-3.336877726018429,0.20143546,1.0,-0.08798074,2.0,1.0,0.27975172,0.8670508,0.08941434836015105,0.10600236058235168,0.0,0.07602452440187335,2.366901457309723,-0.1821164027787745,-0.02648409828543663,-0.25,-0.21228199626784772,-5.703779183328152
2024_06_DET_DAL,2024,REG,6,2024-10-13,Sunday,16:25,DET,47.0,DAL,9.0,Home,-38.0,56.0,0.0,2024101310,59597.0,,202410130dal,,401671764,6538.0,13,7,-180.0,150.0,-3.5,-105.0,-115.0,52.5,-110.0,-110.0,0,closed,matrixturf,,,00-0033106,00-0033077,Jared Goff,Dak Prescott,Dan Campbell,Mike McCarthy,John Hussey,DAL00,AT&T Stadium,0.0,-0.27449358,5.0,0.3009705,0.0,-5.0,-0.5458672,-7.9444027,0.04882894456386566,0.12810990354046226,-0.75,0.03885344276204705,0.7959499955177307,0.3009705,0.0,-0.27449358,5.0,5.0,0.37391555,6.0478888,0.08405580639373511,-0.005334348417818546,0.25,0.13469809852540493,6.389134049415588,-0.03522686182986945,0.1334442519582808,-1.0,-0.09584465576335788,-5.593184053897858
2024_06_CIN_NYG,2024,REG,6,2024-10-13,Sunday,20:20,CIN,17.0,NYG,7.0,Home,-10.0,24.0,0.0,2024101311,59598.0,,202410130nyg,,401671791,6539.0,7,7,-230.0,190.0,-4.5,-112.0,-108.0,46.0,-102.0,-118.0,0,outdoors,fieldturf,63.0,2.0,00-0036442,00-0035710,Joe Burrow,Daniel Jones,Zac Taylor,Brian Daboll,Carl Cheffers,NYC01,MetLife Stadium,0.0,-0.13232732,1.0,0.017456347,1.0,0.0,-0.1374357,-8.31602,-0.011190952616743743,-0.045020606368780136,-0.5,0.027817429043352604,4.374050676822662,0.017456347,1.0,-0.13232732,1.0,0.0,0.033413973,11.067322,0.18679171334952116,0.1787801873870194,0.5,0.21202436182647943,7.401009798049927,-0.1979826659662649,-0.22380079375579953,-1.0,-0.18420693278312683,-3.0269591212272644
2024_06_BUF_NYJ,2024,REG,6,2024-10-14,Monday,20:15,BUF,23.0,NYJ,20.0,Home,-3.0,43.0,0.0,2024101400,59599.0,,202410140nyj,,401671684,6540.0,8,8,-122.0,102.0,-1.0,-112.0,-108.0,42.0,-110.0,-110.0,1,outdoors,fieldturf,49.0,14.0,00-0034857,00-0023459,Josh Allen,Aaron Rodgers,Sean McDermott,Robert Saleh,Adrian Hill,NYC01,MetLife Stadium,0.0,0.07415041,1.0,0.12788334,0.0,-1.0,0.1887088,-0.46921903,-0.04387873038649559,-0.14841358177363873,0.5,-0.08207585103809834,-2.750598430633545,0.12788334,0.0,0.07415041,1.0,1.0,0.28208354,18.946688,0.0714204735122621,-0.05420303391292691,1.75,0.13164204033091664,-2.422827795147896,-0.1152992038987577,-0.09421054786071181,-1.25,-0.21371789136901498,-0.3277706354856491
2024_07_DEN_NO,2024,REG,7,2024-10-17,Thursday,20:15,DEN,33.0,NO,10.0,Home,-23.0,43.0,0.0,2024101700,59600.0,,202410170nor,,401671816,6541.0,4,4,-148.0,124.0,-2.5,-118.0,-102.0,37.0,-110.0,-110.0,0,dome,sportturf,,,00-0039732,00-0039376,Bo Nix,Spencer Rattler,Sean Payton,Dennis Allen,Land Clark,NOR00,Mercedes-Benz Superdome,0.0,-0.28933975,2.0,0.06524464,1.0,-1.0,-0.35659802,0.26316383,-0.11225804314017296,0.0380269680172205,0.5,-0.16323283314704895,-2.795333504676819,0.06524464,1.0,-0.28933975,2.0,1.0,0.12467548,-7.986245,-0.04085050895810127,-0.14363254606723785,0.5,-0.04812976159155369,-3.3610710501670837,-0.07140753418207169,0.18165951408445835,0.0,-0.11510307155549526,0.5657375454902649
2024_07_NE_JAX,2024,REG,7,2024-10-20,Sunday,09:30,NE,16.0,JAX,32.0,Neutral,16.0,48.0,0.0,2024102000,59601.0,,202410200jax,,401671801,6542.0,7,7,240.0,-298.0,6.5,-105.0,-115.0,42.0,-108.0,-112.0,0,outdoors,grass,63.0,12.0,00-0039851,00-0036971,Drake Maye,Trevor Lawrence,Jerod Mayo,Doug Pederson,Brad Rogers,LON00,Wembley Stadium,1.0,0.22917353,0.0,-0.019611299,0.0,0.0,0.2409406,4.555178,0.04972531832754612,0.22203819453716278,-1.25,0.003797395038418472,0.865607738494873,-0.019611299,0.0,0.22917353,0.0,0.0,0.07388121,5.19723,-0.2170107141137123,0.041722016874700785,-0.75,-0.3158798310905695,-4.913129210472107,0.26673603244125843,0.180316177662462,-0.5,0.31967722612898797,5.77873694896698
2024_07_SEA_ATL,2024,REG,7,2024-10-20,Sunday,13:00,SEA,34.0,ATL,14.0,Home,-20.0,48.0,0.0,2024102001,59602.0,,202410200atl,,401671730,6543.0,10,7,136.0,-162.0,3.0,-115.0,-105.0,51.5,-110.0,-110.0,0,closed,fieldturf,,,00-0030565,00-0029604,Geno Smith,Kirk Cousins,Mike Macdonald,Raheem Morris,Bill Vinovich,ATL97,Mercedes-Benz Stadium,0.0,-0.1402934,3.0,0.17064399,0.0,-3.0,-0.09877075,2.163885,0.1048832475207746,0.061849335208535194,0.0,0.10803601471707225,1.8554544895887375,0.17064399,0.0,-0.1402934,3.0,3.0,0.11313181,8.819281,-0.03312843618914485,0.05389401002321392,-1.75,-7.395574357360601e-05,1.4882128462195396,0.13801168370991945,0.007955325185321271,1.75,0.10810997046064585,0.36724164336919785
2024_07_TEN_BUF,2024,REG,7,2024-10-20,Sunday,13:00,TEN,10.0,BUF,34.0,Home,24.0,44.0,0.0,2024102002,59603.0,,202410200buf,,401671616,6544.0,7,6,400.0,-535.0,9.5,-110.0,-110.0,41.0,-108.0,-112.0,0,outdoors,a_turf,66.0,12.0,00-0034771,00-0034857,Mason Rudolph,Josh Allen,Brian Callahan,Sean McDermott,John Hussey,BUF00,New Era Field,1.0,0.1680696,0.0,-0.14936897,2.0,2.0,0.21962814,2.8062139,0.07506253337487578,0.023215826135128736,1.25,0.14448387594893575,1.2643757313489914,-0.14936897,2.0,0.1680696,0.0,-2.0,-0.22372471,-1.8629996,-0.07535718567669392,-0.024050329811871052,-1.25,-0.15143216494470835,1.0665763020515442,0.1504197190515697,0.04726615594699979,2.5,0.2959160408936441,0.1977994292974472
2024_07_CIN_CLE,2024,REG,7,2024-10-20,Sunday,13:00,CIN,21.0,CLE,14.0,Home,-7.0,35.0,0.0,2024102003,59604.0,,202410200cle,,401671853,6545.0,7,7,-230.0,190.0,-5.5,-110.0,-110.0,42.0,-112.0,-108.0,1,outdoors,grass,62.0,8.0,00-0036442,00-0033537,Joe Burrow,Deshaun Watson,Zac Taylor,Kevin Stefanski,Ron Torbert,CLE00,FirstEnergy Stadium,0.0,-0.18734027,2.0,-0.10292532,0.0,-2.0,-0.15467243,-3.8676853,-0.15630005113780499,-0.04599565616808832,0.25,-0.20537277404218912,-2.904188245534897,-0.10292532,0.0,-0.18734027,2.0,2.0,-0.194615,-1.0590433,0.1774227754212916,0.14725165721029043,0.0,0.20891043450683355,8.934269428253174,-0.3337228265590966,-0.19324731337837875,0.25,-0.4142832085490227,-11.83845767378807
2024_07_HOU_GB,2024,REG,7,2024-10-20,Sunday,13:00,HOU,22.0,GB,24.0,Home,2.0,46.0,0.0,2024102004,59605.0,,202410200gnb,,401671644,6546.0,7,7,142.0,-170.0,3.0,100.0,-120.0,48.0,-108.0,-112.0,0,outdoors,grass,72.0,3.0,00-0039163,00-0036264,C.J. Stroud,Jordan Love,DeMeco Ryans,Matt LaFleur,Scott Novak,GNB00,Lambeau Field,1.0,0.030290967,2.0,0.040083606,1.0,-1.0,-0.07821454,6.1073074,0.03829527122434229,-0.1129309589159675,0.75,0.07426211517304182,-2.7058739066123962,0.040083606,1.0,0.030290967,2.0,1.0,-0.17564452,-14.842327,-0.01903795124962926,-0.0031375219114124775,0.0,-0.0010499078780412674,0.8410245180130005,0.057333222473971546,-0.10979343700455502,0.75,0.07531202305108309,-3.5468984246253967
2024_07_MIA_IND,2024,REG,7,2024-10-20,Sunday,13:00,MIA,10.0,IND,16.0,Home,6.0,26.0,0.0,2024102005,59606.0,,202410200clt,,401671864,6547.0,14,7,130.0,-155.0,3.0,-120.0,100.0,44.0,-108.0,-112.0,0,closed,fieldturf,,,00-0034177,00-0039164,Tim Boyle,Anthony Richardson,Mike McDaniel,Shane Steichen,Craig Wrolstad,IND00,Lucas Oil Stadium,1.0,-0.15616287,1.0,-0.2259534,2.0,1.0,-0.19459946,-18.677557,0.02428151899948716,0.015707291662693024,1.0,0.015628473833203316,0.1648191213607788,-0.2259534,2.0,-0.15616287,1.0,-1.0,-0.25723282,-4.6323314,-0.22918579075485468,-0.02010154537856579,-0.75,-0.3037214819341898,-2.3728805743157864,0.25346730975434184,0.03580883704125881,1.75,0.3193499557673931,2.537699695676565
2024_07_DET_MIN,2024,REG,7,2024-10-20,Sunday,13:00,DET,31.0,MIN,29.0,Home,-2.0,60.0,0.0,2024102006,59607.0,,202410200min,,401671724,6548.0,7,14,-102.0,-118.0,1.0,-108.0,-112.0,50.5,-112.0,-108.0,1,dome,sportturf,,,00-0033106,00-0034869,Jared Goff,Sam Darnold,Dan Campbell,Kevin O'Connell,Clay Martin,MIN01,U.S. Bank Stadium,0.0,0.007993272,1.0,0.042771235,1.0,0.0,0.053323943,13.547658,-0.00098052789689973,-0.15755696408450603,1.5,-0.04416869953274727,1.56184983253479,0.042771235,1.0,0.007993272,1.0,0.0,0.13093385,15.493189,0.1359603990567848,-0.08717825636267662,1.5,0.20173288695514202,9.788561344146729,-0.13694092695368454,-0.07037870772182941,0.0,-0.2459015864878893,-8.226711511611938
2024_07_PHI_NYG,2024,REG,7,2024-10-20,Sunday,13:00,PHI,28.0,NYG,3.0,Home,-25.0,31.0,0.0,2024102007,59608.0,,202410200nyg,,401671710,6549.0,7,7,-166.0,140.0,-3.0,-120.0,100.0,42.0,-110.0,-110.0,1,outdoors,fieldturf,71.0,4.0,00-0036389,00-0035710,Jalen Hurts,Daniel Jones,Nick Sirianni,Brian Daboll,Tra Blake,NYC01,MetLife Stadium,0.0,-0.25603178,0.0,0.13198489,0.0,0.0,-0.42661414,-6.331664,-0.06673653970938176,-0.073871826287359,-0.25,-0.0312529718503356,3.079551100730896,0.13198489,0.0,-0.25603178,0.0,0.0,0.14653978,5.6910577,-0.013911376474425197,0.02577841654419899,-0.5,0.06429064832627773,5.559232652187347,-0.05282516323495656,-0.09965024283155799,0.25,-0.09554362017661333,-2.4796815514564514
2024_07_LV_LA,2024,REG,7,2024-10-20,Sunday,16:05,LV,15.0,LA,20.0,Home,5.0,35.0,0.0,2024102008,59609.0,,202410200ram,,401671663,6550.0,7,14,280.0,-355.0,7.0,-105.0,-115.0,43.0,-105.0,-115.0,0,dome,matrixturf,,,00-0038579,00-0026498,Aidan O'Connell,Matthew Stafford,Antonio Pierce,Sean McVay,Shawn Hochuli,LAX01,SoFi Stadium,1.0,-0.3250475,1.0,-0.25937077,4.0,3.0,-0.2877217,-9.640479,-0.003989755176007748,0.13057551288511604,-0.5,-0.05063678044825792,-0.42887544934637845,-0.25937077,4.0,-0.3250475,1.0,-3.0,-0.3405067,-9.936331,-0.14832168631255627,0.04132228158414364,-1.75,-0.17129777558147907,-5.478099584579468,0.14433193113654852,0.0892532313009724,1.25,0.12066099513322115,5.049224135233089
2024_07_CAR_WAS,2024,REG,7,2024-10-20,Sunday,16:05,CAR,7.0,WAS,40.0,Home,33.0,47.0,0.0,2024102009,59610.0,,202410200was,,401671640,6551.0,7,7,400.0,-535.0,10.0,100.0,-120.0,51.0,-110.0,-110.0,0,outdoors,grass,76.0,2.0,00-0027973,00-0039910,Andy Dalton,Jayden Daniels,Dave Canales,Dan Quinn,Carl Cheffers,WAS00,FedExField,1.0,0.22045977,0.0,-0.30943194,2.0,2.0,0.26922607,15.85942,0.24786526896059513,0.05860249698162079,0.0,0.2794604003429413,10.984773755073547,-0.30943194,2.0,0.22045977,0.0,-2.0,-0.47399506,1.1494033,-0.01887775119394064,0.11614681035280228,-0.75,-0.03824121912475675,-1.131942294538021,0.26674302015453577,-0.05754431337118149,0.75,0.31770161946769804,12.116716049611568
2024_07_KC_SF,2024,REG,7,2024-10-20,Sunday,16:25,KC,28.0,SF,18.0,Home,-10.0,46.0,0.0,2024102010,59611.0,,202410200sfo,,401671777,6552.0,13,10,120.0,-142.0,2.5,-105.0,-115.0,47.5,-110.0,-110.0,0,outdoors,grass,78.0,3.0,00-0033873,00-0037834,Patrick Mahomes,Brock Purdy,Andy Reid,Kyle Shanahan,Alan Eck,SFO01,Levi's Stadium,0.0,-0.112362,3.0,0.053008176,2.0,-1.0,-0.17998241,-9.561323,0.08186559332534671,-0.013833121862262487,0.25,0.15814729500561953,2.369596630334854,0.053008176,2.0,-0.112362,3.0,1.0,0.021756561,-2.5463157,0.017419954296201468,-0.06450803531333804,-1.0,0.018543649464845657,2.309785395860672,0.06444563902914524,0.050674913451075554,1.25,0.13960364554077387,0.05981123447418213
2024_07_NYJ_PIT,2024,REG,7,2024-10-20,Sunday,20:20,NYJ,15.0,PIT,37.0,Home,22.0,52.0,0.0,2024102011,59612.0,,202410200pit,,401671785,6553.0,6,7,-166.0,140.0,-3.0,-108.0,-112.0,40.0,-110.0,-110.0,0,outdoors,grass,60.0,4.0,00-0023459,00-0029263,Aaron Rodgers,Russell Wilson,Robert Saleh,Mike Tomlin,Shawn Smith,PIT00,Acrisure Stadium,1.0,0.17631291,0.0,-0.11997879,2.0,2.0,0.15664223,-1.5767188,0.036370265297591686,-0.06585994875058532,0.5,0.05377342365682125,1.0051054954528809,-0.11997879,2.0,0.17631291,0.0,-2.0,-0.023287788,-5.3907986,-0.046978214755654335,-0.09984216839075089,-0.25,-0.04381091520190239,-0.7123312503099442,0.08334848005324602,0.03398221964016557,0.75,0.09758433885872364,1.717436745762825
2024_07_BAL_TB,2024,REG,7,2024-10-21,Monday,20:15,BAL,41.0,TB,31.0,Home,-10.0,72.0,0.0,2024102100,59613.0,,202410210tam,,401671695,6554.0,8,8,-225.0,185.0,-4.5,-110.0,-110.0,51.0,-110.0,-110.0,0,outdoors,grass,80.0,8.0,00-0034796,00-0034855,Lamar Jackson,Baker Mayfield,John Harbaugh,Todd Bowles,Alex Kemp,TAM00,Raymond James Stadium,0.0,0.08850749,2.0,0.29330608,1.0,-1.0,0.122913666,3.6437845,0.04869032837450504,-0.014690306968986988,-0.25,0.056522831320762634,-0.6200604438781738,0.29330608,1.0,0.08850749,2.0,1.0,0.47213036,15.367382,0.19255280494689941,0.06242009811103344,0.0,0.2816893272101879,8.109609551727772,-0.14386247657239437,-0.07711040508002043,-0.25,-0.22516649588942528,-8.729669995605946
2024_07_LAC_ARI,2024,REG,7,2024-10-21,Monday,21:00,LAC,15.0,ARI,17.0,Home,2.0,32.0,0.0,2024102101,59614.0,,202410210crd,,401671699,6555.0,8,8,-122.0,102.0,-1.0,-115.0,-105.0,44.0,-108.0,-112.0,0,closed,grass,,,00-0036355,00-0035228,Justin Herbert,Kyler Murray,Jim Harbaugh,Jonathan Gannon,Clete Blakeman,PHO00,State Farm Stadium,1.0,0.08256832,2.0,0.10609165,1.0,-1.0,0.035911966,-17.45452,-0.07720180973410606,0.1195692241890356,0.0,-0.08139115571975708,-1.1287064477801323,0.10609165,1.0,0.08256832,2.0,1.0,0.049468063,4.839167,-0.04820876382291317,-0.12176528293639421,1.0,-0.04545372724533081,2.2231923639774323,-0.028993045911192894,0.2413345071254298,-1.0,-0.03593742847442627,-3.3518988117575645
2024_08_MIN_LA,2024,REG,8,2024-10-24,Thursday,20:15,MIN,20.0,LA,30.0,Home,10.0,50.0,0.0,2024102400,59615.0,,202410240ram,,401671817,6556.0,4,4,-155.0,130.0,-3.0,-105.0,-115.0,47.5,-110.0,-110.0,0,dome,matrixturf,,,00-0034869,00-0026498,Sam Darnold,Matthew Stafford,Kevin O'Connell,Sean McVay,Tra Blake,LAX01,SoFi Stadium,1.0,0.14800169,1.0,0.09352655,0.0,-1.0,0.1864958,4.5420046,-0.049192498438060284,-0.014680253923870623,0.25,-0.056806680746376514,-3.1906826228369027,0.09352655,0.0,0.14800169,1.0,1.0,0.107988074,11.819899,0.014396926097106189,-0.11359996534883976,1.5,-0.020284321159124374,4.772233307361603,-0.06358942453516647,0.09891971142496914,-1.25,-0.03652235958725214,-7.9629159301985055
2024_08_PHI_CIN,2024,REG,8,2024-10-27,Sunday,13:00,PHI,37.0,CIN,17.0,Home,-20.0,54.0,0.0,2024102710,59626.0,,202410270cin,,401671667,6567.0,7,7,124.0,-148.0,2.5,100.0,-120.0,47.5,-108.0,-112.0,0,outdoors,fieldturf,59.0,6.0,00-0036389,00-0036442,Jalen Hurts,Joe Burrow,Nick Sirianni,Zac Taylor,John Hussey,CIN00,Paycor Stadium,0.0,-0.016857686,2.0,0.311279,0.0,-2.0,-0.0009322459,6.1274133,0.0766266961582005,-0.006030288524925709,0.5,0.06804543640464544,6.3717056810855865,0.311279,0.0,-0.016857686,2.0,2.0,0.337938,19.492409,-0.003072994528338313,-0.07311949506402016,-0.25,0.07109571248292923,3.5609148144721985,0.07969969068653882,0.06708920653909445,0.75,-0.0030502760782837868,2.810790866613388
2024_08_BAL_CLE,2024,REG,8,2024-10-27,Sunday,13:00,BAL,24.0,CLE,29.0,Home,5.0,53.0,0.0,2024102700,59616.0,,202410270cle,,401671852,6557.0,6,7,-380.0,300.0,-7.5,-110.0,-110.0,44.5,-105.0,-115.0,1,outdoors,grass,52.0,4.0,00-0034796,00-0031503,Lamar Jackson,Jameis Winston,John Harbaugh,Kevin Stefanski,Shawn Smith,CLE00,FirstEnergy Stadium,1.0,0.11854454,1.0,0.053695325,0.0,-1.0,0.13171001,2.9232116,-0.14021980948746204,-0.03544429480098188,-0.25,-0.14969549048691988,-2.003777354955673,0.053695325,0.0,0.11854454,1.0,1.0,0.097184785,4.34351,0.23456567525863647,0.06882427632808685,0.0,0.306358028203249,10.852182693779469,-0.3747854847460985,-0.10426857112906873,-0.25,-0.45605351869016886,-12.855960048735142
2024_08_TEN_DET,2024,REG,8,2024-10-27,Sunday,13:00,TEN,14.0,DET,52.0,Home,38.0,66.0,0.0,2024102701,59617.0,,202410270det,,401671720,6558.0,7,7,550.0,-800.0,12.5,-105.0,-115.0,45.0,-108.0,-112.0,0,dome,fieldturf,,,00-0034771,00-0033106,Mason Rudolph,Jared Goff,Brian Callahan,Dan Campbell,Carl Cheffers,DET00,Ford Field,1.0,0.1821785,0.0,-0.323014,4.0,4.0,0.025190162,9.463894,0.16704832285176963,-0.08049632469192147,1.75,0.25183457881212234,14.46109652519226,-0.323014,4.0,0.1821785,0.0,-4.0,-0.29040793,-6.4206877,-0.09609885141253471,-0.00367001723498106,-1.25,-0.18497798684984446,-1.138349026441574,0.26314717426430434,-0.07682630745694041,3.0,0.4368125656619668,15.599445551633835
2024_08_IND_HOU,2024,REG,8,2024-10-27,Sunday,13:00,IND,20.0,HOU,23.0,Home,3.0,43.0,0.0,2024102702,59618.0,,202410270htx,,401671856,6559.0,7,7,185.0,-225.0,5.0,-112.0,-108.0,45.0,-108.0,-112.0,1,closed,astroturf,,,00-0026158,00-0039163,Joe Flacco,C.J. Stroud,Shane Steichen,DeMeco Ryans,Brad Allen,HOU00,NRG Stadium,1.0,-0.018053226,1.0,-0.033419788,2.0,1.0,-0.06942153,1.6954837,0.056462154258042574,-0.025547645054757595,0.75,0.009728515520691872,-1.5200291872024536,-0.033419788,2.0,-0.018053226,1.0,-1.0,-0.09270545,-24.750744,0.016214529518038034,-0.009758690372109413,1.0,0.020250292494893074,-2.0504575967788696,0.04024762474000454,-0.015788954682648182,-0.25,-0.010521776974201202,0.530428409576416
2024_08_GB_JAX,2024,REG,8,2024-10-27,Sunday,13:00,GB,30.0,JAX,27.0,Home,-3.0,57.0,0.0,2024102703,59619.0,,202410270jax,,401671707,6560.0,7,7,-192.0,160.0,-3.5,-115.0,-105.0,49.0,-112.0,-108.0,0,outdoors,grass,84.0,4.0,00-0036264,00-0036971,Jordan Love,Trevor Lawrence,Matt LaFleur,Doug Pederson,Land Clark,JAX00,TIAA Bank Stadium,0.0,0.062283255,2.0,0.1314518,1.0,-1.0,0.061244253,6.624977,0.14767279289662838,0.13064921647310257,-0.75,0.12488601903896779,3.7591758966445923,0.1314518,1.0,0.062283255,2.0,1.0,0.10961366,4.37594,0.030247813905589283,-0.041041754942853004,-0.25,0.025689068250358105,-0.8801955282688141,0.1174249789910391,0.17169097141595557,-0.5,0.09919695078860968,4.639371424913406
2024_08_ARI_MIA,2024,REG,8,2024-10-27,Sunday,13:00,ARI,28.0,MIA,27.0,Home,-1.0,55.0,0.0,2024102704,59620.0,,202410270mia,,401671850,6561.0,6,7,164.0,-198.0,4.0,-108.0,-112.0,46.5,-110.0,-110.0,0,outdoors,grass,82.0,14.0,00-0035228,00-0034177,Kyler Murray,Tim Boyle,Jonathan Gannon,Mike McDaniel,Clay Martin,MIA00,Hard Rock Stadium,0.0,0.19907688,0.0,0.22239152,0.0,0.0,0.19287461,3.8823073,-0.22679288405925035,-0.08747103996574879,-0.25,-0.30134728737175465,-3.648241776973009,0.22239152,0.0,0.19907688,0.0,0.0,0.27863854,11.936877,-0.022540204226970673,0.14792593382298946,-0.25,-0.012811827473342419,-5.091108255088329,-0.20425267983227968,-0.23539697378873825,0.0,-0.2885354598984122,1.4428664781153202
2024_08_NYJ_NE,2024,REG,8,2024-10-27,Sunday,13:00,NYJ,22.0,NE,25.0,Home,3.0,47.0,0.0,2024102705,59621.0,,202410270nwe,,401671618,6562.0,7,7,-305.0,245.0,-7.0,-110.0,-110.0,41.0,-110.0,-110.0,1,outdoors,fieldturf,53.0,8.0,00-0023459,00-0039851,Aaron Rodgers,Drake Maye,Robert Saleh,Jerod Mayo,Craig Wrolstad,BOS00,Gillette Stadium,1.0,0.014263549,0.0,0.018396862,0.0,0.0,0.036902253,-2.474223,-0.16686010733246803,0.06894297199323773,-0.5,-0.19749306328594685,-2.7307326793670654,0.018396862,0.0,0.014263549,0.0,0.0,0.10021236,8.291159,-0.10704533942043781,-0.000710509717464447,-1.0,-0.1137467622756958,-5.225645735859871,-0.05981476791203022,0.06965348171070218,0.5,-0.08374630101025105,2.4949130564928055
2024_08_ATL_TB,2024,REG,8,2024-10-27,Sunday,13:00,ATL,31.0,TB,26.0,Home,-5.0,57.0,0.0,2024102706,59622.0,,202410270tam,,401671739,6563.0,7,6,-122.0,102.0,-1.5,-110.0,-110.0,47.0,-108.0,-112.0,1,outdoors,grass,79.0,6.0,00-0029604,00-0034855,Kirk Cousins,Baker Mayfield,Raheem Morris,Todd Bowles,Shawn Hochuli,TAM00,Raymond James Stadium,0.0,0.040661912,3.0,0.1586746,0.0,-3.0,0.08780196,11.45989,0.13780233077704906,0.03631793428212404,-0.25,0.18131309933960438,-0.6918046474456787,0.1586746,0.0,0.040661912,3.0,3.0,0.2599835,12.709073,0.07138890027999878,0.08307473175227642,-0.75,0.10822095489129424,0.7447441071271896,0.06641343049705029,-0.04675679747015238,0.5,0.07309214444831014,-1.4365487545728683
2024_08_NO_LAC,2024,REG,8,2024-10-27,Sunday,16:05,NO,8.0,LAC,26.0,Home,18.0,34.0,0.0,2024102708,59624.0,,202410270sdg,,401671750,6565.0,10,6,250.0,-310.0,7.0,-110.0,-110.0,41.5,-108.0,-112.0,0,dome,matrixturf,,,00-0039376,00-0036355,Spencer Rattler,Justin Herbert,Dennis Allen,Jim Harbaugh,Alan Eck,LAX01,SoFi Stadium,1.0,0.040937737,0.0,-0.20546658,0.0,0.0,-0.0020965622,-3.1423936,-0.035416169092059135,-0.005303715355694294,1.5,-0.060924410820007324,1.5183662474155426,-0.20546658,0.0,0.040937737,0.0,0.0,-0.19930524,-14.638553,-0.1455926112830639,0.07879658788442612,0.0,-0.2017655074596405,-1.0030142590403557,0.11017644219100475,-0.08410030324012041,1.5,0.14084109663963318,2.5213805064558983
2024_08_BUF_SEA,2024,REG,8,2024-10-27,Sunday,16:05,BUF,31.0,SEA,10.0,Home,-21.0,41.0,0.0,2024102709,59625.0,,202410270sea,,401671760,6566.0,7,7,-170.0,142.0,-3.0,-120.0,100.0,45.5,-105.0,-115.0,0,outdoors,fieldturf,55.0,14.0,00-0034857,00-0030565,Josh Allen,Geno Smith,Sean McDermott,Mike Macdonald,Ron Torbert,SEA00,Lumen Field,0.0,-0.09908512,1.0,0.18849628,2.0,1.0,-0.21150005,3.1261358,0.027337460312992334,0.110311389551498,-0.5,0.02936922269873321,2.025644563138485,0.18849628,2.0,-0.09908512,1.0,-1.0,0.31383556,7.419146,0.0305937803350389,0.02652767626568675,1.25,0.08775851177051663,-1.2574282437562943,-0.003256320022046566,0.08378371328581125,-1.75,-0.05838928907178342,3.283072806894779
2024_08_CAR_DEN,2024,REG,8,2024-10-27,Sunday,16:25,CAR,14.0,DEN,28.0,Home,14.0,42.0,0.0,2024102711,59627.0,,202410270den,,401671600,6568.0,7,10,525.0,-750.0,13.0,-110.0,-110.0,40.5,-112.0,-108.0,0,outdoors,grass,76.0,4.0,00-0039150,00-0039732,Bryce Young,Bo Nix,Dave Canales,Sean Payton,Alex Kemp,DEN00,Empower Field at Mile High,1.0,0.059443567,2.0,-0.122629814,2.0,0.0,0.03536975,14.790402,-0.04685762897133827,-0.14898235350847244,0.5,-0.03809520602226257,-6.5933879017829895,-0.122629814,2.0,0.059443567,2.0,0.0,-0.14565723,3.862592,-0.13703516405075788,0.1901358999311924,-1.5,-0.20720537041779608,-0.23151841014623642,0.09017753507941961,-0.33911825343966484,2.0,0.1691101643955335,-6.361869491636753
2024_08_KC_LV,2024,REG,8,2024-10-27,Sunday,16:25,KC,27.0,LV,20.0,Home,-7.0,47.0,0.0,2024102712,59628.0,,202410270rai,,401671671,6569.0,7,7,-440.0,340.0,-9.0,-112.0,-108.0,42.0,-108.0,-112.0,1,dome,grass,,,00-0033873,00-0038579,Patrick Mahomes,Aidan O'Connell,Andy Reid,Antonio Pierce,Adrian Hill,VEG00,Allegiant Stadium,0.0,-0.041957762,1.0,0.07221056,1.0,0.0,-0.057852197,17.072378,-0.19429023377597332,-0.08073901943862438,-2.25,-0.23565921559929848,-7.245936572551727,0.07221056,1.0,-0.041957762,1.0,0.0,0.17511763,6.305332,0.03222529776394367,-0.1063315593637526,-0.25,0.04513709666207433,0.5209729969501495,-0.226515531539917,0.02559253992512822,-2.0,-0.2807963122613728,-7.766909569501877
2024_08_CHI_WAS,2024,REG,8,2024-10-27,Sunday,16:25,CHI,15.0,WAS,18.0,Home,3.0,33.0,0.0,2024102707,59623.0,,202410270was,,401671599,6564.0,14,7,102.0,-122.0,1.5,-110.0,-110.0,46.5,-108.0,-112.0,0,outdoors,grass,58.0,2.0,00-0039918,00-0039910,Caleb Williams,Jayden Daniels,Matt Eberflus,Dan Quinn,Clete Blakeman,WAS00,FedExField,1.0,-0.0056688497,0.0,-0.080615394,1.0,1.0,0.0750559,-0.86736834,0.1965333353728056,-0.0938202366232872,0.5,0.2179318517446518,7.862096190452576,-0.080615394,1.0,-0.0056688497,0.0,-1.0,-0.12941422,-9.360746,0.08534860238432884,-0.06576593685895205,1.25,0.09719885140657425,7.943411111831665,0.11118473298847675,-0.028054299764335155,-0.75,0.12073300033807755,-0.08131492137908936
2024_08_DAL_SF,2024,REG,8,2024-10-27,Sunday,20:20,DAL,24.0,SF,30.0,Home,6.0,54.0,0.0,2024102713,59629.0,,202410270sfo,,401671795,6570.0,14,7,195.0,-238.0,5.5,-105.0,-115.0,48.0,-110.0,-110.0,0,outdoors,grass,69.0,9.0,00-0033077,00-0037834,Dak Prescott,Brock Purdy,Mike McCarthy,Kyle Shanahan,Bill Vinovich,SFO01,Levi's Stadium,1.0,0.107843414,0.0,0.025084607,2.0,2.0,0.25147954,2.902199,0.019535846542567015,-0.04038106603547931,0.25,0.06307341996580362,-2.108017534017563,0.025084607,2.0,0.107843414,0.0,-2.0,-0.0179736,6.314246,-0.0012505985796451569,0.11897343536838889,-1.75,-0.05464907130226493,-0.6375463008880615,0.02078644512221217,-0.1593545014038682,2.0,0.11772249126806855,-1.4704712331295013
2024_08_NYG_PIT,2024,REG,8,2024-10-28,Monday,20:15,NYG,18.0,PIT,26.0,Home,8.0,44.0,0.0,2024102800,59630.0,,202410280pit,,401671685,6571.0,8,8,220.0,-270.0,6.0,-105.0,-115.0,37.5,-110.0,-110.0,0,outdoors,grass,54.0,7.0,00-0035710,00-0029263,Daniel Jones,Russell Wilson,Brian Daboll,Mike Tomlin,Scott Novak,PIT00,Acrisure Stadium,1.0,0.051276106,1.0,-0.027474392,2.0,1.0,0.084048755,11.759595,0.06827141344547272,-0.06713901599869132,1.25,0.06003222428262234,-1.951046347618103,-0.027474392,2.0,0.051276106,1.0,-1.0,0.043494616,3.2617967,-0.09446179296355695,0.022039706353098154,-0.25,-0.14899584650993347,0.10798430442810059,0.16273320640902966,-0.08917872235178947,1.5,0.2090280707925558,-2.0590306520462036
2024_09_HOU_NYJ,2024,REG,9,2024-10-31,Thursday,20:15,HOU,13.0,NYJ,21.0,Home,8.0,34.0,0.0,2024103100,59631.0,,202410310nyj,,401671809,6572.0,4,4,124.0,-148.0,2.5,100.0,-120.0,43.5,-105.0,-115.0,0,outdoors,fieldturf,71.0,8.0,00-0039163,00-0023459,C.J. Stroud,Aaron Rodgers,DeMeco Ryans,Robert Saleh,Shawn Hochuli,NYC01,MetLife Stadium,1.0,0.117059186,1.0,0.011598063,1.0,0.0,0.047567613,-1.2533574,-0.047333333641290665,0.06190059916116297,-1.0,-0.017491327598690987,-1.3052755147218704,0.011598063,1.0,0.117059186,1.0,0.0,-0.07531797,-15.746654,0.027354805264621973,-0.062457834370434284,0.75,-0.04686442203819752,-1.4909245669841766,-0.07468813890591264,0.12435843353159726,-1.75,0.02937309443950653,0.1856490522623062
2024_09_DAL_ATL,2024,REG,9,2024-11-03,Sunday,13:00,DAL,21.0,ATL,27.0,Home,6.0,48.0,0.0,2024110300,59632.0,,202411030atl,,401671728,6573.0,7,7,140.0,-166.0,3.0,-105.0,-115.0,52.0,-112.0,-108.0,0,closed,fieldturf,,,00-0033077,00-0029604,Dak Prescott,Kirk Cousins,Mike McCarthy,Raheem Morris,Scott Novak,ATL97,Mercedes-Benz Stadium,1.0,0.018039197,1.0,-0.038828082,0.0,-1.0,0.108993776,11.640511,0.09008795022964478,0.08132040966302156,0.25,0.1682926006615162,5.6166379898786545,-0.038828082,0.0,0.018039197,1.0,1.0,-0.006381505,-6.370274,-0.010702140629291534,0.11462063854560256,-2.0,-0.06068759923800826,3.6399121284484863,0.10079009085893631,-0.033300228882580996,2.25,0.22898019989952445,1.9767258614301682
2024_09_DEN_BAL,2024,REG,9,2024-11-03,Sunday,13:00,DEN,10.0,BAL,41.0,Home,31.0,51.0,0.0,2024110301,59633.0,,202411030rav,,401671623,6574.0,7,7,330.0,-440.0,9.0,-115.0,-105.0,46.5,-110.0,-110.0,0,outdoors,grass,57.0,3.0,00-0039732,00-0034796,Bo Nix,Lamar Jackson,Sean Payton,John Harbaugh,Adrian Hill,BAL00,M&T Bank Stadium,1.0,0.33805686,0.0,-0.11849596,1.0,1.0,0.41557604,16.47114,0.19590598810464144,0.13551508076488972,0.25,0.2572369109839201,8.76519937068224,-0.11849596,1.0,0.33805686,0.0,-1.0,-0.16082165,-2.8138425,0.027048484422266483,-0.12452701665461063,0.5,0.041977657936513424,0.8040403723716736,0.16885750368237495,0.26004209741950035,-0.25,0.21525925304740667,7.961158998310566
2024_09_MIA_BUF,2024,REG,9,2024-11-03,Sunday,13:00,MIA,27.0,BUF,30.0,Home,3.0,57.0,0.0,2024110302,59634.0,,202411030buf,,401671493,6575.0,7,7,230.0,-285.0,6.5,-110.0,-110.0,49.0,-108.0,-112.0,1,outdoors,a_turf,54.0,9.0,00-0036212,00-0034857,Tua Tagovailoa,Josh Allen,Mike McDaniel,Sean McDermott,Tra Blake,BUF00,New Era Field,1.0,0.2148895,1.0,0.21239518,1.0,0.0,0.16632274,-2.3320181,0.11477251863107085,-0.050327122677117586,1.0,0.20012228237465024,0.4943268299102783,0.21239518,1.0,0.2148895,1.0,0.0,0.3055682,21.283056,-0.08553293440490961,-0.014068260788917542,-0.75,-0.1454837042838335,-2.6375538110733032,0.20030545303598046,-0.036258861888200045,1.75,0.34560598665848374,3.1318806409835815
2024_09_NO_CAR,2024,REG,9,2024-11-03,Sunday,13:00,NO,22.0,CAR,23.0,Home,1.0,45.0,0.0,2024110303,59635.0,,202411030car,,401671650,6576.0,7,7,-345.0,275.0,-7.0,-118.0,-102.0,43.5,-108.0,-112.0,1,outdoors,grass,66.0,7.0,00-0031280,00-0039150,Derek Carr,Bryce Young,Dennis Allen,Dave Canales,Ron Torbert,CAR00,Bank of America Stadium,1.0,0.031516254,1.0,0.06446287,0.0,-1.0,-0.007854276,1.6594238,-0.1786942556500435,0.1548325689509511,-1.5,-0.2445413675159216,1.726347602903843,0.06446287,0.0,0.031516254,1.0,1.0,0.12825397,-0.88387924,-0.20887905731797218,0.06806142255663872,-0.25,-0.26662899926304817,-5.890091352164745,0.030184801667928696,0.08677114639431238,-1.25,0.02208763174712658,7.616438955068588
2024_09_LV_CIN,2024,REG,9,2024-11-03,Sunday,13:00,LV,24.0,CIN,41.0,Home,17.0,65.0,0.0,2024110304,59636.0,,202411030cin,,401671704,6577.0,7,7,320.0,-410.0,8.0,-110.0,-110.0,45.0,-108.0,-112.0,0,outdoors,fieldturf,67.0,7.0,00-0035289,00-0036442,Gardner Minshew,Joe Burrow,Antonio Pierce,Zac Taylor,Brad Rogers,CIN00,Paycor Stadium,1.0,0.11363284,1.0,-0.099376485,2.0,1.0,0.08859871,5.9591956,0.022248052060604095,0.06078782305121422,0.0,0.026023878846899606,6.982790023088455,-0.099376485,2.0,0.11363284,1.0,-1.0,-0.28455004,1.6680336,-0.18607921432703733,-0.03426254726946354,-2.25,-0.21028532925993204,0.43522220849990845,0.20832726638764143,0.09505037032067776,2.25,0.23630920810683165,6.547567814588547
2024_09_LAC_CLE,2024,REG,9,2024-11-03,Sunday,13:00,LAC,27.0,CLE,10.0,Home,-17.0,37.0,0.0,2024110305,59637.0,,202411030cle,,401671629,6578.0,7,7,-130.0,110.0,-2.0,-110.0,-110.0,42.5,-108.0,-112.0,0,outdoors,grass,57.0,10.0,00-0036355,00-0031503,Justin Herbert,Jameis Winston,Jim Harbaugh,Kevin Stefanski,Bill Vinovich,CLE00,FirstEnergy Stadium,0.0,-0.2663572,3.0,-0.0637932,0.0,-3.0,-0.27078906,-8.498815,-0.08215984143316746,-0.0033200036268681288,-0.5,-0.08728162106126547,-2.3040336072444916,-0.0637932,0.0,-0.2663572,3.0,3.0,0.031492658,8.326609,0.0035338960587978363,-0.06884744018316269,1.25,-0.020277864881791174,-0.8583588302135468,-0.0856937374919653,0.06552743655629456,-1.75,-0.0670037561794743,-1.4456747770309448
2024_09_WAS_NYG,2024,REG,9,2024-11-03,Sunday,13:00,WAS,27.0,NYG,22.0,Home,-5.0,49.0,0.0,2024110307,59639.0,,202411030nyg,,401671711,6580.0,7,6,-218.0,180.0,-4.5,-108.0,-112.0,44.5,-110.0,-110.0,1,outdoors,fieldturf,52.0,6.0,00-0032268,00-0035710,Marcus Mariota,Daniel Jones,Dan Quinn,Brian Daboll,Brad Allen,NYC01,MetLife Stadium,0.0,0.1253724,1.0,0.22032398,0.0,-1.0,0.10500855,8.956628,-0.1059053469216451,0.007434200029820204,-0.25,-0.12688706535845995,-1.6540516018867493,0.22032398,0.0,0.1253724,1.0,1.0,0.31158006,11.927927,0.10165636776946485,-0.09885054267942905,0.75,0.132773756980896,4.063433617353439,-0.20756171469110996,0.10628474270924926,-1.0,-0.25966082233935595,-5.717485219240189
2024_09_NE_TEN,2024,REG,9,2024-11-03,Sunday,13:00,NE,17.0,TEN,20.0,Home,3.0,37.0,1.0,2024110308,59640.0,,202411030oti,,401671822,6581.0,7,7,136.0,-162.0,3.0,-105.0,-115.0,38.5,-110.0,-110.0,0,outdoors,grass,75.0,10.0,00-0039851,00-0034771,Drake Maye,Mason Rudolph,Jerod Mayo,Brian Callahan,Alex Kemp,NAS00,Nissan Stadium,1.0,-0.05267371,1.0,-0.08566762,3.0,2.0,0.011146079,9.537285,-0.11498404666781425,0.026254408061504364,-1.5,-0.1657755160704255,-4.168374985456467,-0.08566762,3.0,-0.05267371,1.0,-2.0,-0.088690326,5.798992,-0.09780093445442617,0.07888487074524164,-0.25,-0.06923998985439539,-1.2286691069602966,-0.017183112213388085,-0.05263046268373728,-1.25,-0.09653552621603012,-2.93970587849617
2024_09_CHI_ARI,2024,REG,9,2024-11-03,Sunday,16:05,CHI,9.0,ARI,29.0,Home,20.0,38.0,0.0,2024110309,59641.0,,202411030crd,,401671661,6582.0,7,7,100.0,-120.0,1.5,-110.0,-110.0,44.5,-110.0,-110.0,0,closed,grass,,,00-0039918,00-0035228,Caleb Williams,Kyler Murray,Matt Eberflus,Jonathan Gannon,Carl Cheffers,PHO00,State Farm Stadium,1.0,0.042803954,2.0,-0.1788727,0.0,-2.0,-0.069494046,-0.09226769,0.04818121716380119,0.10423539765179157,-0.25,0.07840043399482965,-2.2101831436157227,-0.1788727,0.0,0.042803954,2.0,2.0,-0.22807486,-4.82405,0.09621712192893028,-0.03620942053385079,1.25,0.11523895338177681,4.920222342014313,-0.04803590476512909,0.14044481818564236,-1.5,-0.036838519386947155,-7.130405485630035
2024_09_JAX_PHI,2024,REG,9,2024-11-03,Sunday,16:05,JAX,23.0,PHI,28.0,Home,5.0,51.0,0.0,2024110312,59644.0,,202411030phi,,401671797,6585.0,7,7,270.0,-340.0,7.5,-112.0,-108.0,46.0,-110.0,-110.0,0,outdoors,grass,57.0,6.0,00-0036971,00-0036389,Trevor Lawrence,Jalen Hurts,Doug Pederson,Nick Sirianni,Alan Eck,PHI00,Lincoln Financial Field,1.0,0.01129696,2.0,-0.069423266,2.0,0.0,0.018917525,12.363065,0.09920521569438279,-0.038333546835929155,0.5,0.14747806452214718,5.967172920703888,-0.069423266,2.0,0.01129696,2.0,0.0,-0.17861125,-9.405369,0.13468836434185505,0.13891812413930893,-0.75,0.14356026391033083,7.370572209358215,-0.03548314864747226,-0.17725167097523808,1.25,0.003917800611816347,-1.4033992886543274
2024_09_DET_GB,2024,REG,9,2024-11-03,Sunday,16:25,DET,24.0,GB,14.0,Home,-10.0,38.0,0.0,2024110310,59642.0,,202411030gnb,,401671767,6583.0,7,7,-155.0,130.0,-2.5,-120.0,100.0,47.5,-108.0,-112.0,1,outdoors,grass,50.0,15.0,00-0033106,00-0036264,Jared Goff,Jordan Love,Dan Campbell,Matt LaFleur,Clete Blakeman,GNB00,Lambeau Field,0.0,-0.055850316,1.0,0.107803315,0.0,-1.0,-0.01571017,-0.19076785,0.081448879907839,-0.02560103591531515,0.75,0.08411188144236803,0.549971342086792,0.107803315,0.0,-0.055850316,1.0,1.0,0.12663473,18.087173,0.21442674472928047,-0.1272302963770926,2.75,0.24693722696974874,14.151059865951538,-0.13297786482144147,0.10162926046177745,-2.0,-0.1628253455273807,-13.601088523864746
2024_09_LA_SEA,2024,REG,9,2024-11-03,Sunday,16:25,LA,26.0,SEA,20.0,Home,-6.0,46.0,1.0,2024110311,59643.0,,202411030sea,,401671776,6584.0,10,7,-125.0,105.0,-1.5,-112.0,-108.0,48.5,-110.0,-110.0,1,outdoors,fieldturf,52.0,4.0,00-0026498,00-0030565,Matthew Stafford,Geno Smith,Sean McVay,Mike Macdonald,Clay Martin,SEA00,Lumen Field,0.0,-0.15450998,3.0,-0.04001065,1.0,-2.0,-0.24853513,0.48076707,-0.017582097556442022,0.07448877079878002,0.25,-0.04503832315094769,3.0083237513899803,-0.04001065,1.0,-0.15450998,3.0,2.0,-0.027722653,-3.025501,-0.05199206527322531,-0.025537863955833018,-0.25,-0.040075271390378475,-2.57429328863509,0.034409967716783285,0.10002663475461304,0.5,-0.004963051760569215,5.58261704002507
2024_09_IND_MIN,2024,REG,9,2024-11-03,Sunday,20:20,IND,13.0,MIN,21.0,Home,8.0,34.0,0.0,2024110306,59638.0,,202411030min,,401671647,6579.0,7,10,240.0,-298.0,6.5,-110.0,-110.0,47.0,-110.0,-110.0,0,dome,sportturf,,,00-0026158,00-0034869,Joe Flacco,Sam Darnold,Shane Steichen,Kevin O'Connell,Shawn Smith,MIN01,U.S. Bank Stadium,1.0,-0.13358483,3.0,-0.27873322,2.0,-1.0,-0.042088676,20.286064,0.007795698649715632,-0.01112033985555172,1.25,-0.020491596311330795,7.48366379737854,-0.27873322,2.0,-0.13358483,3.0,1.0,-0.32621762,-10.534668,0.001858547329902649,-0.00964340753853321,0.25,-0.03133627586066723,-9.762576937675476,0.005937151319812983,-0.001476932317018509,1.0,0.010844679549336433,17.246240735054016
2024_09_TB_KC,2024,REG,9,2024-11-04,Monday,20:15,TB,24.0,KC,30.0,Home,6.0,54.0,1.0,2024110400,59645.0,,202411040kan,,401671688,6586.0,8,8,330.0,-425.0,9.0,-110.0,-110.0,45.5,-108.0,-112.0,0,outdoors,grass,63.0,6.0,00-0034855,00-0033873,Baker Mayfield,Patrick Mahomes,Todd Bowles,Andy Reid,John Hussey,KAN00,GEHA Field at Arrowhead Stadium,1.0,0.14120914,1.0,0.13339192,0.0,-1.0,0.1403529,12.385162,0.028842337429523468,-0.11524199601262808,-0.25,0.06404468463733792,1.7755495309829712,0.13339192,0.0,0.14120914,1.0,1.0,0.18954356,3.1622748,0.10072745475918055,0.08454855531454086,-1.0,0.15107507072389126,3.6578718423843384,-0.07188511732965708,-0.19979055132716894,0.75,-0.08703038608655334,-1.8823223114013672
2024_10_CIN_BAL,2024,REG,10,2024-11-07,Thursday,20:15,CIN,34.0,BAL,35.0,Home,1.0,69.0,0.0,2024110700,59646.0,,202411070rav,,401671810,6587.0,4,4,220.0,-270.0,6.0,-108.0,-112.0,53.0,-108.0,-112.0,1,outdoors,grass,69.0,6.0,00-0036442,00-0034796,Joe Burrow,Lamar Jackson,Zac Taylor,John Harbaugh,Clete Blakeman,BAL00,M&T Bank Stadium,1.0,0.20600474,0.0,0.16761504,1.0,1.0,0.32205033,12.541617,0.21753523219376802,0.058061372488737106,0.5,0.28851877711713314,13.003702282905579,0.16761504,1.0,0.20600474,0.0,-1.0,0.09940526,0.7067556,0.002826545387506485,-0.026941269636154175,0.25,-0.01838364159630146,5.523721843957901,0.21470868680626154,0.08500264212489128,0.25,0.3069024187134346,7.479980438947678
2024_10_NYG_CAR,2024,REG,10,2024-11-10,Sunday,09:30,NYG,17.0,CAR,20.0,Neutral,3.0,37.0,1.0,2024111000,59647.0,,202411100car,,401671803,6588.0,7,7,-298.0,240.0,-6.5,-118.0,-102.0,40.5,-115.0,-105.0,0,outdoors,,,,00-0035710,00-0027973,Daniel Jones,Andy Dalton,Brian Daboll,Dave Canales,Shawn Hochuli,GER00,Allianz Arena,1.0,-0.016363155,1.0,-0.06393264,3.0,2.0,-0.017191736,-5.6916313,-0.12213155999779701,0.13645041827112436,-1.0,-0.18151194253005087,2.256857752799988,-0.06393264,3.0,-0.016363155,1.0,-2.0,-0.12398126,0.6589836,-0.07261527422815561,0.10526033071801066,-0.5,-0.10388666857033968,-0.6073148846626282,-0.0495162857696414,0.0311900875531137,-0.5,-0.0776252739597112,2.864172637462616
2024_10_NE_CHI,2024,REG,10,2024-11-10,Sunday,13:00,NE,19.0,CHI,3.0,Home,-16.0,22.0,0.0,2024111001,59648.0,,202411100chi,,401671873,6589.0,7,7,260.0,-325.0,6.5,-110.0,-110.0,37.5,-112.0,-108.0,0,outdoors,grass,60.0,6.0,00-0039851,00-0039918,Drake Maye,Caleb Williams,Jerod Mayo,Matt Eberflus,Land Clark,CHI98,Soldier Field,0.0,-0.29700762,0.0,-0.03633056,1.0,1.0,-0.40186408,-8.30952,0.03722967766225338,-0.03632497531361878,1.25,0.03740542382001877,1.1361775994300842,-0.03633056,1.0,-0.29700762,0.0,-1.0,0.004981851,5.215458,-0.07808968401513994,0.07732258271425962,-1.25,-0.07100619655102491,1.316340148448944,0.11531936167739332,-0.1136475580278784,2.5,0.10841162037104368,-0.18016254901885986
2024_10_BUF_IND,2024,REG,10,2024-11-10,Sunday,13:00,BUF,30.0,IND,20.0,Home,-10.0,50.0,0.0,2024111002,59649.0,,202411100clt,,401671863,6590.0,7,7,-230.0,190.0,-4.5,-115.0,-105.0,46.5,-108.0,-112.0,0,closed,fieldturf,,,00-0034857,00-0026158,Josh Allen,Joe Flacco,Sean McDermott,Shane Steichen,Scott Novak,IND00,Lucas Oil Stadium,0.0,-0.1648366,4.0,0.015563327,2.0,-2.0,-0.25126255,6.362826,-0.1111789233982563,-0.10178890265524387,0.25,-0.17710897140204906,-14.54444682598114,0.015563327,2.0,-0.1648366,4.0,2.0,0.019989941,-8.717983,0.17483467981219292,0.009522873908281326,0.5,0.24546749517321587,6.71000736951828,-0.2860136032104492,-0.1113117765635252,-0.25,-0.42257646657526493,-21.25445419549942
2024_10_MIN_JAX,2024,REG,10,2024-11-10,Sunday,13:00,MIN,12.0,JAX,7.0,Home,-5.0,19.0,0.0,2024111003,59650.0,,202411100jax,,401671708,6591.0,7,7,-345.0,280.0,-7.0,-120.0,100.0,42.5,-108.0,-112.0,0,outdoors,grass,79.0,7.0,00-0034869,00-0036972,Sam Darnold,Mac Jones,Kevin O'Connell,Doug Pederson,Adrian Hill,JAX00,TIAA Bank Stadium,0.0,-0.19048153,3.0,-0.009290921,3.0,0.0,-0.33906332,-0.9985217,0.05858325958251953,0.09838819922879338,-0.5,0.029256406822241843,2.1677147150039673,-0.009290921,3.0,-0.19048153,3.0,0.0,-0.003554508,0.48370144,-0.02573060290887952,-0.06246552988886833,0.25,-0.03937559947371483,9.82440447807312,0.08431386249139905,0.16085372911766171,-0.75,0.06863200629595667,-7.656689763069153
2024_10_DEN_KC,2024,REG,10,2024-11-10,Sunday,13:00,DEN,14.0,KC,16.0,Home,2.0,30.0,0.0,2024111004,59651.0,,202411100kan,,401671637,6592.0,7,6,300.0,-380.0,7.5,-115.0,-105.0,42.5,-110.0,-110.0,1,outdoors,grass,57.0,12.0,00-0039732,00-0033873,Bo Nix,Patrick Mahomes,Sean Payton,Andy Reid,Brad Allen,KAN00,GEHA Field at Arrowhead Stadium,1.0,0.019285752,0.0,-0.013146208,0.0,0.0,0.0032262288,2.3141594,0.09017681330442429,-0.02682903315871954,0.0,0.1211300571449101,6.554627299308777,-0.013146208,0.0,0.019285752,0.0,0.0,0.072835565,12.606212,-0.01054262276738882,0.0033633578568696976,-0.5,-0.015495960600674152,-0.4975847601890564,0.1007194360718131,-0.030192391015589237,0.5,0.13662601774558425,7.052212059497833
2024_10_ATL_NO,2024,REG,10,2024-11-10,Sunday,13:00,ATL,17.0,NO,20.0,Home,3.0,37.0,0.0,2024111005,59652.0,,202411100nor,,401671733,6593.0,7,7,-192.0,160.0,-3.5,-112.0,-108.0,46.5,-112.0,-108.0,1,dome,sportturf,,,00-0029604,00-0031280,Kirk Cousins,Derek Carr,Raheem Morris,Dennis Allen,Carl Cheffers,NOR00,Mercedes-Benz Superdome,1.0,-0.016704641,0.0,-0.036546446,1.0,1.0,0.0038524691,5.747485,-0.17116626724600792,0.05237064138054848,0.0,-0.20963960886001587,-6.920014925301075,-0.036546446,1.0,-0.016704641,0.0,-1.0,0.07373846,-2.8615685,0.05946396291255951,0.021124268881976604,0.0,0.1374895628541708,6.845129892230034,-0.23063023015856743,0.031246372498571873,0.0,-0.34712917171418667,-13.765144817531109
2024_10_SF_TB,2024,REG,10,2024-11-10,Sunday,13:00,SF,23.0,TB,20.0,Home,-3.0,43.0,0.0,2024111006,59653.0,,202411100tam,,401671742,6594.0,14,6,-298.0,240.0,-6.5,-118.0,-102.0,50.5,-112.0,-108.0,0,outdoors,grass,85.0,9.0,00-0037834,00-0034855,Brock Purdy,Baker Mayfield,Kyle Shanahan,Todd Bowles,Shawn Smith,TAM00,Raymond James Stadium,0.0,0.05922596,1.0,0.13257225,0.0,-1.0,-0.05572677,-8.468727,0.08358631376177073,0.0847170539200306,-0.75,0.15515480004251003,2.8894327878952026,0.13257225,0.0,0.05922596,1.0,1.0,0.24011229,8.745182,0.05183938331902027,0.03138337144628167,0.5,0.0925561124458909,-2.0776518881320953,0.031746930442750454,0.05333368247374892,-1.25,0.06259868759661913,4.967084676027298
2024_10_PIT_WAS,2024,REG,10,2024-11-10,Sunday,13:00,PIT,28.0,WAS,27.0,Home,-1.0,55.0,0.0,2024111007,59654.0,,202411100was,,401671641,6595.0,13,7,102.0,-122.0,1.5,-110.0,-110.0,45.0,-108.0,-112.0,0,outdoors,grass,57.0,9.0,00-0029263,00-0032268,Russell Wilson,Marcus Mariota,Mike Tomlin,Dan Quinn,Brad Rogers,WAS00,FedExField,0.0,0.028651739,0.0,0.05686478,3.0,3.0,-0.13645925,-12.7358675,0.14470108202658594,-0.0198980700224638,1.25,0.1895446479320526,9.038052171468735,0.05686478,3.0,0.028651739,0.0,-3.0,-0.022650374,-4.671381,0.08571902941912413,-0.08000864926725626,2.0,0.09579751454293728,0.6796016097068787,0.05898205260746181,0.06011057924479246,-0.75,0.09374713338911533,8.358450561761856
2024_10_TEN_LAC,2024,REG,10,2024-11-10,Sunday,16:05,TEN,17.0,LAC,27.0,Home,10.0,44.0,0.0,2024111008,59655.0,,202411100sdg,,401671751,6596.0,7,7,300.0,-380.0,8.0,-108.0,-112.0,40.0,-110.0,-110.0,0,dome,matrixturf,,,00-0034771,00-0036355,Mason Rudolph,Justin Herbert,Brian Callahan,Jim Harbaugh,Craig Wrolstad,LAX01,SoFi Stadium,1.0,0.19314328,0.0,0.04066602,0.0,0.0,0.2021027,8.56406,0.042650580406188965,-0.1094045527279377,1.5,0.04110175964888185,2.8601951897144318,0.04066602,0.0,0.19314328,0.0,0.0,0.11689302,10.900351,-0.1386552071198821,0.07204516790807247,-1.0,-0.13223026716150343,-0.6526273190975189,0.18130578752607107,-0.18144972063601017,2.5,0.1733320268103853,3.5128225088119507
2024_10_NYJ_ARI,2024,REG,10,2024-11-10,Sunday,16:25,NYJ,6.0,ARI,31.0,Home,25.0,37.0,0.0,2024111009,59656.0,,202411100crd,,401671678,6597.0,10,7,-130.0,110.0,-2.0,-110.0,-110.0,45.5,-108.0,-112.0,0,closed,grass,,,00-0023459,00-0035228,Aaron Rodgers,Kyler Murray,Robert Saleh,Jonathan Gannon,John Hussey,PHO00,State Farm Stadium,1.0,0.3159037,0.0,-0.049032316,1.0,1.0,0.37502554,18.128555,0.054295352660119534,0.07093321904540062,-1.25,0.030133568681776524,-1.6720411628484726,-0.049032316,1.0,0.3159037,0.0,-1.0,-0.15724571,-2.5963712,0.022406917065382004,0.08251446625217795,-0.75,0.07830024510622025,0.2944459170103073,0.03188843559473753,-0.011581247206777334,-0.5,-0.04816667642444372,-1.96648707985878
2024_10_PHI_DAL,2024,REG,10,2024-11-10,Sunday,16:25,PHI,34.0,DAL,6.0,Home,-28.0,40.0,0.0,2024111010,59657.0,,202411100dal,,401671676,6598.0,7,7,-360.0,285.0,-7.5,-108.0,-112.0,44.5,-110.0,-110.0,1,closed,matrixturf,,,00-0036389,00-0033662,Jalen Hurts,Cooper Rush,Nick Sirianni,Mike McCarthy,Alex Kemp,DAL00,AT&T Stadium,0.0,-0.4866689,5.0,-0.022056883,2.0,-3.0,-0.7085976,-10.889086,-0.04783369414508343,0.1145554818212986,-2.0,-0.11426173499785364,-1.2251707315444946,-0.022056883,2.0,-0.4866689,5.0,3.0,-0.050116666,16.532764,0.1105914271902293,-0.10292971739545465,0.5,0.16866776207461953,9.950986683368683,-0.15842512133531272,0.21748519921675324,-2.5,-0.28292949707247317,-11.176157414913177
2024_10_DET_HOU,2024,REG,10,2024-11-10,Sunday,20:20,DET,26.0,HOU,23.0,Home,-3.0,49.0,0.0,2024111011,59658.0,,202411100htx,,401671787,6599.0,7,10,-230.0,190.0,-4.5,-110.0,-110.0,49.0,-110.0,-112.0,0,closed,astroturf,,,00-0033106,00-0039163,Jared Goff,C.J. Stroud,Dan Campbell,DeMeco Ryans,Bill Vinovich,HOU00,NRG Stadium,0.0,-0.12431239,2.0,-0.07846921,5.0,3.0,-0.22658275,-8.771793,0.03700552345253527,-0.026853250805288553,1.25,-0.05120159685611725,-6.913714975118637,-0.07846921,5.0,-0.12431239,2.0,-3.0,-0.11832855,-2.5819132,0.15843088552355766,-0.1613411526195705,2.5,0.1641685743816197,12.273036241531372,-0.12142536207102239,0.13448790181428194,-1.25,-0.21537017123773694,-19.18675121665001
2024_10_MIA_LA,2024,REG,10,2024-11-11,Monday,20:15,MIA,23.0,LA,15.0,Home,-8.0,38.0,0.0,2024111100,59659.0,,202411110ram,,401671693,6600.0,8,8,120.0,-142.0,2.5,-102.0,-118.0,49.5,-108.0,-112.0,0,dome,matrixturf,,,00-0036212,00-0026498,Tua Tagovailoa,Matthew Stafford,Mike McDaniel,Sean McVay,Ron Torbert,LAX01,SoFi Stadium,0.0,-0.19892447,2.0,-0.06585178,2.0,0.0,-0.24376257,0.97731775,-0.07281127106398344,-0.07843462622258812,0.75,-0.05652234051376581,-3.328428328037262,-0.06585178,2.0,-0.19892447,2.0,0.0,-0.12069886,-3.2841947,0.034773523919284344,0.02915138006210327,-0.75,0.041863953694701195,3.429582893848419,-0.10758479498326778,-0.1075860062846914,1.5,-0.098386294208467,-6.758011221885681
2024_11_WAS_PHI,2024,REG,11,2024-11-14,Thursday,20:15,WAS,18.0,PHI,26.0,Home,8.0,44.0,0.0,2024111400,59660.0,,202411140phi,,401671813,6601.0,4,4,190.0,-230.0,4.5,-110.0,-110.0,49.5,-110.0,-110.0,1,outdoors,grass,46.0,9.0,00-0032268,00-0036389,Marcus Mariota,Jalen Hurts,Dan Quinn,Nick Sirianni,Adrian Hill,PHI00,Lincoln Financial Field,1.0,0.06607378,0.0,-0.025598252,1.0,1.0,0.20099255,2.902257,0.10812599118798971,-0.20724541181698442,1.25,0.11331966193392873,13.519823908805847,-0.025598252,1.0,0.06607378,0.0,-1.0,-0.11744629,-4.1825414,0.11594166071154177,-0.05195253994315863,1.75,0.12985069677233696,3.54602774977684,-0.00781566952355206,-0.1552928718738258,-0.5,-0.016531034838408232,9.973796159029007
2024_11_GB_CHI,2024,REG,11,2024-11-17,Sunday,13:00,GB,20.0,CHI,19.0,Home,-1.0,39.0,0.0,2024111700,59661.0,,202411170chi,,401671869,6602.0,14,7,-265.0,215.0,-6.0,-115.0,-105.0,41.0,-108.0,-112.0,1,outdoors,grass,54.0,5.0,00-0036264,00-0039918,Jordan Love,Caleb Williams,Matt LaFleur,Matt Eberflus,Bill Vinovich,CHI98,Soldier Field,0.0,0.13569161,0.0,0.26222137,1.0,1.0,0.20041244,6.727697,-0.07152009569108486,0.0032760172616690397,0.75,-0.11665135622024536,-1.650456428527832,0.26222137,1.0,0.13569161,0.0,-1.0,0.26649007,12.59109,0.06583237694576383,0.019896949641406536,0.25,0.07548554008826613,3.614300347864628,-0.1373524726368487,-0.016620932379737496,0.5,-0.1921368963085115,-5.26475677639246
2024_11_JAX_DET,2024,REG,11,2024-11-17,Sunday,13:00,JAX,6.0,DET,52.0,Home,46.0,58.0,0.0,2024111701,59662.0,,202411170det,,401671642,6603.0,7,7,650.0,-1000.0,14.0,-105.0,-115.0,47.5,-110.0,-110.0,0,dome,fieldturf,,,00-0036972,00-0033106,Mac Jones,Jared Goff,Doug Pederson,Dan Campbell,Scott Novak,DET00,Ford Field,1.0,0.44414002,0.0,-0.19332418,1.0,1.0,0.5690216,16.598011,0.06357095949351788,-0.12379585718736053,0.5,0.041107548866420984,10.115585744380951,-0.19332418,1.0,0.44414002,0.0,-1.0,-0.3716918,-3.7973735,0.00788799673318863,0.02846163511276245,-0.25,-0.05387242790311575,0.19406619668006897,0.055682962760329247,-0.15225749230012298,0.75,0.09497997676953673,9.921519547700882
2024_11_LV_MIA,2024,REG,11,2024-11-17,Sunday,13:00,LV,19.0,MIA,34.0,Home,15.0,53.0,0.0,2024111702,59663.0,,202411170mia,,401671851,6604.0,14,6,330.0,-425.0,8.0,-105.0,-115.0,43.5,-112.0,-108.0,0,outdoors,grass,80.0,16.0,00-0035289,00-0036212,Gardner Minshew,Tua Tagovailoa,Antonio Pierce,Mike McDaniel,John Hussey,MIA00,Hard Rock Stadium,1.0,0.3147005,0.0,0.12662466,1.0,1.0,0.3144917,10.625237,0.02991671860218048,0.020548418164253235,-0.25,0.03012778051197529,4.312209367752075,0.12662466,1.0,0.3147005,0.0,-1.0,0.07929896,1.9737216,-0.16754717659205198,-0.013821452856063843,-1.75,-0.23172007966786623,1.622813880443573,0.19746389519423246,0.03436987102031708,1.5,0.2618478601798415,2.689395487308502
2024_11_LA_NE,2024,REG,11,2024-11-17,Sunday,13:00,LA,28.0,NE,22.0,Home,-6.0,50.0,0.0,2024111703,59664.0,,202411170nwe,,401671701,6605.0,6,7,-198.0,164.0,-4.0,-108.0,-112.0,42.5,-112.0,-108.0,0,outdoors,fieldturf,59.0,9.0,00-0026498,00-0039851,Matthew Stafford,Drake Maye,Sean McVay,Jerod Mayo,Shawn Smith,BOS00,Gillette Stadium,0.0,0.06952126,2.0,0.2110672,0.0,-2.0,0.102063425,8.931582,-0.03183648153208196,-0.025527735240757465,-0.75,0.006768746767193079,3.4343642592430115,0.2110672,0.0,0.06952126,2.0,2.0,0.40364027,10.003945,-0.10399523098021746,-0.09655149467289448,1.0,-0.09317777957767248,-1.786664441227913,0.0721587494481355,0.07102375943213701,-1.75,0.09994652634486556,5.221028700470924
2024_11_CLE_NO,2024,REG,11,2024-11-17,Sunday,13:00,CLE,14.0,NO,35.0,Home,21.0,49.0,0.0,2024111704,59665.0,,202411170nor,,401671746,6606.0,14,7,-115.0,-105.0,-1.0,-110.0,-110.0,44.0,-110.0,-110.0,0,dome,sportturf,,,00-0031503,00-0031280,Jameis Winston,Derek Carr,Kevin Stefanski,Dennis Allen,Alex Kemp,NOR00,Mercedes-Benz Superdome,1.0,0.21567251,2.0,-0.073015876,0.0,-2.0,0.31130627,7.3528123,-0.1117620263248682,0.025288045406341553,0.25,-0.1059492050553672,-2.377945728600025,-0.073015876,0.0,0.21567251,2.0,2.0,0.030216586,-0.69891465,-0.10113977082073689,-0.031304583651944995,-1.5,-0.07855684217065573,-2.490029066801071,-0.010622255504131317,0.05659262905828655,1.75,-0.027392362884711474,0.11208333820104599
2024_11_IND_NYJ,2024,REG,11,2024-11-17,Sunday,13:00,IND,28.0,NYJ,27.0,Home,-1.0,55.0,0.0,2024111711,59672.0,,202411170nyj,,401671782,6613.0,7,7,170.0,-205.0,4.0,-110.0,-110.0,43.0,-110.0,-110.0,0,outdoors,fieldturf,62.0,4.0,00-0026158,00-0023459,Joe Flacco,Aaron Rodgers,Shane Steichen,Robert Saleh,Tra Blake,NYC01,MetLife Stadium,0.0,-0.007613642,0.0,0.044681005,1.0,1.0,-0.10101157,3.4641988,-0.008388765156269073,0.12951955338940024,-0.75,-0.008188381791114807,-0.23734211921691895,0.044681005,1.0,-0.007613642,0.0,-1.0,0.01833998,7.2809916,-0.1582881212234497,-0.09050703165121377,-0.25,-0.21619627065956593,-11.900035738945007,0.14989935606718063,0.220026585040614,-0.5,0.20800788886845112,11.662693619728088
2024_11_BAL_PIT,2024,REG,11,2024-11-17,Sunday,13:00,BAL,16.0,PIT,18.0,Home,2.0,34.0,0.0,2024111705,59666.0,,202411170pit,,401671630,6607.0,10,7,-175.0,145.0,-3.0,-120.0,100.0,48.0,-108.0,-112.0,1,outdoors,grass,52.0,5.0,00-0034796,00-0029263,Lamar Jackson,Russell Wilson,John Harbaugh,Mike Tomlin,Clay Martin,PIT00,Acrisure Stadium,1.0,-0.10292952,1.0,-0.1652323,3.0,2.0,-0.2507253,1.6661655,0.09209301881492138,-0.097071283031255,0.75,0.07877886528149247,-0.3030424118041992,-0.1652323,3.0,-0.10292952,1.0,-2.0,-0.10600445,-10.669385,0.22276575211435556,0.06404277682304382,1.0,0.3267353791743517,12.180912375450134,-0.13067273329943419,-0.16111405985429883,-0.25,-0.24795651389285922,-12.483954787254333
2024_11_MIN_TEN,2024,REG,11,2024-11-17,Sunday,13:00,MIN,23.0,TEN,13.0,Home,-10.0,36.0,0.0,2024111706,59667.0,,202411170oti,,401671824,6608.0,7,7,-290.0,235.0,-6.0,-118.0,-102.0,40.0,-110.0,-110.0,0,outdoors,grass,66.0,7.0,00-0034869,00-0034771,Sam Darnold,Mason Rudolph,Kevin O'Connell,Brian Callahan,Clete Blakeman,NAS00,Nissan Stadium,0.0,-0.14565003,1.0,0.027165027,1.0,0.0,-0.14260744,-4.830432,-0.12109766248613596,0.11443093977868557,-1.0,-0.09652338293381035,3.038487046957016,0.027165027,1.0,-0.14565003,1.0,0.0,-0.053563792,3.7620337,-0.01033898163586855,-0.06961045786738396,0.0,0.028917208313941956,11.534330539405346,-0.11075868085026741,0.18404139764606953,-1.0,-0.1254405912477523,-8.49584349244833
2024_11_ATL_DEN,2024,REG,11,2024-11-17,Sunday,16:05,ATL,6.0,DEN,38.0,Home,32.0,44.0,0.0,2024111707,59668.0,,202411170den,,401671748,6609.0,7,7,114.0,-135.0,2.0,-108.0,-112.0,44.5,-112.0,-108.0,0,outdoors,grass,55.0,9.0,00-0029604,00-0039732,Kirk Cousins,Bo Nix,Raheem Morris,Sean Payton,Alan Eck,DEN00,Empower Field at Mile High,1.0,0.28998482,0.0,-0.1697272,1.0,1.0,0.3771954,13.406087,-0.0017384917009621859,-0.013656737748533487,0.0,0.018014787696301937,4.149131596088409,-0.1697272,1.0,0.28998482,0.0,-1.0,-0.2739088,-0.005888577,-3.151409327983856e-05,0.03894329350441694,-0.5,0.08598624914884567,5.912975072860718,-0.0017069776076823473,-0.05260003125295043,0.5,-0.06797146145254374,-1.7638434767723083
2024_11_SEA_SF,2024,REG,11,2024-11-17,Sunday,16:05,SEA,20.0,SF,17.0,Home,-3.0,37.0,0.0,2024111708,59669.0,,202411170sfo,,401671757,6610.0,14,7,215.0,-265.0,6.0,-110.0,-110.0,49.0,-112.0,-108.0,1,outdoors,grass,59.0,4.0,00-0030565,00-0037834,Geno Smith,Brock Purdy,Mike Macdonald,Kyle Shanahan,Brad Rogers,SFO01,Levi's Stadium,0.0,-0.0054028137,1.0,0.061120827,1.0,0.0,0.102958895,1.9846971,0.09639844298362732,0.04160300875082612,1.25,0.16302664577960968,0.8079038560390472,0.061120827,1.0,-0.0054028137,1.0,0.0,0.00345949,15.981026,-0.013464455958455801,0.06643308233469725,-0.25,-0.0833163142669946,3.252625972032547,0.10986289894208312,-0.024830073583871126,1.5,0.24634296004660428,-2.4447221159934998
2024_11_KC_BUF,2024,REG,11,2024-11-17,Sunday,16:25,KC,21.0,BUF,30.0,Home,9.0,51.0,0.0,2024111709,59670.0,,202411170buf,,401671665,6611.0,7,7,120.0,-142.0,2.5,-108.0,-112.0,46.5,-108.0,-112.0,0,outdoors,a_turf,50.0,3.0,00-0033873,00-0034857,Patrick Mahomes,Josh Allen,Andy Reid,Sean McDermott,Land Clark,BUF00,New Era Field,1.0,0.13917536,1.0,0.042137302,2.0,1.0,0.10483378,4.21293,0.14675467531196773,-0.050223879516124725,0.75,0.17994409520179033,-0.20616036653518677,0.042137302,2.0,0.13917536,1.0,-1.0,0.1179802,9.594318,0.07142840651795268,-0.008518512593582273,0.0,0.0851133304531686,4.614584565162659,0.07532626879401505,-0.04170536692254245,0.75,0.09483076474862173,-4.8207449316978455
2024_11_CIN_LAC,2024,REG,11,2024-11-17,Sunday,20:20,CIN,27.0,LAC,34.0,Home,7.0,61.0,0.0,2024111710,59671.0,,202411170sdg,,401671675,6612.0,10,7,-110.0,-110.0,1.0,-118.0,-102.0,48.0,-105.0,-115.0,0,dome,matrixturf,,,00-0036442,00-0036355,Joe Burrow,Justin Herbert,Zac Taylor,Jim Harbaugh,Brad Allen,LAX01,SoFi Stadium,1.0,0.04144551,1.0,0.008935264,0.0,-1.0,0.047009736,-11.721017,0.06909486651420593,-0.08714736439287663,1.0,0.07024171610828489,4.646860599517822,0.008935264,0.0,0.04144551,1.0,1.0,0.1032048,-2.4864452,0.04036621889099479,0.05764174461364746,0.0,-0.0018858200492104515,2.933580294251442,0.028728647623211145,-0.14478910900652409,1.0,0.07212753615749534,1.7132803052663803
2024_11_HOU_DAL,2024,REG,11,2024-11-18,Monday,20:15,HOU,34.0,DAL,10.0,Home,-24.0,44.0,0.0,2024111800,59673.0,,202411180dal,,401671694,6614.0,8,8,-360.0,285.0,-7.5,100.0,-120.0,41.5,-105.0,-115.0,0,closed,matrixturf,,,00-0039163,00-0033662,C.J. Stroud,Cooper Rush,DeMeco Ryans,Mike McCarthy,Craig Wrolstad,DAL00,AT&T Stadium,0.0,-0.22498912,2.0,0.109860726,1.0,-1.0,-0.30534688,-11.431059,-0.19372649118304253,0.1011990555562079,-2.25,-0.31970497756265104,-4.722379088401794,0.109860726,1.0,-0.22498912,2.0,1.0,0.19383743,-5.342167,-0.02267098776064813,0.00886528892442584,1.25,-0.13674169220030308,-9.416322588920593,-0.1710555034223944,0.09233376663178205,-3.5,-0.18296328536234796,4.693943500518799
2024_12_PIT_CLE,2024,REG,12,2024-11-21,Thursday,20:15,PIT,19.0,CLE,24.0,Home,5.0,43.0,0.0,2024112100,59674.0,,202411210cle,,401671875,6615.0,4,4,-205.0,170.0,-3.5,-115.0,-105.0,36.5,-108.0,-112.0,1,outdoors,grass,36.0,13.0,00-0029263,00-0031503,Russell Wilson,Jameis Winston,Mike Tomlin,Kevin Stefanski,Brad Allen,CLE00,FirstEnergy Stadium,1.0,-0.04694234,3.0,-0.053751435,1.0,-2.0,0.005225539,2.4911826,-0.10204220563173294,0.025662328116595745,-1.0,-0.06588372308760881,-2.535550743341446,-0.053751435,1.0,-0.04694234,3.0,2.0,-0.03671368,24.305605,0.04538106918334961,-0.07100843684747815,0.5,-0.008171172346919775,1.794415146112442,-0.14742327481508255,0.0966707649640739,-1.5,-0.05771255074068904,-4.329965889453888
2024_12_KC_CAR,2024,REG,12,2024-11-24,Sunday,13:00,KC,30.0,CAR,27.0,Home,-3.0,57.0,0.0,2024112400,59675.0,,202411240car,,401671651,6616.0,7,14,-700.0,500.0,-11.0,-112.0,-108.0,43.0,-110.0,-110.0,0,outdoors,grass,61.0,5.0,00-0033873,00-0027973,Patrick Mahomes,Andy Dalton,Andy Reid,Dave Canales,Shawn Smith,CAR00,Bank of America Stadium,0.0,0.13688739,0.0,0.24447225,0.0,0.0,0.1930764,3.4492924,-0.1042271638289094,0.07010839227586985,-0.25,-0.16117457463406026,0.24494695663452148,0.24447225,0.0,0.13688739,0.0,0.0,0.2821685,7.7345233,0.06871068803593516,0.05436582560651004,-0.5,0.10916923935292289,7.64974308013916,-0.17293785186484456,0.015742566669359803,0.25,-0.27034381398698315,-7.404796123504639
2024_12_MIN_CHI,2024,REG,12,2024-11-24,Sunday,13:00,MIN,30.0,CHI,27.0,Home,-3.0,57.0,1.0,2024112401,59676.0,,202411240chi,,401671870,6617.0,7,7,-175.0,145.0,-3.0,-120.0,100.0,39.5,-108.0,-112.0,1,outdoors,grass,47.0,5.0,00-0034869,00-0039918,Sam Darnold,Caleb Williams,Kevin O'Connell,Matt Eberflus,Clay Martin,CHI98,Soldier Field,0.0,0.044550747,0.0,0.14097074,2.0,2.0,0.060280234,0.8924697,-0.10520102642476559,0.06575647811405361,0.75,-0.13973518088459969,-3.9416548013687134,0.14097074,2.0,0.044550747,0.0,-2.0,0.07162828,7.2149744,-0.005546042695641518,-0.11671577394008636,0.0,0.002195274457335472,9.087924472987652,-0.09965498372912407,0.18247225205413997,0.75,-0.14193045534193516,-13.029579274356365
2024_12_TEN_HOU,2024,REG,12,2024-11-24,Sunday,13:00,TEN,32.0,HOU,27.0,Home,-5.0,59.0,0.0,2024112402,59677.0,,202411240htx,,401671858,6618.0,7,6,295.0,-375.0,8.0,-112.0,-108.0,40.5,-112.0,-108.0,1,closed,astroturf,,,00-0034771,00-0039163,Mason Rudolph,C.J. Stroud,Brian Callahan,DeMeco Ryans,Brad Rogers,HOU00,NRG Stadium,0.0,-0.09980798,3.0,-0.0059414823,2.0,-1.0,-0.22699337,-4.694335,-0.005226707784458995,-0.054954731836915016,1.25,-0.04437120445072651,-7.041282534599304,-0.0059414823,2.0,-0.09980798,3.0,1.0,-0.096369796,3.1566486,-0.12016792688518763,0.07920479634776711,-0.5,-0.07624406483955681,2.296628952026367,0.11494121910072863,-0.13415952818468213,1.75,0.031872860388830304,-9.337911486625671
2024_12_DET_IND,2024,REG,12,2024-11-24,Sunday,13:00,DET,24.0,IND,6.0,Home,-18.0,30.0,0.0,2024112403,59678.0,,202411240clt,,401671866,6619.0,7,7,-375.0,295.0,-7.0,-122.0,102.0,50.5,-110.0,-110.0,0,closed,fieldturf,,,00-0033106,00-0026158,Jared Goff,Joe Flacco,Dan Campbell,Shane Steichen,Shawn Hochuli,IND00,Lucas Oil Stadium,0.0,-0.1726688,0.0,0.113464706,0.0,0.0,-0.14250006,-14.439786,-0.1080771517008543,-0.03592209215275943,-0.75,-0.1629614094272256,-5.410398602485657,0.113464706,0.0,-0.1726688,0.0,0.0,0.15357555,7.0874333,0.1639131549745798,-0.17412521969527006,0.75,0.15062948176637292,10.39179128408432,-0.2719903066754341,0.13820312754251063,-1.5,-0.3135908911935985,-15.802189886569977
2024_12_NE_MIA,2024,REG,12,2024-11-24,Sunday,13:00,NE,15.0,MIA,34.0,Home,19.0,49.0,0.0,2024112404,59679.0,,202411240mia,,401671847,6620.0,7,7,285.0,-360.0,7.5,-115.0,-105.0,46.0,-108.0,-112.0,1,outdoors,grass,77.0,6.0,00-0039851,00-0036212,Drake Maye,Tua Tagovailoa,Jerod Mayo,Mike McDaniel,Alan Eck,MIA00,Hard Rock Stadium,1.0,0.030785361,1.0,-0.20463148,2.0,1.0,0.0021696128,3.44306,0.16508019715547562,0.09124530106782913,0.25,0.17305890657007694,8.126601576805115,-0.20463148,2.0,0.030785361,1.0,-1.0,-0.19673142,-7.7845526,-0.009553340962156653,-0.030054316855967045,-1.25,0.013814300764352083,4.367952406406403,0.17463353811763227,0.12129961792379618,1.5,0.15924460580572486,3.758649170398712
2024_12_TB_NYG,2024,REG,12,2024-11-24,Sunday,13:00,TB,30.0,NYG,7.0,Home,-23.0,37.0,0.0,2024112405,59680.0,,202411240nyg,,401671638,6621.0,14,14,-298.0,240.0,-6.5,-108.0,-112.0,40.5,-110.0,-110.0,0,outdoors,fieldturf,50.0,13.0,00-0034855,00-0038476,Baker Mayfield,Tommy DeVito,Todd Bowles,Brian Daboll,Adrian Hill,NYC01,MetLife Stadium,0.0,-0.17992832,1.0,0.21140015,1.0,0.0,-0.25262687,3.6010194,-0.05551660526543856,0.09680545516312122,-1.0,-0.10052305739372969,1.636436015367508,0.21140015,1.0,-0.17992832,1.0,0.0,0.262437,12.60381,0.0804468197748065,0.18144051730632782,-1.0,0.08613310474902391,2.4493056535720825,-0.13596342504024506,-0.0846350621432066,0.0,-0.1866561621427536,-0.8128696382045746
2024_12_DAL_WAS,2024,REG,12,2024-11-24,Sunday,13:00,DAL,34.0,WAS,26.0,Home,-8.0,60.0,0.0,2024112406,59681.0,,202411240was,,401671715,6622.0,6,10,455.0,-625.0,10.5,-112.0,-108.0,45.0,-110.0,-110.0,1,outdoors,grass,55.0,5.0,00-0033662,00-0032268,Cooper Rush,Marcus Mariota,Mike McCarthy,Dan Quinn,Tra Blake,WAS00,FedExField,0.0,-0.06593464,3.0,0.028728861,1.0,-2.0,-0.029198589,6.794292,0.05442715412937105,0.04192389082163572,1.0,0.03318260610103607,-1.464462548494339,0.028728861,1.0,-0.06593464,3.0,2.0,-0.055230647,3.6089144,-0.18135037645697594,0.05342161329463124,-1.25,-0.25957489549182355,-5.594043135643005,0.23577753058634698,-0.01149772247299552,2.25,0.2927575015928596,4.129580587148666
2024_12_DEN_LV,2024,REG,12,2024-11-24,Sunday,16:05,DEN,29.0,LV,19.0,Home,-10.0,48.0,0.0,2024112407,59682.0,,202411240rai,,401671656,6623.0,7,7,-278.0,225.0,-6.5,-105.0,-115.0,41.5,-108.0,-112.0,1,dome,grass,,,00-0039732,00-0035289,Bo Nix,Gardner Minshew,Sean Payton,Antonio Pierce,Ron Torbert,VEG00,Allegiant Stadium,0.0,-0.08512893,2.0,0.084918395,0.0,-2.0,-0.21208236,-7.043177,-0.06852009054273367,0.04387410543859005,-1.25,-0.15090249571949244,2.6944506466388702,0.084918395,0.0,-0.08512893,2.0,2.0,0.03901947,-7.3318334,0.05444655450992286,0.0162463984452188,0.0,0.08114476408809423,9.497214615345001,-0.12296664505265653,0.027627706993371248,-1.25,-0.23204725980758667,-6.802763968706131
2024_12_SF_GB,2024,REG,12,2024-11-24,Sunday,16:25,SF,10.0,GB,38.0,Home,28.0,48.0,0.0,2024112408,59683.0,,202411240gnb,,401671768,6624.0,7,7,235.0,-290.0,6.5,-112.0,-108.0,44.5,-108.0,-112.0,0,outdoors,grass,43.0,11.0,00-0032434,00-0036264,Brandon Allen,Jordan Love,Kyle Shanahan,Matt LaFleur,Craig Wrolstad,GNB00,Lambeau Field,1.0,0.14625889,0.0,-0.27922094,3.0,3.0,0.12520203,-2.2414303,0.09202845441177487,0.08646544720977545,-0.5,0.07054475462064147,5.720892407000065,-0.27922094,3.0,0.14625889,0.0,-3.0,-0.4206652,-3.8751414,0.030662712873890996,0.049609893001616,0.5,0.10364207811653614,1.0176887512207031,0.06136574153788388,0.03685555420815945,-1.0,-0.03309732349589467,4.703203655779362
2024_12_ARI_SEA,2024,REG,12,2024-11-24,Sunday,16:25,ARI,6.0,SEA,16.0,Home,10.0,22.0,0.0,2024112409,59684.0,,202411240sea,,401671775,6625.0,14,7,-115.0,-105.0,-1.0,-110.0,-110.0,46.5,-108.0,-112.0,1,outdoors,fieldturf,45.0,5.0,00-0035228,00-0030565,Kyler Murray,Geno Smith,Jonathan Gannon,Mike Macdonald,Scott Novak,SEA00,Lumen Field,1.0,-0.03386247,1.0,-0.1647548,1.0,0.0,-0.06546134,8.891705,-0.00545757170766592,0.0006973522249609232,0.5,-0.08586096786893904,7.101802304387093,-0.1647548,1.0,-0.03386247,1.0,0.0,-0.18470706,3.205442,0.1659168703481555,0.019315876066684723,-0.5,0.15502050053328276,3.1296613961458206,-0.17137444205582142,-0.0186185238417238,1.0,-0.2408814684022218,3.972140908241272
2024_12_PHI_LA,2024,REG,12,2024-11-24,Sunday,20:20,PHI,37.0,LA,20.0,Home,-17.0,57.0,0.0,2024112410,59685.0,,202411240ram,,401671794,6626.0,10,7,-170.0,142.0,-3.0,-112.0,-108.0,49.0,-108.0,-112.0,0,dome,matrixturf,,,00-0036389,00-0026498,Jalen Hurts,Matthew Stafford,Nick Sirianni,Sean McVay,Land Clark,LAX01,SoFi Stadium,0.0,-0.014612669,1.0,0.27806947,0.0,-1.0,-0.018031947,-0.6476981,0.030033442191779613,-0.01432848535478115,0.75,0.07966271135956049,3.1244416683912277,0.27806947,0.0,-0.014612669,1.0,1.0,0.34005025,9.4684,0.09164821449667215,-0.14963702950626612,1.5,0.12693285616114736,12.82262372970581,-0.06161477230489254,0.13530854415148497,-0.75,-0.047270144801586866,-9.698182061314583
2024_12_BAL_LAC,2024,REG,12,2024-11-25,Monday,20:15,BAL,30.0,LAC,23.0,Home,-7.0,53.0,0.0,2024112500,59686.0,,202411250sdg,,401671689,6627.0,8,8,-166.0,140.0,-3.0,-110.0,-110.0,51.0,-112.0,-108.0,0,dome,matrixturf,,,00-0034796,00-0036355,Lamar Jackson,Justin Herbert,John Harbaugh,Jim Harbaugh,Craig Wrolstad,LAX01,SoFi Stadium,0.0,0.08643786,0.0,0.23185913,0.0,0.0,0.0075580715,-7.9583917,0.052933331578969955,-0.10555562772788107,0.5,0.06962713447865099,0.5068145990371704,0.23185913,0.0,0.08643786,0.0,0.0,0.32516113,10.642229,0.10813115630298853,0.016183525323867798,0.25,0.1822016779333353,5.671720623970032,-0.055197824724018574,-0.12173915305174887,0.25,-0.11257454345468432,-5.164906024932861
2024_13_CHI_DET,2024,REG,13,2024-11-28,Thursday,12:30,CHI,20.0,DET,23.0,Home,3.0,43.0,0.0,2024112800,59687.0,,202411280det,,401671492,6628.0,4,4,390.0,-520.0,9.5,-102.0,-118.0,47.5,100.0,-120.0,1,dome,fieldturf,,,00-0039918,00-0033106,Caleb Williams,Jared Goff,Matt Eberflus,Dan Campbell,Alan Eck,DET00,Ford Field,1.0,0.057995886,1.0,0.013213506,0.0,-1.0,0.07395306,-2.6257005,0.14673470705747604,-0.13653892185539007,-0.25,0.1827258300036192,9.797676146030426,0.013213506,0.0,0.057995886,1.0,1.0,-0.00925036,-8.339647,-0.07390949130058289,0.10241637472063303,1.5,-0.0923115685582161,-1.378350779414177,0.22064419835805893,-0.2389552965760231,-1.75,0.2750373985618353,11.176026925444603
2024_13_NYG_DAL,2024,REG,13,2024-11-28,Thursday,16:30,NYG,20.0,DAL,27.0,Home,7.0,47.0,0.0,2024112801,59688.0,,202411280dal,,401671779,6629.0,4,4,185.0,-218.0,4.5,-110.0,-110.0,39.0,-110.0,-110.0,1,closed,matrixturf,,,00-0035704,00-0033662,Drew Lock,Cooper Rush,Brian Daboll,Mike McCarthy,Brad Rogers,DAL00,AT&T Stadium,1.0,-0.057444286,0.0,-0.14352834,2.0,2.0,-0.14145099,-10.956784,-0.18043931294232607,0.009977099020034075,-0.25,-0.2688891573343426,-6.270376086235046,-0.14352834,2.0,-0.057444286,0.0,-2.0,-0.22846492,-1.0404309,-0.036490739323198795,0.11665927059948444,-1.0,-0.057026240043342113,4.1196068823337555,-0.14394857361912727,-0.10668217157945037,0.75,-0.21186291729100049,-10.389982968568802
2024_13_MIA_GB,2024,REG,13,2024-11-28,Thursday,20:20,MIA,17.0,GB,30.0,Home,13.0,47.0,0.0,2024112802,59689.0,,202411280gnb,,401671798,6630.0,4,4,145.0,-175.0,3.5,-115.0,-105.0,47.5,-110.0,-110.0,0,outdoors,grass,27.0,10.0,00-0036212,00-0036264,Tua Tagovailoa,Jordan Love,Mike McDaniel,Matt LaFleur,Shawn Smith,GNB00,Lambeau Field,1.0,0.27829933,1.0,0.078419134,0.0,-1.0,0.21100411,7.0483165,0.1210204353556037,0.0066393110901117325,0.5,0.12139889737591147,3.6337079778313637,0.078419134,0.0,0.27829933,1.0,1.0,0.0849801,8.362989,0.12300731847062707,-0.015510447323322296,0.5,0.12538265716284513,8.016789734363556,-0.0019868831150233746,0.02214975841343403,0.0,-0.0039837597869336605,-4.383081756532192
2024_13_LV_KC,2024,REG,13,2024-11-29,Friday,15:00,LV,17.0,KC,19.0,Home,2.0,36.0,0.0,2024112900,59690.0,,202411290kan,,401671806,6631.0,5,5,550.0,-800.0,13.5,-108.0,-112.0,42.0,-108.0,-112.0,1,outdoors,grass,37.0,5.0,00-0035289,00-0033873,Gardner Minshew,Patrick Mahomes,Antonio Pierce,Andy Reid,Clay Martin,KAN00,GEHA Field at Arrowhead Stadium,1.0,-0.03362093,0.0,-0.05614682,1.0,1.0,-0.043106176,-7.4057903,0.1117761111818254,0.09907711273990571,-0.5,0.13593195955036208,8.007040858268738,-0.05614682,1.0,-0.03362093,0.0,-1.0,0.078427605,-1.6114124,-0.024959630332887173,0.1463655773550272,-1.0,-0.1187964091077447,3.417739063501358,0.13673574151471257,-0.047288464615121484,0.5,0.2547283686581068,4.58930179476738
2024_13_LAC_ATL,2024,REG,13,2024-12-01,Sunday,13:00,LAC,17.0,ATL,13.0,Home,-4.0,30.0,0.0,2024120100,59691.0,,202412010atl,,401671649,6632.0,6,14,-118.0,-102.0,-1.0,-108.0,-112.0,47.0,-110.0,-110.0,0,closed,fieldturf,,,00-0036355,00-0029604,Justin Herbert,Kirk Cousins,Jim Harbaugh,Raheem Morris,Clete Blakeman,ATL97,Mercedes-Benz Stadium,0.0,-0.16781566,4.0,-0.14364836,1.0,-3.0,-0.23777068,-5.5740623,-0.007389964535832405,0.06877850275486708,0.0,0.04220173880457878,5.370531649445184,-0.14364836,1.0,-0.16781566,4.0,3.0,-0.28624597,1.7222643,0.06430836208164692,0.0037758012767881155,0.5,0.0720407929038629,-0.6971849203109741,-0.07169832661747932,0.06500270147807896,-0.5,-0.029839054099284112,6.067716569756158
2024_13_PIT_CIN,2024,REG,13,2024-12-01,Sunday,13:00,PIT,44.0,CIN,38.0,Home,-6.0,82.0,0.0,2024120101,59692.0,,202412010cin,,401671627,6633.0,10,14,130.0,-155.0,3.0,-110.0,-110.0,46.0,-108.0,-112.0,1,outdoors,fieldturf,32.0,9.0,00-0029263,00-0036442,Russell Wilson,Joe Burrow,Mike Tomlin,Zac Taylor,Shawn Hochuli,CIN00,Paycor Stadium,0.0,0.088742524,3.0,0.19237944,1.0,-2.0,-0.0004929451,9.534758,0.06833136570639908,0.11483819037675858,-0.25,0.07256913198216353,2.5767298191785812,0.19237944,1.0,0.088742524,3.0,2.0,0.27613297,12.303563,-0.012135016731917858,-0.052749323192983866,0.5,-0.05651014903560281,8.264996081590652,0.08046638243831694,0.16758751356974244,-0.75,0.12907928101776633,-5.688266262412071
2024_13_HOU_JAX,2024,REG,13,2024-12-01,Sunday,13:00,HOU,23.0,JAX,20.0,Home,-3.0,43.0,0.0,2024120102,59693.0,,202412010jax,,401671705,6634.0,7,14,-192.0,160.0,-3.5,-110.0,-110.0,44.5,-108.0,-112.0,1,outdoors,grass,,,00-0039163,00-0036971,C.J. Stroud,Trevor Lawrence,DeMeco Ryans,Doug Pederson,Land Clark,JAX00,TIAA Bank Stadium,0.0,0.007235452,1.0,0.0873911,0.0,-1.0,0.08401991,-5.4577904,-0.0977364294230938,0.1443994641304016,-0.5,-0.20703052636235952,-1.8940717279911041,0.0873911,0.0,0.007235452,1.0,1.0,0.073345564,-0.99964803,-0.025665395660325885,-0.04808515543118119,0.75,-0.08376416377723217,-8.638737201690674,-0.07207103376276791,0.1924846195615828,-1.25,-0.12326636258512735,6.74466547369957
2024_13_ARI_MIN,2024,REG,13,2024-12-01,Sunday,13:00,ARI,22.0,MIN,23.0,Home,1.0,45.0,0.0,2024120103,59694.0,,202412010min,,401671726,6635.0,7,7,154.0,-185.0,3.5,-110.0,-110.0,45.5,-112.0,-108.0,0,dome,sportturf,,,00-0035228,00-0034869,Kyler Murray,Sam Darnold,Jonathan Gannon,Kevin O'Connell,Bill Vinovich,MIN01,U.S. Bank Stadium,1.0,0.015297411,1.0,0.023666264,2.0,1.0,-0.0658264,1.8609395,0.006315004080533981,-0.14257850870490074,-0.75,-0.006894674152135849,7.936693422496319,0.023666264,2.0,0.015297411,1.0,-1.0,0.036537856,1.8765361,0.10408609267324209,-0.015672653913497925,-0.25,0.0998657438904047,8.294651702046394,-0.09777108859270811,-0.12690585479140282,-0.5,-0.10676041804254055,-0.35795827955007553
2024_13_IND_NE,2024,REG,13,2024-12-01,Sunday,13:00,IND,25.0,NE,24.0,Home,-1.0,49.0,0.0,2024120104,59695.0,,202412010nwe,,401671620,6636.0,7,7,-135.0,114.0,-2.5,-115.0,-105.0,41.5,-110.0,-110.0,0,outdoors,fieldturf,36.0,9.0,00-0026158,00-0039851,Joe Flacco,Drake Maye,Shane Steichen,Jerod Mayo,Adrian Hill,BOS00,Gillette Stadium,0.0,0.088648096,1.0,0.1176669,2.0,1.0,0.1848483,10.44208,-0.06427709758281708,-0.02695719199255109,-1.5,-0.04459411697462201,3.040369987487793,0.1176669,2.0,0.088648096,1.0,-1.0,0.09043193,-2.827234,-0.14288940466940403,-0.0030426091980189085,-0.5,-0.17541006114333868,-2.832659125328064,0.07861230708658695,-0.02391458279453218,-1.0,0.13081594416871667,5.873029112815857
2024_13_SEA_NYJ,2024,REG,13,2024-12-01,Sunday,13:00,SEA,26.0,NYJ,21.0,Home,-5.0,47.0,0.0,2024120105,59696.0,,202412010nyj,,401671703,6637.0,7,14,-105.0,-115.0,1.0,-110.0,-110.0,41.5,-110.0,-110.0,0,outdoors,fieldturf,37.0,12.0,00-0030565,00-0023459,Geno Smith,Aaron Rodgers,Mike Macdonald,Robert Saleh,Carl Cheffers,NYC01,MetLife Stadium,0.0,-0.13377956,2.0,-0.03463822,2.0,0.0,-0.27016035,-10.200397,0.019702522549778223,0.09661157755181193,0.0,-0.02761932648718357,1.97640722990036,-0.03463822,2.0,-0.13377956,2.0,0.0,-0.015964406,3.1439536,-0.05658418592065573,-0.005417994922026992,-0.25,-0.13050925568677485,7.1199082881212234,0.07628670847043395,0.10202957247383893,0.25,0.10288992919959128,-5.143501058220863
2024_13_TEN_WAS,2024,REG,13,2024-12-01,Sunday,13:00,TEN,19.0,WAS,42.0,Home,23.0,61.0,0.0,2024120106,59697.0,,202412010was,,401671743,6638.0,7,7,205.0,-250.0,6.0,-112.0,-108.0,45.0,-108.0,-112.0,0,outdoors,grass,42.0,6.0,00-0034771,00-0032268,Mason Rudolph,Marcus Mariota,Brian Callahan,Dan Quinn,Ron Torbert,WAS00,FedExField,1.0,0.15106724,1.0,-0.12674595,2.0,1.0,0.29231444,10.918841,0.03936070576310158,0.06925995461642742,0.25,0.007118984591215849,0.45095252990722656,-0.12674595,2.0,0.15106724,1.0,-1.0,-0.101549916,-10.168079,-0.040899799671024084,0.008708177600055933,0.75,-0.027734532253816724,4.69096302986145,0.08026050543412566,0.06055177701637149,-0.5,0.03485351684503257,-4.240010499954224
2024_13_TB_CAR,2024,REG,13,2024-12-01,Sunday,16:05,TB,26.0,CAR,23.0,Home,-3.0,49.0,1.0,2024120107,59698.0,,202412010car,,401671752,6639.0,7,7,-290.0,235.0,-6.5,-115.0,-105.0,46.0,-110.0,-110.0,1,outdoors,grass,51.0,7.0,00-0034855,00-0027973,Baker Mayfield,Andy Dalton,Todd Bowles,Dave Canales,Tra Blake,CAR00,Bank of America Stadium,0.0,-0.075521156,1.0,-0.026205165,2.0,1.0,0.0020904401,3.02179,0.007352667860686779,0.0761115113273263,0.25,0.005593290785327554,0.819919228553772,-0.026205165,2.0,-0.075521156,1.0,-1.0,-0.030901695,-1.8410878,0.11116998549550772,0.0631319172680378,-0.75,0.12101393472403288,4.689312100410461,-0.10381731763482094,0.012979594059288502,1.0,-0.11542064393870533,-3.8693928718566895
2024_13_LA_NO,2024,REG,13,2024-12-01,Sunday,16:05,LA,21.0,NO,14.0,Home,-7.0,35.0,0.0,2024120108,59699.0,,202412010nor,,401671753,6640.0,7,14,-142.0,120.0,-2.5,-115.0,-105.0,48.5,-108.0,-112.0,0,dome,sportturf,,,00-0026498,00-0031280,Matthew Stafford,Derek Carr,Sean McVay,Dennis Allen,Brad Allen,NOR00,Mercedes-Benz Superdome,0.0,-0.02585084,0.0,0.11803856,0.0,0.0,-0.056736752,-2.425239,0.014491038396954536,-0.009277082979679108,0.0,0.06102686683880165,-0.6055336147546768,0.11803856,0.0,-0.02585084,0.0,0.0,0.1267827,-3.9009528,-0.0106201465241611,0.03180724382400513,0.75,0.02853077556937933,1.827015995979309,0.025111184921115637,-0.041084326803684235,-0.75,0.03249609126942232,-2.432549610733986
2024_13_PHI_BAL,2024,REG,13,2024-12-01,Sunday,16:25,PHI,24.0,BAL,19.0,Home,-5.0,43.0,0.0,2024120109,59700.0,,202412010rav,,401671666,6641.0,7,6,136.0,-162.0,3.0,-110.0,-110.0,50.0,-110.0,-110.0,0,outdoors,grass,41.0,7.0,00-0036389,00-0034796,Jalen Hurts,Lamar Jackson,Nick Sirianni,John Harbaugh,Craig Wrolstad,BAL00,M&T Bank Stadium,0.0,-0.049953207,0.0,0.04594968,0.0,0.0,-0.0017640624,2.6518843,0.15267210826277733,0.008156854659318924,0.0,0.23919576406478882,7.246400356292725,0.04594968,0.0,-0.049953207,0.0,0.0,0.045060974,-2.183878,0.08334583137184381,-0.1490757754072547,1.25,0.12746091606095433,10.316621541976929,0.06932627689093351,0.15723263006657362,-1.25,0.11173484800383449,-3.070221185684204
2024_13_SF_BUF,2024,REG,13,2024-12-01,Sunday,20:20,SF,10.0,BUF,35.0,Home,25.0,45.0,0.0,2024120110,59701.0,,202412010buf,,401671781,6642.0,7,14,270.0,-340.0,6.5,-102.0,-118.0,45.0,-110.0,-110.0,0,outdoors,a_turf,28.0,11.0,00-0037834,00-0034857,Brock Purdy,Josh Allen,Kyle Shanahan,Sean McDermott,Alex Kemp,BUF00,New Era Field,1.0,0.14505264,0.0,-0.25545415,3.0,3.0,0.3458037,10.330584,0.13953111390583217,-0.0023473110049962997,0.5,0.15124550554901361,0.1455187201499939,-0.25545415,3.0,0.14505264,0.0,-3.0,-0.24711014,-8.119931,-0.011052022455260158,0.07292257156223059,0.0,0.043471379205584526,2.43923419713974,0.15058313636109233,-0.07526988256722689,0.5,0.10777412634342909,-2.293715476989746
2024_13_CLE_DEN,2024,REG,13,2024-12-02,Monday,20:15,CLE,32.0,DEN,41.0,Home,9.0,73.0,0.0,2024120200,59702.0,,202412020den,,401671686,6643.0,11,8,235.0,-290.0,6.5,-108.0,-112.0,41.5,-110.0,-110.0,0,outdoors,grass,48.0,4.0,00-0031503,00-0039732,Jameis Winston,Bo Nix,Kevin Stefanski,Sean Payton,John Hussey,DEN00,Empower Field at Mile High,1.0,0.089346744,2.0,-0.019530011,3.0,1.0,0.06892107,-4.456171,0.060815261444076896,0.02562161860987544,0.5,0.08205719385296106,3.966655671596527,-0.019530011,3.0,0.089346744,2.0,-1.0,-0.06116876,-3.3235993,-0.0669427216053009,0.03795580007135868,-1.0,-0.025909231044352055,-0.9458337724208832,0.1277579830493778,-0.01233418146148324,1.5,0.10796642489731312,4.91248944401741
2024_14_GB_DET,2024,REG,14,2024-12-05,Thursday,20:15,GB,31.0,DET,34.0,Home,3.0,65.0,0.0,2024120500,59703.0,,202412050det,,401671814,6644.0,7,7,142.0,-170.0,3.0,100.0,-120.0,53.0,-110.0,-110.0,1,dome,fieldturf,,,00-0036264,00-0033106,Jordan Love,Jared Goff,Matt LaFleur,Dan Campbell,John Hussey,DET00,Ford Field,1.0,0.076872945,1.0,0.115218595,1.0,0.0,0.061294172,5.4888787,0.13428284972906113,-0.11927296640351415,-0.75,0.16955541260540485,4.61945766210556,0.115218595,1.0,0.076872945,1.0,0.0,0.13187832,2.458199,0.1577323181554675,0.01067328080534935,0.0,0.14674651017412543,4.301802136003971,-0.023449468426406384,-0.1299462472088635,-0.75,0.02280890243127942,0.3176555261015892
2024_14_NYJ_MIA,2024,REG,14,2024-12-08,Sunday,13:00,NYJ,26.0,MIA,32.0,Home,6.0,58.0,1.0,2024120800,59704.0,,202412080mia,,401671848,6645.0,7,10,240.0,-298.0,6.5,-108.0,-112.0,45.0,-112.0,-108.0,1,outdoors,grass,77.0,12.0,00-0023459,00-0036212,Aaron Rodgers,Tua Tagovailoa,Robert Saleh,Mike McDaniel,Shawn Hochuli,MIA00,Hard Rock Stadium,1.0,0.22510648,0.0,0.20235524,0.0,0.0,0.23211588,3.3173072,0.08951330790296197,0.0003420114517211914,0.75,0.07023563515394926,4.7867730259895325,0.20235524,0.0,0.22510648,0.0,0.0,0.23245469,2.229307,-0.0183415818028152,0.08438613568432629,0.0,-0.12021250277757645,-2.6464815735816956,0.10785488970577717,-0.0840441242326051,0.75,0.1904481379315257,7.433254599571228
2024_14_ATL_MIN,2024,REG,14,2024-12-08,Sunday,13:00,ATL,21.0,MIN,42.0,Home,21.0,63.0,0.0,2024120801,59705.0,,202412080min,,401671648,6646.0,7,7,205.0,-250.0,6.0,-110.0,-110.0,46.5,-108.0,-112.0,0,dome,sportturf,,,00-0029604,00-0034869,Kirk Cousins,Sam Darnold,Raheem Morris,Kevin O'Connell,Alex Kemp,MIN01,U.S. Bank Stadium,1.0,0.2939897,0.0,0.00042234673,3.0,3.0,0.45762786,13.238313,0.04353556362912059,-0.06697863666340709,-0.25,-0.012829105369746685,3.3304122611880302,0.00042234673,3.0,0.2939897,0.0,-3.0,0.09990189,-7.0565786,-0.08901252783834934,0.02270093560218811,-1.5,-0.08223680779337883,0.7997477959142998,0.13254809146746993,-0.0896795722655952,1.25,0.06940770242363214,2.5306644652737305
2024_14_NO_NYG,2024,REG,14,2024-12-08,Sunday,13:00,NO,14.0,NYG,11.0,Home,-3.0,25.0,0.0,2024120802,59706.0,,202412080nyg,,401671601,6647.0,7,10,-245.0,200.0,-5.5,-115.0,-105.0,41.0,-110.0,-110.0,0,outdoors,fieldturf,54.0,13.0,00-0031280,00-0038476,Derek Carr,Tommy DeVito,Dennis Allen,Brian Daboll,Clete Blakeman,NYC01,MetLife Stadium,0.0,-0.18361625,1.0,-0.15253785,1.0,0.0,-0.13311093,-18.13455,-0.06550422683358192,0.08947917260229588,-1.25,-0.12501612305641174,3.0440499782562256,-0.15253785,1.0,-0.18361625,1.0,0.0,-0.08197251,-0.4914557,0.05939497426152229,0.009998122230172157,0.0,0.09666898782597855,2.4477947801351547,-0.12489920109510422,0.07948105037212372,-1.25,-0.2216851108823903,0.5962551981210709
2024_14_CAR_PHI,2024,REG,14,2024-12-08,Sunday,13:00,CAR,16.0,PHI,22.0,Home,6.0,38.0,0.0,2024120803,59707.0,,202412080phi,,401671713,6648.0,7,7,625.0,-950.0,14.0,-112.0,-108.0,44.5,-112.0,-108.0,0,outdoors,grass,55.0,16.0,00-0027973,00-0036389,Andy Dalton,Jalen Hurts,Dave Canales,Nick Sirianni,Carl Cheffers,PHI00,Lincoln Financial Field,1.0,0.036898367,0.0,-0.0012703459,1.0,1.0,0.1423801,4.765796,0.09200901119038463,-0.14420826081186533,1.25,0.13399677816778421,6.6798858642578125,-0.0012703459,1.0,0.036898367,0.0,-1.0,0.019042954,-2.4156578,0.01912983227521181,0.054699328262358904,0.5,0.0425302074290812,0.6097187399864197,0.07287917891517282,-0.19890758907422423,0.75,0.09146657073870301,6.070167124271393
2024_14_CLE_PIT,2024,REG,14,2024-12-08,Sunday,13:00,CLE,14.0,PIT,27.0,Home,13.0,41.0,0.0,2024120804,59708.0,,202412080pit,,401671631,6649.0,6,7,210.0,-258.0,6.0,-112.0,-108.0,43.0,-110.0,-110.0,1,outdoors,grass,49.0,12.0,00-0031503,00-0029263,Jameis Winston,Russell Wilson,Kevin Stefanski,Mike Tomlin,Land Clark,PIT00,Acrisure Stadium,1.0,-0.028630942,2.0,-0.1812252,2.0,0.0,-0.1054269,-1.6888593,0.023140817880630493,-0.023695094045251608,0.75,-0.008489095140248537,8.400988131761551,-0.1812252,2.0,-0.028630942,2.0,0.0,-0.16220862,0.41211864,-0.10146135976538062,0.046868654899299145,-1.0,-0.07412892300635576,-2.5075365006923676,0.12460217764601111,-0.07056374894455075,1.75,0.06563982786610723,10.908524632453918
2024_14_LV_TB,2024,REG,14,2024-12-08,Sunday,13:00,LV,13.0,TB,28.0,Home,15.0,41.0,0.0,2024120805,59709.0,,202412080tam,,401671654,6650.0,9,7,260.0,-325.0,7.0,-115.0,-105.0,47.0,-112.0,-108.0,0,outdoors,grass,71.0,4.0,00-0035289,00-0034855,Gardner Minshew,Baker Mayfield,Antonio Pierce,Todd Bowles,Alan Eck,TAM00,Raymond James Stadium,1.0,0.062055785,3.0,-0.13004404,2.0,-1.0,0.124079734,-2.295255,0.09445321606472135,0.004582978785037994,-0.25,0.09133802028372884,1.364067554473877,-0.13004404,2.0,0.062055785,3.0,1.0,-0.1482394,-3.3002787,-0.02850689459592104,0.11990770511329174,-1.25,-0.08472645841538906,-1.253208577632904,0.12296011066064239,-0.11532472632825375,1.0,0.1760644786991179,2.617276132106781
2024_14_JAX_TEN,2024,REG,14,2024-12-08,Sunday,13:00,JAX,10.0,TEN,6.0,Home,-4.0,16.0,0.0,2024120806,59710.0,,202412080oti,,401671821,6651.0,7,7,142.0,-170.0,3.0,-105.0,-115.0,40.0,-108.0,-112.0,1,outdoors,grass,53.0,9.0,00-0036972,00-0034771,Mac Jones,Mason Rudolph,Doug Pederson,Brian Callahan,Tra Blake,NAS00,Nissan Stadium,0.0,-0.09604256,0.0,-0.0252047,2.0,2.0,-0.1586242,-9.177252,-0.05941786104813218,0.0678918925113976,0.0,-0.055908530950546265,-0.23537802696228027,-0.0252047,2.0,-0.09604256,0.0,-2.0,0.030804979,7.8009925,-0.11149838019628078,0.13338428921997547,-0.5,-0.20133661292493343,-4.9147635996341705,0.052080519148148596,-0.06549239670857787,0.5,0.14542808197438717,4.67938557267189
2024_14_SEA_ARI,2024,REG,14,2024-12-08,Sunday,16:05,SEA,30.0,ARI,18.0,Home,-12.0,48.0,0.0,2024120807,59711.0,,202412080crd,,401671660,6652.0,7,7,145.0,-175.0,3.0,-105.0,-115.0,45.5,-110.0,-110.0,1,closed,grass,,,00-0030565,00-0035228,Geno Smith,Kyler Murray,Mike Macdonald,Jonathan Gannon,Clay Martin,PHO00,State Farm Stadium,0.0,-0.11480299,2.0,0.09318636,0.0,-2.0,-0.06725611,-7.1756816,0.05440477980300784,-0.06161752017214894,-0.5,0.03934057243168354,5.7795664221048355,0.09318636,0.0,-0.11480299,2.0,2.0,0.1552594,10.457864,-0.040472459979355335,-0.08598695299588144,-0.5,-0.08162534493021667,7.124362722039223,0.09487723978236318,0.024369432823732495,0.0,0.12096591736190021,-1.3447962999343872
2024_14_BUF_LA,2024,REG,14,2024-12-08,Sunday,16:25,BUF,42.0,LA,44.0,Home,2.0,86.0,0.0,2024120808,59712.0,,202412080ram,,401671773,6653.0,7,7,-192.0,160.0,-3.5,-118.0,-102.0,49.5,-108.0,-112.0,0,dome,matrixturf,,,00-0034857,00-0026498,Josh Allen,Matthew Stafford,Sean McDermott,Sean McVay,Craig Wrolstad,LAX01,SoFi Stadium,1.0,0.2614811,0.0,0.30851716,0.0,0.0,0.2856349,7.788136,0.028892155271023512,0.06397202797234058,0.25,0.06715711392462254,1.6081530451774597,0.30851716,0.0,0.2614811,0.0,0.0,0.44754335,-5.569161,0.1286702051293105,-0.041439568623900414,1.5,0.1592375421896577,0.8733780980110168,-0.09977804985828698,0.105411596596241,-1.25,-0.09208042826503515,0.7347749471664429
2024_14_CHI_SF,2024,REG,14,2024-12-08,Sunday,16:25,CHI,13.0,SF,38.0,Home,25.0,51.0,0.0,2024120809,59713.0,,202412080sfo,,401671774,6654.0,10,7,136.0,-162.0,3.0,-110.0,-110.0,43.5,-108.0,-112.0,0,outdoors,grass,65.0,4.0,00-0039918,00-0037834,Caleb Williams,Brock Purdy,Matt Eberflus,Kyle Shanahan,Ron Torbert,SFO01,Levi's Stadium,1.0,0.30689824,1.0,-0.068905644,1.0,0.0,0.40700737,14.974685,-0.10187641414813697,0.10291458014398813,-1.25,-0.08117604069411755,-0.31629836559295654,-0.068905644,1.0,0.30689824,1.0,0.0,-0.15471043,4.4253373,-0.025887938681989908,0.1062143575400114,1.25,-0.03760544257238507,-2.257250115275383,-0.07598847546614707,-0.0032997773960232735,-2.5,-0.04357059812173247,1.9409517496824265
2024_14_LAC_KC,2024,REG,14,2024-12-08,Sunday,20:20,LAC,17.0,KC,19.0,Home,2.0,36.0,0.0,2024120810,59714.0,,202412080kan,,401671788,6655.0,7,9,195.0,-238.0,5.0,-115.0,-105.0,43.5,-110.0,-110.0,1,outdoors,grass,50.0,10.0,00-0036355,00-0033873,Justin Herbert,Patrick Mahomes,Jim Harbaugh,Andy Reid,Bill Vinovich,KAN00,GEHA Field at Arrowhead Stadium,1.0,0.09052637,0.0,0.08134712,0.0,0.0,0.016504891,0.12174299,0.06806859327480197,0.05169242876581848,0.0,0.09006718936143443,3.0593026876449585,0.08134712,0.0,0.09052637,0.0,0.0,0.08677345,8.471399,0.044344572350382805,0.028411190724000335,0.5,-0.007393864565528929,-2.3482710123062134,0.023724020924419165,0.023281238041818142,-0.5,0.09746105392696336,5.407573699951172
2024_14_CIN_DAL,2024,REG,14,2024-12-09,Monday,20:15,CIN,27.0,DAL,20.0,Home,-7.0,47.0,0.0,2024120900,59715.0,,202412090dal,,401671690,6656.0,8,11,-230.0,190.0,-5.0,-110.0,-110.0,51.0,-112.0,-108.0,0,closed,matrixturf,,,00-0036442,00-0033662,Joe Burrow,Cooper Rush,Zac Taylor,Mike McCarthy,Scott Novak,DAL00,AT&T Stadium,0.0,0.028013464,1.0,0.12509492,2.0,1.0,-0.016483458,-15.949321,-0.1850933637470007,-0.030414785724133253,0.0,-0.30265652760863304,-7.417003631591797,0.12509492,2.0,0.028013464,1.0,-1.0,0.15660043,8.007677,0.0947314181830734,0.08511330187320709,-0.25,0.0726789571926929,3.4285659044981003,-0.2798247819300741,-0.11552808759734035,0.25,-0.37533548480132595,-10.845569536089897
2024_15_LA_SF,2024,REG,15,2024-12-12,Thursday,20:15,LA,12.0,SF,6.0,Home,-6.0,18.0,0.0,2024121200,59716.0,,202412120sfo,,401671818,6657.0,4,4,130.0,-155.0,3.0,-118.0,-102.0,48.5,-110.0,-110.0,1,outdoors,grass,53.0,4.0,00-0026498,00-0037834,Matthew Stafford,Brock Purdy,Sean McVay,Kyle Shanahan,Clay Martin,SFO01,Levi's Stadium,0.0,-0.17866868,1.0,-0.05321122,0.0,-1.0,-0.2849397,-19.976582,-0.05829491722397506,0.07088167872279882,-1.5,-0.03945227153599262,1.2410773038864136,-0.05321122,0.0,-0.17866868,1.0,1.0,-0.095589206,-4.3446436,0.14399354858323932,0.15756426192820072,0.25,0.19950648210942745,3.3108576089143753,-0.20228846580721438,-0.0866825832054019,-1.75,-0.23895875364542007,-2.0697803050279617
2024_15_DAL_CAR,2024,REG,15,2024-12-15,Sunday,13:00,DAL,30.0,CAR,14.0,Home,-16.0,44.0,0.0,2024121500,59717.0,,202412150car,,401671731,6658.0,6,7,120.0,-142.0,2.5,100.0,-120.0,42.0,-112.0,-108.0,0,outdoors,grass,45.0,7.0,00-0033662,00-0039150,Cooper Rush,Bryce Young,Mike McCarthy,Dave Canales,Bill Vinovich,CAR00,Bank of America Stadium,0.0,-0.08989302,4.0,0.18375286,1.0,-3.0,-0.32890248,0.7122441,0.01093318231869489,0.04780820244923234,0.5,0.049254514975473285,-0.40905165672302246,0.18375286,1.0,-0.08989302,4.0,3.0,0.20379834,-4.050084,-0.05642276909202337,0.006373165175318718,1.0,-0.1296279919333756,-8.68206238746643,0.06735595141071826,0.04143503727391362,-0.5,0.17888250690884888,8.273010730743408
2024_15_KC_CLE,2024,REG,15,2024-12-15,Sunday,13:00,KC,21.0,CLE,7.0,Home,-14.0,28.0,0.0,2024121501,59718.0,,202412150cle,,401671854,6659.0,7,7,-230.0,190.0,-4.5,-110.0,-110.0,41.5,-112.0,-108.0,0,outdoors,grass,40.0,18.0,00-0033873,00-0031503,Patrick Mahomes,Jameis Winston,Andy Reid,Kevin Stefanski,Tra Blake,CLE00,FirstEnergy Stadium,0.0,-0.33728606,5.0,-0.07936685,1.0,-4.0,-0.5222387,-4.9214563,-0.08017835533246398,0.055659218691289425,-0.25,-0.04698381293565035,-0.27980319410562515,-0.07936685,1.0,-0.33728606,5.0,4.0,-0.07742546,-6.8046956,0.08587874844670296,0.0753157613798976,0.0,0.09338685497641563,2.5111985877156258,-0.16605710377916694,-0.01965654268860817,-0.25,-0.14037066791206598,-2.791001781821251
2024_15_MIA_HOU,2024,REG,15,2024-12-15,Sunday,13:00,MIA,12.0,HOU,20.0,Home,8.0,32.0,0.0,2024121502,59719.0,,202412150htx,,401671860,6660.0,7,14,130.0,-155.0,2.5,-105.0,-115.0,46.5,-112.0,-108.0,0,closed,astroturf,,,00-0036212,00-0039163,Tua Tagovailoa,C.J. Stroud,Mike McDaniel,DeMeco Ryans,Alex Kemp,HOU00,NRG Stadium,1.0,-0.11338363,1.0,-0.16859272,4.0,3.0,-0.31501126,3.9348164,-0.0067171361297369,-0.0755410889396444,1.0,-0.0465982798486948,-4.9519858211278915,-0.16859272,4.0,-0.11338363,1.0,-3.0,-0.21669346,-0.8495232,0.1622528717853129,0.10066193714737892,0.75,0.15843932051211596,6.4371485114097595,-0.1689700079150498,-0.17620302608702332,0.25,-0.20503760036081076,-11.389134332537651
2024_15_NYJ_JAX,2024,REG,15,2024-12-15,Sunday,13:00,NYJ,32.0,JAX,25.0,Home,-7.0,57.0,0.0,2024121503,59720.0,,202412150jax,,401671706,6661.0,7,7,-175.0,145.0,-3.5,-102.0,-118.0,41.5,-112.0,-108.0,0,outdoors,grass,,,00-0023459,00-0036972,Aaron Rodgers,Mac Jones,Robert Saleh,Doug Pederson,Brad Rogers,JAX00,TIAA Bank Stadium,0.0,0.13672362,2.0,0.29529136,0.0,-2.0,0.11953012,1.7678738,-0.10044373862911016,0.10654940968379378,-1.0,-0.14898255607113242,-0.6131732761859894,0.29529136,0.0,0.13672362,2.0,2.0,0.3974984,-3.1119711,0.002982430625706911,0.13776323944330215,0.0,-0.07399073429405689,-1.775815486907959,-0.10342616925481707,-0.03121382975950837,-1.0,-0.07499182177707553,1.1626422107219696
2024_15_WAS_NO,2024,REG,15,2024-12-15,Sunday,13:00,WAS,20.0,NO,19.0,Home,-1.0,39.0,0.0,2024121504,59721.0,,202412150nor,,401671737,6662.0,14,7,-375.0,295.0,-7.5,-112.0,-108.0,44.5,-108.0,-112.0,0,dome,sportturf,,,00-0039910,00-0038998,Jayden Daniels,Jake Haener,Dan Quinn,Dennis Allen,Shawn Hochuli,NOR00,Mercedes-Benz Superdome,0.0,-0.011627954,1.0,0.034051564,0.0,-1.0,-0.08749075,-15.906193,0.005144793540239334,-0.04378500394523144,-0.25,0.044112368777859956,2.5459006652235985,0.034051564,0.0,-0.011627954,1.0,1.0,0.071632616,11.438229,0.022046521306037903,0.006230367347598076,0.25,0.002302579116076231,0.19868111610412598,-0.01690172776579857,-0.050015371292829514,-0.5,0.041809789661783725,2.3472195491194725
2024_15_BAL_NYG,2024,REG,15,2024-12-15,Sunday,13:00,BAL,35.0,NYG,14.0,Home,-21.0,49.0,0.0,2024121505,59722.0,,202412150nyg,,401671639,6663.0,14,7,-1800.0,1000.0,-16.5,-112.0,-108.0,43.5,-112.0,-108.0,0,outdoors,fieldturf,36.0,6.0,00-0034796,00-0038476,Lamar Jackson,Tommy DeVito,John Harbaugh,Brian Daboll,Brad Allen,NYC01,MetLife Stadium,0.0,-0.03810355,1.0,0.3106787,1.0,0.0,-0.22819634,-2.8588684,-0.14275138825178146,-0.0037362854927778244,-1.0,-0.1845459919422865,-3.7287445068359375,0.3106787,1.0,-0.03810355,1.0,0.0,0.44326374,24.185898,0.05566959083080292,0.04926826525479555,-0.25,0.13486073826788925,3.791586458683014,-0.19842097908258438,-0.053004550747573376,-0.75,-0.31940673021017574,-7.520330965518951
2024_15_CIN_TEN,2024,REG,15,2024-12-15,Sunday,13:00,CIN,37.0,TEN,27.0,Home,-10.0,64.0,0.0,2024121506,59723.0,,202412150oti,,401671825,6664.0,6,7,-250.0,205.0,-6.0,-110.0,-110.0,46.5,-112.0,-108.0,0,outdoors,grass,52.0,12.0,00-0036442,00-0039152,Joe Burrow,Will Levis,Zac Taylor,Brian Callahan,Craig Wrolstad,NAS00,Nissan Stadium,0.0,-0.033141404,6.0,0.10536989,3.0,-3.0,-0.115343705,7.1059866,-0.09359500603750348,0.013304898049682379,0.5,-0.124787837266922,-5.254778623580933,0.10536989,3.0,-0.033141404,6.0,3.0,0.19490406,8.357773,0.0975969375576824,0.11696078907698393,-0.75,0.08967938652494922,3.940686270594597,-0.19119194359518588,-0.10365589102730155,1.25,-0.21446722379187122,-9.19546489417553
2024_15_NE_ARI,2024,REG,15,2024-12-15,Sunday,16:25,NE,17.0,ARI,30.0,Home,13.0,47.0,0.0,2024121507,59724.0,,202412150crd,,401671677,6665.0,14,7,210.0,-258.0,6.0,-108.0,-112.0,46.5,-110.0,-110.0,0,closed,grass,,,00-0039851,00-0035228,Drake Maye,Kyler Murray,Jerod Mayo,Jonathan Gannon,Ron Torbert,PHO00,State Farm Stadium,1.0,0.17928357,0.0,0.0067317653,1.0,1.0,0.1836013,6.6948466,0.015003044623881578,0.006397246848791838,-0.5,0.03990005701780319,4.008712947368622,0.0067317653,1.0,0.17928357,0.0,-1.0,0.04462263,12.042972,-0.020698169246315956,0.015627960208803415,-0.75,0.02379053784534335,4.201141834259033,0.035701213870197535,-0.009230713360011578,0.25,0.01610951917245984,-0.19242888689041138
2024_15_IND_DEN,2024,REG,15,2024-12-15,Sunday,16:25,IND,13.0,DEN,31.0,Home,18.0,44.0,0.0,2024121508,59725.0,,202412150den,,401671669,6666.0,14,13,195.0,-238.0,4.5,-105.0,-115.0,43.5,-108.0,-112.0,0,outdoors,grass,55.0,15.0,00-0039164,00-0039732,Anthony Richardson,Bo Nix,Shane Steichen,Sean Payton,Carl Cheffers,DEN00,Empower Field at Mile High,1.0,-0.19270359,3.0,-0.38198853,5.0,2.0,-0.3143749,-9.107813,0.11277593835256994,-0.06377509981393814,1.0,0.13949287217110395,3.556073546409607,-0.38198853,5.0,-0.19270359,3.0,-2.0,-0.45204005,-16.093035,-0.043789373710751534,0.05251562152989209,-1.0,-0.07124767359346151,-0.9058006405830383,0.15656531206332147,-0.11629072134383023,2.0,0.21074054576456547,4.461874186992645
2024_15_BUF_DET,2024,REG,15,2024-12-15,Sunday,16:25,BUF,48.0,DET,42.0,Home,-6.0,90.0,0.0,2024121509,59726.0,,202412150det,,401671681,6667.0,7,10,110.0,-130.0,2.5,-110.0,-110.0,55.5,-110.0,-110.0,0,dome,fieldturf,,,00-0034857,00-0033106,Josh Allen,Jared Goff,Sean McDermott,Dan Campbell,Adrian Hill,DET00,Ford Field,0.0,0.1829292,1.0,0.36460823,0.0,-1.0,0.25771725,-1.286085,0.17311838828027248,-0.059390219394117594,0.0,0.21446109283715487,6.637155652046204,0.36460823,0.0,0.1829292,1.0,1.0,0.4799142,5.2228255,0.15207712049596012,-0.029168086126446724,1.5,0.22954269591718912,0.06409239768981934,0.021041267784312367,-0.03022213326767087,-1.5,-0.015081603080034256,6.573063254356384
2024_15_TB_LAC,2024,REG,15,2024-12-15,Sunday,16:25,TB,40.0,LAC,17.0,Home,-23.0,57.0,0.0,2024121510,59727.0,,202412150sdg,,401671762,6668.0,7,7,136.0,-162.0,3.0,-105.0,-115.0,46.0,-108.0,-112.0,0,dome,matrixturf,,,00-0034855,00-0036355,Baker Mayfield,Justin Herbert,Todd Bowles,Jim Harbaugh,Scott Novak,LAX01,SoFi Stadium,0.0,-0.22115672,2.0,0.19585109,2.0,0.0,-0.3698403,-0.3122459,0.016395533457398415,0.04087627842091024,0.5,-0.036226179101504385,-2.3714362382888794,0.19585109,2.0,-0.22115672,2.0,0.0,0.22441281,14.891047,0.07661918317899108,-0.06323031708598137,-0.75,0.07497206376865506,-0.00031489133834838867,-0.060223649721592665,0.10410659550689161,1.25,-0.11119824287015945,-2.371121346950531
2024_15_PIT_PHI,2024,REG,15,2024-12-15,Sunday,16:25,PIT,13.0,PHI,27.0,Home,14.0,40.0,0.0,2024121511,59728.0,,202412150phi,,401671766,6669.0,7,7,215.0,-265.0,5.5,-110.0,-110.0,43.0,-110.0,-110.0,0,outdoors,grass,37.0,5.0,00-0029263,00-0036389,Russell Wilson,Jalen Hurts,Mike Tomlin,Nick Sirianni,Alan Eck,PHI00,Lincoln Financial Field,1.0,0.11317192,1.0,-0.085492976,2.0,1.0,0.19869709,13.574644,0.10674782376736403,-0.02285861864220351,0.75,0.1821209704503417,3.738143801689148,-0.085492976,2.0,0.11317192,1.0,-1.0,-0.27781707,-1.0984913,0.0017668874934315681,-0.07616432756185532,1.5,-0.029183226637542248,9.14661854505539,0.10498093627393246,0.053305708919651806,-0.75,0.21130419708788395,-5.4084747433662415
2024_15_GB_SEA,2024,REG,15,2024-12-15,Sunday,20:20,GB,30.0,SEA,13.0,Home,-17.0,43.0,0.0,2024121512,59729.0,,202412150sea,,401671796,6670.0,10,7,-162.0,136.0,-3.0,-110.0,-110.0,48.0,-110.0,-110.0,0,outdoors,fieldturf,43.0,3.0,00-0036264,00-0030565,Jordan Love,Geno Smith,Matt LaFleur,Mike Macdonald,Clete Blakeman,SEA00,Lumen Field,0.0,-0.19319908,2.0,0.088356756,1.0,-1.0,-0.3394068,-2.4669435,0.021451625041663647,-0.10468503716401756,0.5,0.019323286833241582,9.618636906147003,0.088356756,1.0,-0.19319908,2.0,1.0,0.06743098,13.332672,0.2004995457828045,0.002940688282251358,0.25,0.1836436316370964,4.964043855667114,-0.17904792074114084,-0.10762572544626892,0.25,-0.16432034480385482,4.654593050479889
2024_15_CHI_MIN,2024,REG,15,2024-12-16,Monday,20:00,CHI,12.0,MIN,30.0,Home,18.0,42.0,0.0,2024121600,59730.0,,202412160min,,401671489,6671.0,8,8,260.0,-325.0,7.0,-115.0,-105.0,43.5,-110.0,-110.0,1,dome,sportturf,,,00-0039918,00-0034869,Caleb Williams,Sam Darnold,Matt Eberflus,Kevin O'Connell,John Hussey,MIN01,U.S. Bank Stadium,1.0,0.04648152,1.0,-0.1713834,1.0,0.0,0.032160908,-4.4600697,0.1193557158112526,-0.019252667822001968,0.5,0.10246648732572794,6.519065082073212,-0.1713834,1.0,0.04648152,1.0,0.0,-0.21018052,-5.187512,0.03113755537196994,0.19202155619859695,1.0,0.024182971101254225,0.9264641553163528,0.08821816043928266,-0.21127422402059892,-0.5,0.07828351622447371,5.592600926756859
2024_15_ATL_LV,2024,REG,15,2024-12-16,Monday,20:30,ATL,15.0,LV,9.0,Home,-6.0,24.0,0.0,2024121601,59731.0,,202412160rai,,401671697,6672.0,8,8,-345.0,275.0,-6.5,-110.0,-110.0,44.5,-110.0,-110.0,0,dome,grass,,,00-0029604,00-0038579,Kirk Cousins,Aidan O'Connell,Raheem Morris,Antonio Pierce,Shawn Smith,VEG00,Allegiant Stadium,0.0,-0.28756455,3.0,-0.19604327,1.0,-2.0,-0.26475048,-2.8416548,-0.03617378417402506,0.10701344069093466,-0.75,-0.050648799166083336,-2.4952866435050964,-0.19604327,1.0,-0.28756455,3.0,2.0,-0.20984076,-2.5425901,-0.09341674033930758,0.10590537823736668,-2.0,-0.08450977876782417,-3.8745245028985664,0.05724295616528252,0.0011080624535679817,1.25,0.03386097960174084,1.37923785939347
2024_16_DEN_LAC,2024,REG,16,2024-12-19,Thursday,20:15,DEN,27.0,LAC,34.0,Home,7.0,61.0,0.0,2024121901,59742.0,,202412190sdg,,401671749,6673.0,4,4,124.0,-148.0,3.0,-120.0,100.0,41.5,-110.0,-110.0,1,dome,matrixturf,,,00-0039732,00-0036355,Bo Nix,Justin Herbert,Sean Payton,Jim Harbaugh,Clay Martin,LAX01,SoFi Stadium,1.0,0.21201606,1.0,0.14444654,0.0,-1.0,0.21883564,7.3938384,-0.049255022779107094,0.08760523423552513,0.75,-0.14043868670705706,0.4807565063238144,0.14444654,0.0,0.21201606,1.0,1.0,0.19349574,-1.6066386,0.06788659282028675,-0.16409366903826594,1.5,0.04269025754183531,-1.8724325895309448,-0.11714161559939384,0.2516989032737911,-0.75,-0.18312894424889237,2.353189095854759
2024_16_HOU_KC,2024,REG,16,2024-12-21,Saturday,13:00,HOU,19.0,KC,27.0,Home,8.0,46.0,0.0,2024122100,59733.0,,202412210kan,,401671780,6674.0,6,6,150.0,-180.0,3.5,-120.0,100.0,42.5,-108.0,-112.0,0,outdoors,grass,30.0,5.0,00-0039163,00-0033873,C.J. Stroud,Patrick Mahomes,DeMeco Ryans,Andy Reid,Carl Cheffers,KAN00,GEHA Field at Arrowhead Stadium,1.0,0.105530486,0.0,0.05715686,2.0,2.0,0.14929715,0.40951097,0.05550271086394787,-0.04379959125071764,1.25,0.0445354413241148,-1.5885549113154411,0.05715686,2.0,0.105530486,0.0,-2.0,0.092388146,0.8866066,-0.003984944894909859,-0.09807196690235287,1.0,-0.06870540790259838,-1.7753333896398544,0.05948765575885773,0.05427237565163523,0.25,0.11324084922671318,0.1867784783244133
2024_16_PIT_BAL,2024,REG,16,2024-12-21,Saturday,16:30,PIT,17.0,BAL,34.0,Home,17.0,51.0,0.0,2024122101,59734.0,,202412210rav,,401671778,6675.0,6,6,275.0,-345.0,7.0,-115.0,-105.0,44.5,-112.0,-108.0,1,outdoors,grass,35.0,15.0,00-0029263,00-0034796,Russell Wilson,Lamar Jackson,Mike Tomlin,John Harbaugh,Bill Vinovich,BAL00,M&T Bank Stadium,1.0,0.1676551,1.0,-0.08251941,2.0,1.0,0.17810178,0.83097273,0.08183807879686356,-0.0021613826975226402,-0.5,0.1651640898489859,6.70265656709671,-0.08251941,2.0,0.1676551,1.0,-1.0,-0.17896076,17.221895,0.006126022897660732,-0.006563272327184677,0.75,-0.03595616947859526,8.455454349517822,0.07571205589920282,0.004401889629662037,-1.25,0.20112025932758115,-1.752797782421112
2024_16_NYG_ATL,2024,REG,16,2024-12-22,Sunday,13:00,NYG,7.0,ATL,34.0,Home,27.0,41.0,0.0,2024122202,59735.0,,202412220atl,,401671729,6676.0,7,6,410.0,-550.0,9.5,-110.0,-110.0,42.5,-110.0,-110.0,0,closed,fieldturf,,,00-0038476,00-0039917,Tommy DeVito,Michael Penix Jr.,Brian Daboll,Raheem Morris,Tra Blake,ATL97,Mercedes-Benz Stadium,1.0,0.06550739,1.0,-0.34394023,3.0,2.0,0.07985301,-3.1219945,-0.1332909457050846,0.03819040209054947,-1.25,-0.1554045844823122,-3.7947799254907295,-0.34394023,3.0,0.06550739,1.0,-2.0,-0.42913857,-8.773947,-0.13629411533474922,0.0780241759493947,-0.5,-0.21059976145625114,-4.608207494020462,0.003003169629664626,-0.039833773858845234,-0.75,0.05519517697393894,0.8134275685297325
2024_16_ARI_CAR,2024,REG,16,2024-12-22,Sunday,13:00,ARI,30.0,CAR,36.0,Home,6.0,66.0,1.0,2024122204,59737.0,,202412220car,,401671732,6677.0,7,7,-245.0,200.0,-5.5,-110.0,-110.0,47.0,-110.0,-110.0,0,outdoors,grass,37.0,10.0,00-0035228,00-0039150,Kyler Murray,Bryce Young,Jonathan Gannon,Dave Canales,Adrian Hill,CAR00,Bank of America Stadium,1.0,0.17771427,0.0,0.1197172,2.0,2.0,0.24643245,5.6464143,-0.0074492840794846416,0.10972957918420434,-0.75,-0.02867317176423967,1.1919171959161758,0.1197172,2.0,0.17771427,0.0,-2.0,0.16333865,-1.1386817,-0.019151985179632902,0.0203382670879364,-0.5,-0.007956001907587051,1.15028578042984,0.01170270110014826,0.08939131209626794,-0.25,-0.020717169856652617,0.041631415486335754
2024_16_DET_CHI,2024,REG,16,2024-12-22,Sunday,13:00,DET,34.0,CHI,17.0,Home,-17.0,51.0,0.0,2024122205,59738.0,,202412220chi,,401671868,6678.0,7,6,-340.0,270.0,-7.0,-110.0,-110.0,47.5,-110.0,-110.0,1,outdoors,grass,29.0,7.0,00-0033106,00-0039918,Jared Goff,Caleb Williams,Dan Campbell,Matt Eberflus,Clete Blakeman,CHI98,Soldier Field,0.0,-0.00326894,2.0,0.2796775,0.0,-2.0,0.014175738,5.8024955,-0.045631196815520525,0.13808659464120865,0.75,-0.0784652684815228,-2.0523380488157272,0.2796775,0.0,-0.00326894,2.0,2.0,0.32327142,1.942078,0.10781568475067616,0.08009288227185607,-0.5,0.13663501013070345,2.1661316454410553,-0.15344688156619668,0.05799371236935258,1.25,-0.21510027861222625,-4.2184696942567825
2024_16_CLE_CIN,2024,REG,16,2024-12-22,Sunday,13:00,CLE,6.0,CIN,24.0,Home,18.0,30.0,0.0,2024122214,59732.0,,202412220cin,,401671811,6679.0,7,7,425.0,-575.0,10.0,-108.0,-112.0,46.5,-112.0,-108.0,1,outdoors,fieldturf,33.0,6.0,00-0031503,00-0036442,Jameis Winston,Joe Burrow,Kevin Stefanski,Zac Taylor,Brad Rogers,CIN00,Paycor Stadium,1.0,0.034162,1.0,-0.2183655,3.0,2.0,0.11405102,18.074102,0.08203564933501184,0.0571742532774806,0.25,0.11355408659437671,5.853440582752228,-0.2183655,3.0,0.034162,1.0,-2.0,-0.28035995,-3.4613087,-0.14624590007588267,-0.01810062024742365,-1.75,-0.18509762734174728,-1.3354386165738106,0.2282815494108945,0.07527487352490425,2.0,0.298651713936124,7.188879199326038
2024_16_TEN_IND,2024,REG,16,2024-12-22,Sunday,13:00,TEN,30.0,IND,38.0,Home,8.0,68.0,0.0,2024122206,59739.0,,202412220clt,,401671862,6680.0,7,7,164.0,-198.0,4.0,-112.0,-108.0,42.5,-108.0,-112.0,1,closed,fieldturf,,,00-0034771,00-0026158,Mason Rudolph,Joe Flacco,Brian Callahan,Shane Steichen,John Hussey,IND00,Lucas Oil Stadium,1.0,0.13689291,1.0,0.04783064,3.0,2.0,0.21821912,-6.4206853,-0.09807735495269299,0.00044889235869050026,-1.0,-0.12144204881042242,-6.519765794277191,0.04783064,3.0,0.13689291,1.0,-2.0,0.0722131,-1.6023042,-0.06546784983947873,0.0328561132773757,-0.25,-0.11797190457582474,-2.270673990249634,-0.032609505113214254,-0.0324072209186852,-0.75,-0.003470144234597683,-4.249091804027557
2024_16_LA_NYJ,2024,REG,16,2024-12-22,Sunday,13:00,LA,19.0,NYJ,9.0,Home,-10.0,28.0,0.0,2024122207,59740.0,,202412220nyj,,401671621,6681.0,10,7,-162.0,136.0,-3.0,-105.0,-115.0,47.0,-110.0,-110.0,0,outdoors,fieldturf,23.0,8.0,00-0026498,00-0023459,Matthew Stafford,Aaron Rodgers,Sean McVay,Robert Saleh,Ron Torbert,NYC01,MetLife Stadium,0.0,-0.12551698,1.0,0.06857014,2.0,1.0,-0.03264758,-3.4208345,0.0890633505769074,0.09296822175383568,0.75,0.06469529308378696,-1.9047154784202576,0.06857014,2.0,-0.12551698,1.0,-1.0,0.10739189,-1.768469,0.07792394375428557,0.09551677666604519,0.0,0.07469911314547062,-0.276289626955986,0.011139406822621822,-0.002548554912209511,0.75,-0.010003820061683655,-1.6284258514642715
2024_16_PHI_WAS,2024,REG,16,2024-12-22,Sunday,13:00,PHI,33.0,WAS,36.0,Home,3.0,69.0,0.0,2024122208,59741.0,,202412220was,,401671717,6682.0,7,7,-218.0,180.0,-4.0,-115.0,-105.0,47.0,-110.0,-110.0,1,outdoors,grass,32.0,8.0,00-0036389,00-0039910,Jalen Hurts,Jayden Daniels,Nick Sirianni,Dan Quinn,Shawn Smith,WAS00,FedExField,1.0,0.062876835,5.0,0.10770493,2.0,-3.0,-0.06638438,-2.2802663,0.023396477568894625,-0.010892816120758653,-0.25,0.054325544741004705,6.2422051429748535,0.10770493,2.0,0.062876835,5.0,3.0,0.026244055,-3.9625237,0.11852235812693834,-0.03783229959663004,0.75,0.18154710438102484,6.4062405824661255,-0.09512588055804372,0.026939483475871384,-1.0,-0.12722155964002013,-0.16403543949127197
2024_16_MIN_SEA,2024,REG,16,2024-12-22,Sunday,16:05,MIN,27.0,SEA,24.0,Home,-3.0,51.0,0.0,2024122210,59743.0,,202412220sea,,401671759,6683.0,6,7,-148.0,124.0,-2.5,-115.0,-105.0,43.0,-115.0,-105.0,0,outdoors,fieldturf,48.0,5.0,00-0034869,00-0030565,Sam Darnold,Geno Smith,Kevin O'Connell,Mike Macdonald,Craig Wrolstad,SEA00,Lumen Field,0.0,0.038035057,2.0,0.12473013,0.0,-2.0,0.038190927,6.411337,-0.04212835244834423,-0.08124514482915401,0.25,-0.06639328273013234,5.006644606590271,0.12473013,0.0,0.038035057,2.0,2.0,0.09505266,-1.7106134,0.12418483896180987,-0.02568600947415689,0.5,0.12389766238629818,4.463539242744446,-0.1663131914101541,-0.055559135354997125,-0.25,-0.19029094511643052,0.5431053638458252
2024_16_NE_BUF,2024,REG,16,2024-12-22,Sunday,16:25,NE,21.0,BUF,24.0,Home,3.0,45.0,0.0,2024122203,59736.0,,202412220buf,,401671494,6684.0,7,7,700.0,-1100.0,14.0,-110.0,-110.0,48.0,-110.0,-110.0,1,outdoors,a_turf,14.0,2.0,00-0039851,00-0034857,Drake Maye,Josh Allen,Jerod Mayo,Sean McDermott,Brad Allen,BUF00,New Era Field,1.0,0.073105,1.0,0.0345358,3.0,2.0,0.034190916,-4.0823064,0.23933834582567215,0.05777336470782757,1.25,0.34452375769615173,3.549294590950012,0.0345358,3.0,0.073105,1.0,-2.0,-0.025196044,7.8091063,-0.009932588320225477,0.13470075884833932,-0.75,0.0337007325142622,5.908020257949829,0.24927093414589763,-0.07692739414051175,2.0,0.31082302518188953,-2.358725666999817
2024_16_JAX_LV,2024,REG,16,2024-12-22,Sunday,16:25,JAX,14.0,LV,19.0,Home,5.0,33.0,0.0,2024122211,59744.0,,202412220rai,,401671673,6685.0,7,6,110.0,-130.0,2.5,-110.0,-110.0,41.5,-112.0,-108.0,0,dome,grass,,,00-0036972,00-0038579,Mac Jones,Aidan O'Connell,Doug Pederson,Antonio Pierce,Shawn Hochuli,VEG00,Allegiant Stadium,1.0,-0.13345468,0.0,-0.23020671,2.0,2.0,-0.072478935,-9.633496,-0.13972108531743288,-0.020672504790127277,-1.0,-0.13666115887463093,-3.699130743741989,-0.23020671,2.0,-0.13345468,0.0,-2.0,-0.21165922,-3.5573146,-0.01864245079923421,0.18269498087465763,-1.5,-0.03433419717475772,0.0784255862236023,-0.12107863451819867,-0.2033674856647849,0.5,-0.10232696169987321,-3.7775563299655914
2024_16_SF_MIA,2024,REG,16,2024-12-22,Sunday,16:25,SF,17.0,MIA,29.0,Home,12.0,46.0,0.0,2024122212,59745.0,,202412220mia,,401671874,6686.0,10,7,-125.0,105.0,-2.0,-108.0,-112.0,44.0,-108.0,-112.0,0,outdoors,grass,73.0,12.0,00-0037834,00-0036212,Brock Purdy,Tua Tagovailoa,Kyle Shanahan,Mike McDaniel,Scott Novak,MIA00,Hard Rock Stadium,1.0,0.19695935,0.0,0.009823877,1.0,1.0,0.1649427,0.8361083,0.04142956295982003,0.040659865364432335,-0.25,0.02564303297549486,3.5684583485126495,0.009823877,1.0,0.19695935,0.0,-1.0,0.06002082,-1.383752,-0.10161138325929642,0.04229866713285446,-1.75,-0.1364269219338894,-4.24924236536026,0.14304094621911645,-0.0016388017684221268,1.5,0.16206995490938425,7.8177007138729095
2024_16_TB_DAL,2024,REG,16,2024-12-22,Sunday,20:20,TB,24.0,DAL,26.0,Home,2.0,50.0,0.0,2024122213,59746.0,,202412220dal,,401671790,6687.0,7,7,-218.0,180.0,-4.5,-105.0,-115.0,47.5,-110.0,-110.0,0,closed,matrixturf,,,00-0034855,00-0033662,Baker Mayfield,Cooper Rush,Todd Bowles,Mike McCarthy,Land Clark,DAL00,AT&T Stadium,1.0,0.054327965,0.0,0.0259905,2.0,2.0,0.013397131,5.0495563,0.04576272610574961,-0.04356527142226696,2.0,-0.002341688144952059,-6.836818695068359,0.0259905,2.0,0.054327965,0.0,-2.0,0.08336109,3.1559083,0.11077546468004584,-0.15166255831718445,-0.5,0.14500695979222655,5.839628517627716,-0.06501273857429624,0.10809728689491749,2.5,-0.1473486479371786,-12.676447212696075
2024_16_NO_GB,2024,REG,16,2024-12-23,Monday,20:15,NO,0.0,GB,34.0,Home,34.0,34.0,0.0,2024122300,59747.0,,202412230gnb,,401671692,6688.0,8,8,625.0,-950.0,14.0,-105.0,-115.0,44.0,-110.0,-110.0,0,outdoors,grass,34.0,12.0,00-0038998,00-0036264,Jake Haener,Jordan Love,Dennis Allen,Matt LaFleur,Alex Kemp,GNB00,Lambeau Field,1.0,0.24933441,0.0,-0.2684879,2.0,2.0,0.26393583,-4.146426,0.1570333931595087,-0.07928198575973511,0.75,0.13387885875999928,5.149439334869385,-0.2684879,2.0,0.24933441,0.0,-2.0,-0.34946585,-14.122088,0.006413965253159404,-0.026135501451790333,-0.75,0.0212765634059906,-2.8675188198685646,0.1506194279063493,-0.053146484307944775,1.5,0.11260229535400867,8.01695815473795
2024_17_KC_PIT,2024,REG,17,2024-12-25,Wednesday,13:00,KC,29.0,PIT,10.0,Home,-19.0,39.0,0.0,2024122500,59748.0,,202412250pit,,401671799,6689.0,4,4,-162.0,136.0,-3.0,-105.0,-115.0,43.5,-110.0,-110.0,0,outdoors,grass,39.0,2.0,00-0033873,00-0029263,Patrick Mahomes,Russell Wilson,Andy Reid,Mike Tomlin,Craig Wrolstad,PIT00,Acrisure Stadium,0.0,-0.13001166,2.0,0.19159982,0.0,-2.0,-0.11093377,-2.499068,-0.0010659713298082352,0.04708608612418175,0.0,-0.07151793874800205,6.6845269203186035,0.19159982,0.0,-0.13001166,2.0,2.0,0.3150307,7.6871915,0.020767269656062126,-0.06373222265392542,1.75,0.011317601427435875,-3.419807992875576,-0.02183324098587036,0.11081830877810717,-1.75,-0.08283554017543793,10.10433491319418
2024_17_BAL_HOU,2024,REG,17,2024-12-25,Wednesday,16:30,BAL,31.0,HOU,2.0,Home,-29.0,33.0,0.0,2024122501,59749.0,,202412250htx,,401671800,6690.0,4,4,-245.0,200.0,-5.5,-108.0,-112.0,46.5,-112.0,-108.0,0,closed,astroturf,,,00-0034796,00-0039163,Lamar Jackson,C.J. Stroud,John Harbaugh,DeMeco Ryans,Alan Eck,HOU00,NRG Stadium,0.0,-0.2729719,1.0,0.2562036,0.0,-1.0,-0.41480404,-9.149919,-0.017160911113023758,-0.015442066476680338,0.25,-0.09406773000955582,-0.21814002096652985,0.2562036,0.0,-0.2729719,1.0,1.0,0.3110872,6.7832875,0.16505992785096169,0.002941143698990345,0.25,0.23619064604281448,9.577745988965034,-0.18222083896398544,-0.018383210175670683,0.0,-0.3302583760523703,-9.795886009931564
2024_17_SEA_CHI,2024,REG,17,2024-12-26,Thursday,20:15,SEA,6.0,CHI,3.0,Home,-3.0,9.0,0.0,2024122600,59750.0,,202412260chi,,401671876,6691.0,4,4,-192.0,160.0,-3.5,-118.0,-102.0,43.5,-112.0,-108.0,0,outdoors,grass,47.0,5.0,00-0030565,00-0039918,Geno Smith,Caleb Williams,Mike Macdonald,Matt Eberflus,Scott Novak,CHI98,Soldier Field,0.0,-0.15068077,1.0,-0.105811365,1.0,0.0,-0.208509,-4.9947324,-0.057586118462495506,0.17276328802108765,-0.25,-0.08999139233492315,-0.8248316049575806,-0.105811365,1.0,-0.15068077,1.0,0.0,-0.17081621,8.767971,-0.024153970181941986,-0.008873913437128067,-0.25,-0.04048021649941802,4.386552691459656,-0.03343214828055352,0.1816372014582157,0.0,-0.04951117583550513,-5.211384296417236
2024_17_LAC_NE,2024,REG,17,2024-12-28,Saturday,13:00,LAC,40.0,NE,7.0,Home,-33.0,47.0,0.0,2024122800,59753.0,,202412280nwe,,401671832,6692.0,9,6,-305.0,245.0,-6.0,-118.0,-102.0,42.0,-108.0,-112.0,0,outdoors,fieldturf,40.0,4.0,00-0036355,00-0039851,Justin Herbert,Drake Maye,Jim Harbaugh,Jerod Mayo,John Hussey,BOS00,Gillette Stadium,0.0,-0.2820613,1.0,0.24965343,0.0,-1.0,-0.55185014,-8.616064,-0.01867895433679223,0.10021020891144872,-0.75,0.0018858653493225574,5.627401232719421,0.24965343,0.0,-0.2820613,1.0,1.0,0.29110253,3.7412472,-0.017860472202301025,0.06575208529829979,0.5,-0.08761929534375668,4.3188140243291855,-0.0008184821344912052,0.03445812361314893,-1.25,0.08950516069307923,1.308587208390236
2024_17_DEN_CIN,2024,REG,17,2024-12-28,Saturday,16:30,DEN,24.0,CIN,30.0,Home,6.0,54.0,1.0,2024122801,59751.0,,202412280cin,,401671835,6693.0,9,6,145.0,-175.0,3.5,-115.0,-105.0,50.5,-110.0,-110.0,0,outdoors,fieldturf,60.0,8.0,00-0039732,00-0036442,Bo Nix,Joe Burrow,Sean Payton,Zac Taylor,Adrian Hill,CIN00,Paycor Stadium,1.0,0.11815226,1.0,0.116942525,1.0,0.0,0.14198117,14.496714,0.08834233321249485,-0.007778500206768513,0.5,0.11626564158359542,10.993577480316162,0.116942525,1.0,0.11815226,1.0,0.0,0.17167535,9.386815,0.031502021476626396,-0.06865785224363208,1.5,-0.0032346555963158607,-5.625613957643509,0.056840311735868454,0.060879352036863565,-1.0,0.11950029717991129,16.61919143795967
2024_17_ARI_LA,2024,REG,17,2024-12-28,Saturday,20:15,ARI,9.0,LA,13.0,Home,4.0,22.0,0.0,2024122802,59752.0,,202412280ram,,401671829,6694.0,6,6,270.0,-340.0,6.5,100.0,-120.0,48.0,-112.0,-108.0,1,dome,matrixturf,,,00-0035228,00-0026498,Kyler Murray,Matthew Stafford,Jonathan Gannon,Sean McVay,Brad Rogers,LAX01,SoFi Stadium,1.0,-0.043781012,0.0,-0.06281887,2.0,2.0,-0.030910853,-12.166041,0.09871964529156685,-0.005379835143685341,0.0,0.10605507157742977,-0.556482344865799,-0.06281887,2.0,-0.043781012,0.0,-2.0,-0.009136651,2.5806792,0.051966013852506876,0.07323245331645012,-1.0,0.07905542477965355,0.06425487995147705,0.04675363143905997,-0.07861228846013546,1.0,0.026999646797776222,-0.620737224817276
2024_17_NYJ_BUF,2024,REG,17,2024-12-29,Sunday,13:00,NYJ,14.0,BUF,40.0,Home,26.0,54.0,0.0,2024122905,59756.0,,202412290buf,,401671495,6695.0,7,7,390.0,-520.0,10.0,-105.0,-115.0,44.5,-112.0,-108.0,1,outdoors,a_turf,54.0,15.0,00-0023459,00-0034857,Aaron Rodgers,Josh Allen,Robert Saleh,Sean McDermott,Clete Blakeman,BUF00,New Era Field,1.0,0.1503067,0.0,-0.19190447,3.0,3.0,0.16659985,-2.714697,0.22282075695693493,0.055872988887131214,1.5,0.3268630411475897,1.4754854440689087,-0.19190447,3.0,0.1503067,0.0,-3.0,-0.20912927,2.5478885,0.0595875158905983,0.09894050471484661,0.75,0.08178628981113434,-3.6259738206863403,0.16323324106633663,-0.0430675158277154,0.75,0.24507675133645535,5.101459264755249
2024_17_TEN_JAX,2024,REG,17,2024-12-29,Sunday,13:00,TEN,13.0,JAX,20.0,Home,7.0,33.0,0.0,2024122906,59757.0,,202412290jax,,401671634,6696.0,7,7,-108.0,-112.0,-1.0,-105.0,-115.0,38.0,-110.0,-110.0,1,outdoors,grass,72.0,16.0,00-0034771,00-0036972,Mason Rudolph,Mac Jones,Brian Callahan,Doug Pederson,Shawn Smith,JAX00,TIAA Bank Stadium,1.0,0.13247249,0.0,0.015931804,1.0,1.0,0.15334083,2.142529,-0.027863084455020726,0.038296306505799294,-1.75,0.005673945415765047,0.1384403109550476,0.015931804,1.0,0.13247249,0.0,-1.0,0.037288122,-2.7635374,-0.05202481895685196,0.09203133638948202,-1.0,-0.07582618109881878,-3.4604122042655945,0.024161734501831234,-0.05373502988368273,-0.75,0.08150012651458383,3.598852515220642
2024_17_LV_NO,2024,REG,17,2024-12-29,Sunday,13:00,LV,25.0,NO,10.0,Home,-15.0,35.0,0.0,2024122908,59759.0,,202412290nor,,401671738,6697.0,7,6,-125.0,105.0,-2.0,-110.0,-110.0,37.5,-112.0,-108.0,0,dome,sportturf,,,00-0038579,00-0038998,Aidan O'Connell,Jake Haener,Antonio Pierce,Dennis Allen,Land Clark,NOR00,Mercedes-Benz Superdome,0.0,-0.24244383,2.0,0.050439812,0.0,-2.0,-0.28024948,-14.223869,-0.11462613684125245,0.05445207003504038,-0.75,-0.14391646534204483,-8.23624400049448,0.050439812,0.0,-0.24244383,2.0,2.0,0.10238877,-9.379271,-0.15180252213031054,-0.09945378173142672,0.0,-0.10176030360162258,-4.346710532903671,0.03717638528905809,0.1539058517664671,-0.75,-0.04215616174042225,-3.889533467590809
2024_17_IND_NYG,2024,REG,17,2024-12-29,Sunday,13:00,IND,33.0,NYG,45.0,Home,12.0,78.0,0.0,2024122903,59754.0,,202412290nyg,,401671846,6698.0,7,7,-410.0,320.0,-7.5,-112.0,-108.0,40.5,-112.0,-108.0,0,outdoors,fieldturf,54.0,0.0,00-0026158,00-0038476,Joe Flacco,Tommy DeVito,Shane Steichen,Brian Daboll,Bill Vinovich,NYC01,MetLife Stadium,1.0,0.25877276,0.0,0.07500063,3.0,3.0,0.37680358,10.6579275,-0.17729709297418594,0.04155098553746939,-1.0,-0.25472768768668175,-7.701949030160904,0.07500063,3.0,0.25877276,0.0,-3.0,0.04343918,7.6648335,-0.07502437755465508,0.014309963211417198,-0.25,-0.07147226482629776,-9.945185005664825,-0.10227271541953087,0.02724102232605219,-0.75,-0.183255422860384,2.2432359755039215
2024_17_DAL_PHI,2024,REG,17,2024-12-29,Sunday,13:00,DAL,7.0,PHI,41.0,Home,34.0,48.0,0.0,2024122910,59761.0,,202412290phi,,401671765,6699.0,7,7,260.0,-325.0,7.5,-112.0,-108.0,37.5,-108.0,-112.0,1,outdoors,grass,62.0,10.0,00-0033662,00-0036389,Cooper Rush,Jalen Hurts,Mike McCarthy,Nick Sirianni,Brad Allen,PHI00,Lincoln Financial Field,1.0,0.22368927,0.0,-0.2592269,4.0,4.0,0.27142537,10.48625,0.07593122404068708,-0.018459923448972404,1.25,0.10309555567800999,3.048509657382965,-0.2592269,4.0,0.22368927,0.0,-4.0,-0.3040438,-9.649372,0.05216250196099281,-0.020583985839039087,2.0,0.014815256465226412,-6.476658225059509,0.02376872207969427,0.0021240623900666833,-0.75,0.08828029921278358,9.525167882442474
2024_17_CAR_TB,2024,REG,17,2024-12-29,Sunday,13:00,CAR,14.0,TB,48.0,Home,34.0,62.0,0.0,2024122909,59760.0,,202412290tam,,401671653,6700.0,7,7,380.0,-500.0,9.5,-105.0,-115.0,47.5,-108.0,-112.0,1,outdoors,grass,76.0,8.0,00-0039150,00-0034855,Bryce Young,Baker Mayfield,Dave Canales,Todd Bowles,Clay Martin,TAM00,Raymond James Stadium,1.0,0.3195163,0.0,-0.13045561,0.0,0.0,0.4543896,20.159546,0.06442305166274309,-0.0930984877049923,-1.0,0.10023798560723662,3.4776530265808105,-0.13045561,0.0,0.3195163,0.0,0.0,-0.102824785,9.889973,0.00275743764359504,0.0785408173687756,-0.25,-0.015334158902987838,1.7411976605653763,0.06166561401914805,-0.1716393050737679,-0.75,0.11557214451022446,1.7364553660154343
2024_17_MIA_CLE,2024,REG,17,2024-12-29,Sunday,16:05,MIA,20.0,CLE,3.0,Home,-17.0,23.0,0.0,2024122911,59762.0,,202412290cle,,401671877,6701.0,7,7,-170.0,142.0,-3.0,-115.0,-105.0,32.5,-112.0,-108.0,0,outdoors,grass,54.0,15.0,00-0035993,00-0031503,Tyler Huntley,Jameis Winston,Mike McDaniel,Kevin Stefanski,Ron Torbert,CLE00,FirstEnergy Stadium,0.0,-0.2880289,2.0,-0.07739308,0.0,-2.0,-0.36496925,-14.867152,-0.1891016918234527,0.0038777384907007217,-1.75,-0.2564940005540848,-2.8235614374279976,-0.07739308,0.0,-0.2880289,2.0,2.0,-0.09800093,22.363007,0.08297305926680565,0.0942737041041255,-0.25,0.06633630394935608,2.916720449924469,-0.27207475109025836,-0.09039596561342478,-1.5,-0.32283030450344086,-5.740281887352467
2024_17_GB_MIN,2024,REG,17,2024-12-29,Sunday,16:25,GB,25.0,MIN,27.0,Home,2.0,52.0,0.0,2024122907,59758.0,,202412290min,,401671725,6702.0,6,7,-112.0,-108.0,-1.0,-105.0,-115.0,49.0,-110.0,-110.0,1,dome,sportturf,,,00-0036264,00-0034869,Jordan Love,Sam Darnold,Matt LaFleur,Kevin O'Connell,Carl Cheffers,MIN01,U.S. Bank Stadium,1.0,-0.026963156,1.0,-0.033456177,1.0,0.0,0.09248546,8.48577,0.12012468790635467,-0.027314931772707496,1.5,0.12975375726819038,2.232142299413681,-0.033456177,1.0,-0.026963156,1.0,0.0,-0.02951518,1.7526492,0.18280227296054363,-0.07659872621297836,0.5,0.16856230981647968,4.673190355300903,-0.06267758505418897,0.04928379444027087,1.0,-0.0388085525482893,-2.4410480558872223
2024_17_ATL_WAS,2024,REG,17,2024-12-29,Sunday,20:20,ATL,24.0,WAS,30.0,Home,6.0,54.0,1.0,2024122904,59755.0,,202412290was,,401671842,6703.0,7,7,160.0,-192.0,3.5,-115.0,-105.0,46.5,-110.0,-110.0,0,outdoors,grass,58.0,10.0,00-0039917,00-0039910,Michael Penix Jr.,Jayden Daniels,Raheem Morris,Dan Quinn,Alex Kemp,WAS00,FedExField,1.0,0.13120788,1.0,0.10001211,1.0,0.0,0.22150348,-0.32105702,0.045515249483287334,-0.0004850293044000864,-0.75,0.06709102122113109,6.717773914337158,0.10001211,1.0,0.13120788,1.0,0.0,0.06587515,-4.8336687,-0.07448229674628237,-0.1202908605337143,-0.5,-0.06696413271129131,-4.573806405067444,0.11999754622956971,0.11980583122931421,-0.25,0.1340551539324224,11.291580319404602
2024_17_DET_SF,2024,REG,17,2024-12-30,Monday,20:15,DET,40.0,SF,34.0,Home,-6.0,74.0,0.0,2024123000,59763.0,,202412300sfo,,401671698,6704.0,8,8,-230.0,190.0,-4.0,-112.0,-108.0,50.5,-110.0,-110.0,0,outdoors,grass,,,00-0033106,00-0037834,Jared Goff,Brock Purdy,Dan Campbell,Kyle Shanahan,Shawn Hochuli,SFO01,Levi's Stadium,0.0,0.2017392,2.0,0.33922035,0.0,-2.0,0.34407547,18.043425,-0.029350179247558117,0.0549737811088562,-1.25,-0.016255415976047516,-3.6263950169086456,0.33922035,0.0,0.2017392,2.0,2.0,0.3857043,11.946851,0.14936888590455055,0.12244284723419696,0.0,0.17905897740274668,0.8797928094863892,-0.17871906515210867,-0.06746906612534076,-1.25,-0.1953143933787942,-4.506187826395035
2024_18_CLE_BAL,2024,REG,18,2025-01-04,Saturday,16:30,CLE,10.0,BAL,35.0,Home,25.0,45.0,0.0,2025010400,59766.0,,202501040rav,,401671834,6705.0,6,10,1200.0,-2400.0,19.5,-105.0,-115.0,42.5,-108.0,-112.0,1,outdoors,grass,31.0,16.0,00-0038108,00-0034796,Bailey Zappe,Lamar Jackson,Kevin Stefanski,John Harbaugh,Scott Novak,BAL00,M&T Bank Stadium,1.0,0.093143955,0.0,-0.25537533,2.0,2.0,0.15761477,-7.9754767,0.17114604264497757,-0.08691129554063082,0.5,0.23267216150998138,8.613010600209236,-0.25537533,2.0,0.093143955,0.0,-2.0,-0.45329058,-12.1226635,-0.25622641295194626,-0.03780721686780453,-2.0,-0.33244412392377853,-5.709449656307697,0.42737245559692383,-0.04910407867282629,2.5,0.5651162854337599,14.322460256516933
2024_18_CIN_PIT,2024,REG,18,2025-01-04,Saturday,20:00,CIN,19.0,PIT,17.0,Home,-2.0,36.0,0.0,2025010401,59777.0,,202501040pit,,401671836,6706.0,7,10,-148.0,124.0,-2.5,-118.0,-102.0,48.5,-112.0,-108.0,1,outdoors,grass,19.0,10.0,00-0036442,00-0029263,Joe Burrow,Russell Wilson,Zac Taylor,Mike Tomlin,John Hussey,PIT00,Acrisure Stadium,0.0,-0.002687775,1.0,0.058444217,2.0,1.0,-0.17476171,-9.402608,-0.08166374824941158,0.0728004090487957,-1.0,-0.16828462481498718,2.9838691353797913,0.058444217,2.0,-0.002687775,1.0,-1.0,-0.028872095,8.2024765,0.0956947673112154,-0.026637730188667774,1.0,0.1518841702491045,12.234066486358643,-0.17735851556062698,0.09943813923746347,-2.0,-0.3201687950640917,-9.250197350978851
2024_18_CAR_ATL,2024,REG,18,2025-01-05,Sunday,13:00,CAR,44.0,ATL,38.0,Home,-6.0,82.0,1.0,2025010501,59765.0,,202501050atl,,401671827,6707.0,7,7,300.0,-380.0,7.5,-105.0,-115.0,48.5,-108.0,-112.0,1,closed,fieldturf,,,00-0039150,00-0039917,Bryce Young,Michael Penix Jr.,Dave Canales,Raheem Morris,Land Clark,ATL97,Mercedes-Benz Stadium,0.0,0.19852114,1.0,0.33023834,0.0,-1.0,0.29230842,-6.810511,-0.00752535570791224,-0.051576800644397736,0.25,0.008947324007749557,-4.388707995414734,0.33023834,0.0,0.19852114,1.0,1.0,0.41231427,7.0718617,-0.01097617659252137,0.16497118398547173,-0.5,-0.041562965139746666,3.4582433253526688,0.0034508208846091293,-0.21654798462986946,0.75,0.05051028914749622,-7.846951320767403
2024_18_WAS_DAL,2024,REG,18,2025-01-05,Sunday,13:00,WAS,23.0,DAL,19.0,Home,-4.0,42.0,0.0,2025010503,59767.0,,202501050dal,,401671840,6708.0,7,7,-310.0,250.0,-7.0,-108.0,-112.0,43.5,-118.0,-102.0,1,closed,matrixturf,,,00-0039910,00-0037012,Jayden Daniels,Trey Lance,Dan Quinn,Mike McCarthy,Clete Blakeman,DAL00,AT&T Stadium,0.0,0.042422965,1.0,0.10248811,0.0,-1.0,-0.043752987,-8.694464,0.001716851256787777,0.0712204179726541,0.5,-0.025832946877926588,-6.149805188179016,0.10248811,0.0,0.042422965,1.0,1.0,0.08709049,4.9348483,0.09480088111013174,0.01733578252606094,-0.25,0.1297665387392044,4.938936665654182,-0.09308402985334396,0.053884635446593165,0.75,-0.155599485617131,-11.088741853833199
2024_18_CHI_GB,2024,REG,18,2025-01-05,Sunday,13:00,CHI,24.0,GB,22.0,Home,-2.0,46.0,0.0,2025010506,59770.0,,202501050gnb,,401671844,6709.0,10,7,320.0,-410.0,10.0,-115.0,-105.0,41.5,-108.0,-112.0,1,outdoors,grass,16.0,13.0,00-0039918,00-0036264,Caleb Williams,Jordan Love,Matt Eberflus,Matt LaFleur,Clay Martin,GNB00,Lambeau Field,0.0,-0.16949943,2.0,-0.13015957,2.0,0.0,-0.105874114,0.41798317,0.10486339591443539,-0.10294429864734411,0.75,0.10843248758465052,3.349273532629013,-0.13015957,2.0,-0.16949943,2.0,0.0,-0.17034982,11.139384,-0.09855968633200973,0.13181147538125515,-0.5,-0.13980605197139084,0.011397123336791992,0.20342308224644512,-0.23475577402859926,1.25,0.24823853955604136,3.337876409292221
2024_18_JAX_IND,2024,REG,18,2025-01-05,Sunday,13:00,JAX,23.0,IND,26.0,Home,3.0,49.0,1.0,2025010507,59771.0,,202501050clt,,401671837,6710.0,7,7,150.0,-180.0,3.5,-110.0,-110.0,45.5,-105.0,-110.0,1,closed,fieldturf,,,00-0036972,00-0026158,Mac Jones,Joe Flacco,Doug Pederson,Shane Steichen,Alex Kemp,IND00,Lucas Oil Stadium,1.0,0.048284963,0.0,0.056269385,1.0,1.0,0.01151092,-7.8718166,-0.013107020407915115,0.05063697695732117,-1.0,-0.02498745545744896,-4.419030129909515,0.056269385,1.0,0.048284963,0.0,-1.0,0.030341791,-2.7245831,0.0034461738541722298,0.02043148223310709,-1.25,0.023004176560789347,2.0385201573371887,-0.016553194262087345,0.030205494724214077,0.25,-0.047991632018238306,-6.457550287246704
2024_18_BUF_NE,2024,REG,18,2025-01-05,Sunday,13:00,BUF,16.0,NE,23.0,Home,7.0,39.0,0.0,2025010510,59774.0,,202501050nwe,,401671831,6711.0,7,8,-166.0,140.0,-3.0,-112.0,-108.0,36.5,-108.0,-112.0,1,outdoors,fieldturf,33.0,14.0,00-0033869,00-0039398,Mitchell Trubisky,Joe Milton III,Sean McDermott,Jerod Mayo,Alan Eck,BOS00,Gillette Stadium,1.0,0.0035138945,1.0,-0.085824735,0.0,-1.0,0.033465397,13.7107115,-0.038036412093788385,0.1549272257834673,-0.75,-0.08689381508156657,5.419523358345032,-0.085824735,0.0,0.0035138945,1.0,1.0,-0.06714683,-9.169398,0.2241342719644308,0.07176040951162577,1.5,0.28206207789480686,-1.7858346700668335,-0.2621706840582192,0.08316681627184153,-2.25,-0.36895589297637343,7.205358028411865
2024_18_NYG_PHI,2024,REG,18,2025-01-05,Sunday,13:00,NYG,13.0,PHI,20.0,Home,7.0,33.0,0.0,2025010512,59776.0,,202501050phi,,401671841,6712.0,7,7,130.0,-155.0,3.0,-110.0,-110.0,36.5,-118.0,-102.0,1,outdoors,grass,31.0,19.0,00-0035704,00-0038400,Drew Lock,Tanner McKee,Brian Daboll,Nick Sirianni,Ron Torbert,PHI00,Lincoln Financial Field,1.0,-0.0045323544,0.0,-0.08309204,1.0,1.0,-0.040409166,-2.228363,0.12036612257361412,-0.07077834371011704,2.25,0.1596866538748145,6.216041624546051,-0.08309204,1.0,-0.0045323544,0.0,-1.0,-0.118744105,4.48621,-0.07672181725502014,0.07466221414506435,0.25,-0.10341056436300278,-4.777359426021576,0.19708793982863426,-0.1454405578551814,2.0,0.2630972182378173,10.993401050567627
2024_18_NO_TB,2024,REG,18,2025-01-05,Sunday,13:00,NO,19.0,TB,27.0,Home,8.0,46.0,0.0,2025010514,59778.0,,202501050tam,,401671828,6713.0,7,7,675.0,-1050.0,14.5,-102.0,-118.0,44.5,-112.0,-108.0,1,outdoors,grass,68.0,6.0,00-0039376,00-0034855,Spencer Rattler,Baker Mayfield,Dennis Allen,Todd Bowles,Adrian Hill,TAM00,Raymond James Stadium,1.0,0.13252142,1.0,0.05330725,0.0,-1.0,0.22456962,2.9448016,0.1508534182794392,-0.1068321019411087,-0.75,0.22156080976128578,8.977811455726624,0.05330725,0.0,0.13252142,1.0,1.0,0.0020943673,1.911251,-0.16877438430674374,0.03755238372832537,-1.25,-0.19979464635252953,-11.185901559889317,0.31962780258618295,-0.14438448566943407,0.5,0.4213554561138153,20.16371301561594
2024_18_HOU_TEN,2024,REG,18,2025-01-05,Sunday,13:00,HOU,23.0,TEN,14.0,Home,-9.0,37.0,0.0,2025010515,59779.0,,202501050oti,,401671826,6714.0,11,7,120.0,-142.0,2.5,-108.0,-112.0,36.5,-108.0,-112.0,1,outdoors,grass,35.0,10.0,00-0036898,00-0034771,Davis Mills,Mason Rudolph,DeMeco Ryans,Brian Callahan,Brad Allen,NAS00,Nissan Stadium,0.0,-0.100624084,1.0,0.052320562,1.0,0.0,-0.18464129,-1.6049749,-0.016355379484593868,0.08738264720886946,-1.0,-0.04111667163670063,-1.6092767119407654,0.052320562,1.0,-0.100624084,1.0,0.0,0.06263372,-3.8664567,-0.06045189127326012,0.050094202044419944,0.25,-0.14102039858698845,-1.3320359140634537,0.04409651178866625,0.03728844516444951,-1.25,0.09990372695028782,-0.2772407978773117
2024_18_SF_ARI,2024,REG,18,2025-01-05,Sunday,16:25,SF,24.0,ARI,47.0,Home,23.0,71.0,0.0,2025010500,59764.0,,202501050crd,,401671845,6715.0,6,8,160.0,-192.0,4.5,-110.0,-110.0,42.5,-110.0,-110.0,1,closed,grass,,,00-0033949,00-0035228,Joshua Dobbs,Kyler Murray,Kyle Shanahan,Jonathan Gannon,Shawn Smith,PHO00,State Farm Stadium,1.0,0.24702112,0.0,-0.0438598,3.0,3.0,0.2485929,8.872442,0.030344730243086815,0.058462847489863634,-1.25,0.06763679813593626,0.24029064178466797,-0.0438598,3.0,0.24702112,0.0,-3.0,0.009232501,-0.3269558,0.08494816068559885,0.10351570695638657,-1.0,0.13154098764061928,2.91444393992424,-0.054603430442512035,-0.04505285946652293,-0.25,-0.06390418950468302,-2.674153298139572
2024_18_KC_DEN,2024,REG,18,2025-01-05,Sunday,16:25,KC,0.0,DEN,38.0,Home,38.0,38.0,0.0,2025010504,59768.0,,202501050den,,401671838,6716.0,11,8,370.0,-485.0,10.5,-115.0,-105.0,40.5,-115.0,-105.0,1,outdoors,grass,28.0,5.0,00-0032950,00-0039732,Carson Wentz,Bo Nix,Andy Reid,Sean Payton,Shawn Hochuli,DEN00,Empower Field at Mile High,1.0,0.3148763,0.0,-0.31023565,0.0,0.0,0.41059873,19.026314,0.03950805403292179,-0.0178375537507236,1.0,0.02992931567132473,-1.4459518492221832,-0.31023565,0.0,0.3148763,0.0,0.0,-0.44891456,-5.398769,0.07707245647907257,-0.08219843357801437,2.0,0.10085181891918182,0.35343746095895767,-0.03756440244615078,0.06436087982729077,-1.0,-0.0709225032478571,-1.799389310181141
2024_18_SEA_LA,2024,REG,18,2025-01-05,Sunday,16:25,SEA,30.0,LA,25.0,Home,-5.0,55.0,0.0,2025010508,59772.0,,202501050ram,,401671830,6717.0,10,8,-360.0,285.0,-7.5,-110.0,-110.0,38.5,-112.0,-108.0,1,dome,matrixturf,,,00-0030565,00-0031345,Geno Smith,Jimmy Garoppolo,Mike Macdonald,Sean McVay,Bill Vinovich,LAX01,SoFi Stadium,0.0,0.094264135,1.0,0.18934363,0.0,-1.0,0.024095882,-3.0714815,0.058264752849936485,-0.01462184265255928,0.5,0.0666316831484437,-2.6227544844150543,0.18934363,0.0,0.094264135,1.0,1.0,0.24005318,6.426792,-0.04194725677371025,-0.013099215924739838,-0.25,-0.07919316831976175,5.792557060718536,0.10021200962364674,-0.0015226267278194427,0.75,0.14582485146820545,-8.41531154513359
2024_18_LAC_LV,2024,REG,18,2025-01-05,Sunday,16:25,LAC,34.0,LV,20.0,Home,-14.0,54.0,0.0,2025010509,59773.0,,202501050rai,,401671839,6718.0,8,7,-345.0,275.0,-7.0,-118.0,-102.0,42.5,-112.0,-108.0,1,dome,grass,,,00-0036355,00-0038579,Justin Herbert,Aidan O'Connell,Jim Harbaugh,Antonio Pierce,Carl Cheffers,VEG00,Allegiant Stadium,0.0,0.008773476,1.0,0.21253052,0.0,-1.0,-0.10243118,4.7255645,-0.1251558642834425,-0.15165950637310743,0.75,-0.09577001258730888,-6.28867506980896,0.21253052,0.0,0.008773476,1.0,1.0,0.28720596,10.005144,0.08046497404575348,0.037190672010183334,0.0,0.056717829778790474,4.823559746146202,-0.20562083832919598,-0.18885017838329077,0.75,-0.15248784236609936,-11.112234815955162
2024_18_MIA_NYJ,2024,REG,18,2025-01-05,Sunday,16:25,MIA,20.0,NYJ,32.0,Home,12.0,52.0,0.0,2025010511,59775.0,,202501050nyj,,401671833,6719.0,7,7,102.0,-122.0,1.5,-110.0,-110.0,39.5,-112.0,-108.0,1,outdoors,fieldturf,34.0,10.0,00-0036212,00-0023459,Tua Tagovailoa,Aaron Rodgers,Mike McDaniel,Robert Saleh,Tra Blake,NYC01,MetLife Stadium,1.0,0.069054894,1.0,-0.06730792,4.0,3.0,0.060140062,-2.9586236,0.045056287199258804,0.1451767347753048,0.0,0.09704405814409256,-0.4389025568962097,-0.06730792,4.0,0.069054894,1.0,-3.0,-0.128101,4.805256,0.04402000643312931,-0.047308352775871754,0.0,0.020591046661138535,6.416724741458893,0.0010362807661294937,0.19248508755117655,0.0,0.07645301148295403,-6.8556272983551025
2024_18_MIN_DET,2024,REG,18,2025-01-05,Sunday,20:20,MIN,9.0,DET,31.0,Home,22.0,40.0,0.0,2025010505,59769.0,,202501050det,,401671843,6720.0,7,6,124.0,-148.0,3.0,-118.0,-102.0,56.5,-102.0,-118.0,1,dome,fieldturf,,,00-0034869,00-0033106,Sam Darnold,Jared Goff,Kevin O'Connell,Dan Campbell,Brad Rogers,DET00,Ford Field,1.0,0.03594703,2.0,-0.24973822,0.0,-2.0,0.014813954,10.007852,0.219675000756979,0.16957427246961743,0.75,0.25699678901582956,4.52293062210083,-0.24973822,0.0,0.03594703,2.0,2.0,-0.3381884,-17.65385,0.10955954622477293,-0.04159554202487925,1.25,0.16933172196149826,3.8883499801158905,0.11011545453220606,0.21116981449449668,-0.5,0.0876650670543313,0.6345806419849396
2025_01_DAL_PHI,2025,REG,1,2025-09-04,Thursday,20:20,DAL,20.0,PHI,24.0,Home,4.0,44.0,0.0,2025090400,59843.0,,202509040phi,28418.0,401772510,6734.0,7,7,330.0,-425.0,8.5,-110.0,-110.0,47.5,-110.0,-110.0,1,outdoors,grass,75.0,11.0,00-0033077,00-0036389,Dak Prescott,Jalen Hurts,Brian Schottenheimer,Nick Sirianni,Shawn Smith,PHI00,Lincoln Financial Field,1.0,0.17109823,0.0,0.13882451,1.0,1.0,0.16045016,21.806309,0.11000844219233841,-0.0912337675690651,2.25,0.1139893364161253,4.4675018191337585,0.13882451,1.0,0.17109823,0.0,-1.0,0.035278115,0.17288138,0.005319226533174515,0.06556871486827731,0.0,-0.03265032917261124,-4.336090922355652,0.10468921565916389,-0.1568024824373424,2.25,0.14663966558873653,8.80359274148941
2025_01_KC_LAC,2025,REG,1,2025-09-05,Friday,20:00,KC,21.0,LAC,27.0,Neutral,6.0,48.0,0.0,2025090500,59844.0,,202509050sdg,28419.0,401772714,6735.0,7,7,-175.0,145.0,-3.0,-120.0,100.0,47.5,-110.0,-110.0,1,dome,,,,00-0033873,00-0036355,Patrick Mahomes,Justin Herbert,Andy Reid,Jim Harbaugh,Carl Cheffers,LAX01,SoFi Stadium,1.0,0.21371368,0.0,0.13125317,0.0,0.0,0.32007208,5.788769,0.11326082423329353,0.016752447932958603,0.25,0.10682595893740654,5.206995949149132,0.13125317,0.0,0.21371368,0.0,0.0,0.2152383,-5.9927764,-0.023118048906326294,-0.023816142231225967,2.0,-0.015503043308854103,-1.026690512895584,0.13637887313961983,0.04056859016418457,-1.75,0.12232900224626064,6.233686462044716
2025_01_TB_ATL,2025,REG,1,2025-09-07,Sunday,13:00,TB,23.0,ATL,20.0,Home,-3.0,43.0,0.0,2025090700,59845.0,,202509070atl,28420.0,401772830,6736.0,7,7,-115.0,-105.0,-1.5,-102.0,-118.0,47.5,-105.0,-115.0,1,closed,fieldturf,,,00-0034855,00-0039917,Baker Mayfield,Michael Penix,Todd Bowles,Raheem Morris,Land Clark,ATL97,Mercedes-Benz Stadium,0.0,0.010881628,0.0,0.07608795,0.0,0.0,0.055108596,-5.938342,0.041999341920018196,-0.04251463711261749,0.75,0.05704895593225956,-4.327191114425659,0.07608795,0.0,0.010881628,0.0,0.0,0.11404062,-10.401313,0.16846982715651393,-0.06099427863955498,-0.75,0.2466832809150219,10.287825584411621,-0.12647048523649573,0.018479641526937485,1.5,-0.18963432498276234,-14.61501669883728
2025_01_CIN_CLE,2025,REG,1,2025-09-07,Sunday,13:00,CIN,17.0,CLE,16.0,Home,-1.0,33.0,0.0,2025090701,59846.0,,202509070cle,28421.0,401772829,6737.0,7,7,-238.0,195.0,-5.5,-105.0,-115.0,47.5,100.0,-120.0,1,outdoors,grass,63.0,10.0,00-0036442,00-0026158,Joe Burrow,Joe Flacco,Zac Taylor,Kevin Stefanski,Adrian Hill,CLE00,FirstEnergy Stadium,0.0,-0.088101394,2.0,-0.06649989,0.0,-2.0,-0.05120214,2.3742635,-0.27476394549012184,-0.007363492622971535,-2.5,-0.4052146151661873,-8.843145191669464,-0.06649989,0.0,-0.088101394,2.0,2.0,-0.10886815,-1.9334075,0.07903209142386913,-0.034313039970584214,1.0,0.10551603883504868,12.282766342163086,-0.353796036913991,0.02694954734761268,-3.5,-0.510730654001236,-21.12591153383255
2025_01_MIA_IND,2025,REG,1,2025-09-07,Sunday,13:00,MIA,8.0,IND,33.0,Home,25.0,41.0,0.0,2025090702,59847.0,,202509070clt,28422.0,401772719,6738.0,7,7,-108.0,-112.0,1.5,-118.0,-102.0,47.5,-120.0,100.0,0,closed,fieldturf,,,00-0036212,00-0035710,Tua Tagovailoa,Daniel Jones,Mike McDaniel,Shane Steichen,Brad Allen,IND00,Lucas Oil Stadium,1.0,0.25138664,0.0,-0.15893364,3.0,3.0,0.26456824,5.3883424,-0.030452504754066467,0.04254229925572872,-0.5,-0.04471770767122507,-5.68017578125,-0.15893364,3.0,0.25138664,0.0,-3.0,-0.25682408,-6.799555,-0.02908359281718731,-0.08063343819230795,-0.75,-0.06946317479014397,6.788711905479431,-0.001368911936879158,0.12317573744803667,0.25,0.024745467118918896,-12.468887686729431
2025_01_CAR_JAX,2025,REG,1,2025-09-07,Sunday,13:00,CAR,10.0,JAX,26.0,Home,16.0,36.0,0.0,2025090703,59848.0,,202509070jax,28423.0,401772828,6739.0,7,7,170.0,-205.0,4.5,-110.0,-110.0,45.5,-108.0,-112.0,0,outdoors,grass,85.0,3.0,00-0039150,00-0036971,Bryce Young,Trevor Lawrence,Dave Canales,Liam Coen,Alex Moore,JAX00,TIAA Bank Stadium,1.0,0.11752987,1.0,-0.108387545,3.0,2.0,0.152458,-4.0540624,0.023814694955945015,0.05651336256414652,-1.0,0.022888379637151957,-0.592873752117157,-0.108387545,3.0,0.11752987,1.0,-2.0,-0.25637972,-12.371583,0.0719009954482317,0.2053768765181303,0.0,0.056754862889647484,5.830123201012611,-0.04808630049228668,-0.14886351395398378,-1.0,-0.03386648325249553,-6.422996953129768
2025_01_LV_NE,2025,REG,1,2025-09-07,Sunday,13:00,LV,20.0,NE,13.0,Home,-7.0,33.0,0.0,2025090704,59849.0,,202509070nwe,28424.0,401772720,6740.0,7,7,130.0,-155.0,2.5,100.0,-120.0,44.5,-115.0,-105.0,0,outdoors,fieldturf,62.0,4.0,00-0030565,00-0039851,Geno Smith,Drake Maye,Pete Carroll,Mike Vrabel,Ron Torbert,BOS00,Gillette Stadium,0.0,-0.049470916,1.0,0.08168634,1.0,0.0,-0.066075765,2.3884444,-0.05931996239814907,0.10405431687831879,-1.25,-0.12473953934386373,6.236681342124939,0.08168634,1.0,-0.049470916,1.0,0.0,0.11466683,9.620191,-0.09045148454606533,-0.11404082179069519,0.25,-0.08431795611977577,-4.282214283943176,0.031131522147916257,0.21809513866901398,-1.5,-0.040421583224087954,10.518895626068115
2025_01_ARI_NO,2025,REG,1,2025-09-07,Sunday,13:00,ARI,20.0,NO,13.0,Home,-7.0,33.0,0.0,2025090705,59850.0,,202509070nor,28425.0,401772718,6741.0,7,7,-270.0,220.0,-6.0,-108.0,-112.0,44.5,-112.0,-108.0,0,dome,sportturf,,,00-0035228,00-0039376,Kyler Murray,Spencer Rattler,Jonathan Gannon,Kellen Moore,Scott Novak,NOR00,Mercedes-Benz Superdome,0.0,-0.090947315,0.0,0.016025031,0.0,0.0,-0.041653983,-4.958503,-0.11731310863979161,0.11658680159598589,-1.0,-0.17877792712533846,-10.585224896669388,0.016025031,0.0,-0.090947315,0.0,0.0,0.043989167,-1.7338109,0.12080075778067112,0.024201306980103254,0.0,0.14659904967993498,4.2523216009140015,-0.23811386642046273,0.09238549461588264,-1.0,-0.32537697680527344,-14.83754649758339
2025_01_PIT_NYJ,2025,REG,1,2025-09-07,Sunday,13:00,PIT,34.0,NYJ,32.0,Home,-2.0,66.0,0.0,2025090706,59851.0,,202509070nyj,28426.0,401772721,6742.0,7,7,-155.0,130.0,-3.0,-110.0,-110.0,37.5,-108.0,-112.0,0,outdoors,fieldturf,67.0,3.0,00-0023459,00-0036945,Aaron Rodgers,Justin Fields,Mike Tomlin,Aaron Glenn,Bill Vinovich,NYC01,MetLife Stadium,0.0,0.15785076,1.0,0.20862925,0.0,-1.0,0.21197511,10.396403,0.011731201782822609,0.07207313552498817,0.75,0.05396540183573961,-1.735885202884674,0.20862925,0.0,0.15785076,1.0,1.0,0.17033562,6.350381,-0.07517795648891479,0.13271776214241982,-0.75,-0.18561832793056965,1.055431991815567,0.0869091582717374,-0.06064462661743164,1.5,0.23958372976630926,-2.791317194700241
2025_01_NYG_WAS,2025,REG,1,2025-09-07,Sunday,13:00,NYG,6.0,WAS,21.0,Home,15.0,27.0,0.0,2025090707,59852.0,,202509070was,28427.0,401772827,6743.0,7,7,240.0,-298.0,6.0,-108.0,-112.0,45.5,-110.0,-110.0,1,outdoors,grass,68.0,5.0,00-0029263,00-0039910,Russell Wilson,Jayden Daniels,Brian Daboll,Dan Quinn,Clay Martin,WAS00,FedExField,1.0,0.07223995,0.0,-0.11321851,0.0,0.0,0.18565549,-1.2890843,0.08265609759837389,0.05962801235727966,-0.25,0.07846055179834366,3.4429384022951126,-0.11321851,0.0,0.07223995,0.0,0.0,-0.24112421,-13.457901,-0.05159076489508152,0.11166358867194504,0.0,-0.09981885924935341,0.8778305649757385,0.1342468624934554,-0.05203557631466538,-0.25,0.17827941104769707,2.565107837319374
2025_01_TEN_DEN,2025,REG,1,2025-09-07,Sunday,16:05,TEN,12.0,DEN,20.0,Home,8.0,32.0,0.0,2025090708,59853.0,,202509070den,28428.0,401772832,6744.0,7,7,350.0,-455.0,8.5,-105.0,-115.0,42.5,-108.0,-112.0,0,outdoors,grass,84.0,6.0,00-0040676,00-0039732,Cam Ward,Bo Nix,Brian Callahan,Sean Payton,Alex Kemp,DEN00,Empower Field at Mile High,1.0,-0.1095381,3.0,-0.2187039,3.0,0.0,-0.14790463,-1.6720024,0.09589044004678726,-0.09051396325230598,0.75,0.11534873023629189,4.4246693551540375,-0.2187039,3.0,-0.1095381,3.0,0.0,-0.41029462,-12.597032,-0.017500760965049267,0.10676396265625954,-1.5,-0.04762094281613827,0.28379252552986145,0.11339120101183653,-0.19727792590856552,2.25,0.16296967305243015,4.140876829624176
2025_01_SF_SEA,2025,REG,1,2025-09-07,Sunday,16:05,SF,17.0,SEA,13.0,Home,-4.0,30.0,0.0,2025090709,59854.0,,202509070sea,28429.0,401772831,6745.0,7,7,-135.0,114.0,-2.5,-105.0,-115.0,43.5,-112.0,-108.0,1,outdoors,fieldturf,67.0,6.0,00-0037834,00-0034869,Brock Purdy,Sam Darnold,Kyle Shanahan,Mike Macdonald,Shawn Hochuli,SEA00,Lumen Field,0.0,-0.08217626,2.0,0.011684797,2.0,0.0,-0.26539117,7.3396482,-0.017907939851284027,0.03916756436228752,-0.5,-0.0579947242513299,4.784789144992828,0.011684797,2.0,-0.08217626,2.0,0.0,0.112443484,15.341459,-0.002741347998380661,0.1824973989278078,-1.75,0.03209727117791772,-0.9109661877155304,-0.015166591852903366,-0.1433298345655203,1.25,-0.09009199542924762,5.695755332708359
2025_01_DET_GB,2025,REG,1,2025-09-07,Sunday,16:25,DET,13.0,GB,27.0,Home,14.0,40.0,0.0,2025090710,59855.0,,202509070gnb,28430.0,401772722,6746.0,7,7,100.0,-120.0,1.5,-115.0,-105.0,48.5,-115.0,-105.0,1,outdoors,grass,60.0,5.0,00-0033106,00-0036264,Jared Goff,Jordan Love,Dan Campbell,Matt LaFleur,Clete Blakeman,GNB00,Lambeau Field,1.0,0.18478708,0.0,-0.053930346,1.0,1.0,0.19962788,13.07494,0.03368389047682285,-0.15470242779701948,0.75,0.04899438004940748,2.839219570159912,-0.053930346,1.0,0.18478708,0.0,-1.0,-0.062277794,11.339419,0.2094435216858983,0.07833506970200688,0.25,0.24537673452869058,5.652673840522766,-0.17575963120907545,-0.23303749749902636,0.5,-0.1963823544792831,-2.813454270362854
2025_01_HOU_LA,2025,REG,1,2025-09-07,Sunday,16:25,HOU,9.0,LA,14.0,Home,5.0,23.0,0.0,2025090711,59856.0,,202509070ram,28431.0,401772723,6747.0,7,7,140.0,-166.0,3.5,-118.0,-102.0,43.5,-115.0,-105.0,0,dome,matrixturf,,,00-0039163,00-0026498,C.J. Stroud,Matthew Stafford,DeMeco Ryans,Sean McVay,Craig Wrolstad,LAX01,SoFi Stadium,1.0,-0.07460019,1.0,-0.12130735,2.0,1.0,-0.038391553,5.3815165,0.016460509970784187,-0.044415224343538284,0.25,0.0012469273060560226,-5.337658852338791,-0.12130735,2.0,-0.07460019,1.0,-1.0,-0.13239191,-0.97465605,-0.06921952590346336,0.02312931790947914,0.0,-0.14369835890829563,-2.0487380921840668,0.08568003587424755,-0.06754454225301743,0.25,0.14494528621435165,-3.288920760154724
2025_01_BAL_BUF,2025,REG,1,2025-09-07,Sunday,20:20,BAL,40.0,BUF,41.0,Home,1.0,81.0,0.0,2025090712,59857.0,,202509070buf,28432.0,401772918,6748.0,7,7,-130.0,110.0,-1.5,-118.0,-102.0,50.5,-105.0,-115.0,0,outdoors,a_turf,58.0,8.0,00-0034796,00-0034857,Lamar Jackson,Josh Allen,John Harbaugh,Sean McDermott,John Hussey,BUF00,New Era Field,1.0,0.20376052,0.0,0.3402929,1.0,1.0,0.23498656,8.594319,0.1255487985908985,0.007268606568686664,1.75,0.15338953211903572,-2.685894012451172,0.3402929,1.0,0.20376052,0.0,-1.0,0.3856987,8.720899,0.2069203332066536,-0.16224254667758942,1.0,0.2725168690085411,5.9561703354120255,-0.08137153461575508,0.16951115324627608,0.75,-0.11912733688950539,-8.642064347863197
2025_01_MIN_CHI,2025,REG,1,2025-09-08,Monday,20:15,MIN,27.0,CHI,24.0,Home,-3.0,51.0,0.0,2025090800,59858.0,,202509080chi,28433.0,401772810,6749.0,7,7,-112.0,-108.0,-1.5,100.0,-120.0,43.5,-112.0,-108.0,1,outdoors,grass,68.0,6.0,00-0039923,00-0039918,J.J. McCarthy,Caleb Williams,Kevin O'Connell,Ben Johnson,Alan Eck,CHI98,Soldier Field,0.0,-0.11061523,1.0,-0.06429665,1.0,0.0,-0.0713912,-6.6668844,-0.1138731682440266,0.012712059542536736,-0.5,-0.14371590060181916,1.6899088621139526,-0.06429665,1.0,-0.11061523,1.0,0.0,-0.17688629,-3.2609406,-0.02637242991477251,-0.03271437156945467,1.0,-0.02962234616279602,-3.8346908390522003,-0.08750073832925409,0.045426431111991405,-1.5,-0.11409355443902314,5.524599701166153
2025_02_WAS_GB,2025,REG,2,2025-09-11,Thursday,20:15,WAS,18.0,GB,27.0,Home,9.0,45.0,0.0,2025091100,59859.0,,202509110gnb,28434.0,401772936,6750.0,4,4,154.0,-185.0,3.5,-118.0,-102.0,48.5,-105.0,-115.0,0,outdoors,grass,65.0,7.0,00-0039910,00-0036264,Jayden Daniels,Jordan Love,Dan Quinn,Matt LaFleur,Brad Rogers,GNB00,Lambeau Field,1.0,0.046424482,0.0,-0.06958293,0.0,0.0,0.161024,10.365714,0.05779147148132324,-0.11988524347543716,0.75,0.08204360399395227,2.7747864723205566,-0.06958293,0.0,0.046424482,0.0,0.0,-0.1623037,-7.1983576,0.09220319427549839,0.03423037379980087,-0.5,0.10696627013385296,0.26111017167568207,-0.03441172279417515,-0.15411561727523804,1.25,-0.024922666139900684,2.5136763006448746
2025_02_CLE_BAL,2025,REG,2,2025-09-14,Sunday,13:00,CLE,17.0,BAL,41.0,Home,24.0,58.0,0.0,2025091400,59860.0,,202509140rav,28435.0,401772726,6751.0,7,7,600.0,-900.0,12.5,-105.0,-115.0,46.5,-110.0,-110.0,1,outdoors,grass,82.0,3.0,00-0026158,00-0034796,Joe Flacco,Lamar Jackson,Kevin Stefanski,John Harbaugh,Brad Allen,BAL00,M&T Bank Stadium,1.0,0.10090515,0.0,-0.22689463,2.0,2.0,0.124908864,6.713614,0.21432388573884964,-0.10177652910351753,0.75,0.2581256106495857,2.089920535683632,-0.22689463,2.0,0.10090515,0.0,-2.0,-0.26294702,-0.20086437,-0.21246778033673763,-0.004146752879023552,-2.0,-0.28745548240840435,-7.019215226173401,0.4267916660755873,-0.09762977622449398,2.75,0.5455810930579901,9.109135761857033
2025_02_JAX_CIN,2025,REG,2,2025-09-14,Sunday,13:00,JAX,27.0,CIN,31.0,Home,4.0,58.0,0.0,2025091401,59861.0,,202509140cin,28436.0,401772725,6752.0,7,7,160.0,-192.0,3.5,-115.0,-105.0,49.5,-115.0,-105.0,0,outdoors,fieldturf,85.0,3.0,00-0036971,00-0036442,Trevor Lawrence,Joe Burrow,Liam Coen,Zac Taylor,Alan Eck,CIN00,Paycor Stadium,1.0,0.08231229,3.0,0.07620942,2.0,-1.0,-0.0071660043,2.383186,0.036064647138118744,-0.04805303749162704,0.75,0.0295729860663414,9.709971249103546,0.07620942,2.0,0.08231229,3.0,1.0,0.092938066,-4.9823465,0.01901625655591488,-0.04440636467188597,0.0,0.031120349187403917,-2.0483577847480774,0.017048390582203865,-0.0036466728197410703,0.75,-0.0015473631210625172,11.758329033851624
2025_02_NYG_DAL,2025,REG,2,2025-09-14,Sunday,13:00,NYG,37.0,DAL,40.0,Home,3.0,77.0,1.0,2025091402,59862.0,,202509140dal,28437.0,401772834,6753.0,7,10,195.0,-238.0,4.5,100.0,-120.0,44.5,-110.0,-110.0,1,closed,matrixturf,,,00-0029263,00-0033077,Russell Wilson,Dak Prescott,Brian Daboll,Brian Schottenheimer,Bill Vinovich,DAL00,AT&T Stadium,1.0,0.13466425,1.0,0.18632808,1.0,0.0,0.13369644,2.1017413,-0.005912862718105316,0.13081652810797095,-1.0,-0.07478038500994444,-3.280349548906088,0.18632808,1.0,0.13466425,1.0,0.0,0.22168276,13.416484,-0.07036950439214706,0.05205390357878059,0.0,-0.1030508279800415,-1.7719275951385498,0.06445664167404175,0.07876262452919036,-1.0,0.028270442970097065,-1.508421953767538
2025_02_CHI_DET,2025,REG,2,2025-09-14,Sunday,13:00,CHI,21.0,DET,52.0,Home,31.0,73.0,0.0,2025091403,59863.0,,202509140det,28438.0,401772835,6754.0,6,7,220.0,-270.0,6.0,-110.0,-110.0,46.5,-112.0,-108.0,1,dome,fieldturf,,,00-0039918,00-0033106,Caleb Williams,Jared Goff,Ben Johnson,Dan Campbell,Land Clark,DET00,Ford Field,1.0,0.30406547,0.0,-0.12246118,2.0,2.0,0.40949026,14.942416,0.15022863447666168,0.03337978257331997,0.25,0.165377973113209,8.809049934148788,-0.12246118,2.0,0.30406547,0.0,-2.0,-0.1659629,-5.176979,-0.09868112707044929,-0.01498248241841793,-0.5,-0.10901857097633183,1.3200657367706299,0.24890976154711097,0.0483622649917379,0.75,0.27439654408954084,7.488984197378159
2025_02_NE_MIA,2025,REG,2,2025-09-14,Sunday,13:00,NE,33.0,MIA,27.0,Home,-6.0,60.0,0.0,2025091404,59864.0,,202509140mia,28439.0,401772728,6755.0,7,7,105.0,-125.0,1.5,-110.0,-110.0,43.5,-115.0,-105.0,1,outdoors,grass,89.0,4.0,00-0039851,00-0036212,Drake Maye,Tua Tagovailoa,Mike Vrabel,Mike McDaniel,Alex Moore,MIA00,Hard Rock Stadium,0.0,0.07262062,1.0,0.18538214,0.0,-1.0,0.16988271,13.745648,-0.026668822392821312,0.010559129528701305,-0.75,-0.07949582859873772,5.3012039959430695,0.18538214,0.0,0.07262062,1.0,1.0,0.34392315,13.9967,-0.07337063283193856,0.07965500839054585,-1.0,-0.15241413796320558,3.823049545288086,0.04670181043911725,-0.06909587886184454,0.25,0.07291830936446786,1.4781544506549835
2025_02_SF_NO,2025,REG,2,2025-09-14,Sunday,13:00,SF,26.0,NO,21.0,Home,-5.0,47.0,0.0,2025091405,59865.0,,202509140nor,28440.0,401772833,6756.0,7,7,-166.0,140.0,-3.0,-110.0,-110.0,40.5,-105.0,-115.0,0,dome,sportturf,,,00-0036972,00-0039376,Mac Jones,Spencer Rattler,Kyle Shanahan,Kellen Moore,Shawn Smith,NOR00,Mercedes-Benz Superdome,0.0,-0.08166733,1.0,0.027331552,1.0,0.0,-0.0778749,3.7840037,-0.13714294880628586,0.11208016844466329,-0.75,-0.16731873486423865,-7.848302394151688,0.027331552,1.0,-0.08166733,1.0,0.0,0.047801003,-3.6296303,0.04484702064655721,0.17525613866746426,-1.5,0.1314430688507855,7.91854402422905,-0.18198996945284307,-0.06317597022280097,0.75,-0.29876180371502414,-15.766846418380737
2025_02_BUF_NYJ,2025,REG,2,2025-09-14,Sunday,13:00,BUF,30.0,NYJ,10.0,Home,-20.0,40.0,0.0,2025091406,59866.0,,202509140nyj,28441.0,401772727,6757.0,7,7,-290.0,235.0,-6.0,-112.0,-108.0,47.5,-110.0,-110.0,1,outdoors,fieldturf,80.0,3.0,00-0034857,00-0036945,Josh Allen,Justin Fields,Sean McDermott,Aaron Glenn,Clete Blakeman,NYC01,MetLife Stadium,0.0,-0.1699251,1.0,0.17933832,0.0,-1.0,-0.29532537,-17.0925,-0.02262894995510578,0.09004954248666763,0.0,0.007584580220282078,1.6412084102630615,0.17933832,0.0,-0.1699251,1.0,1.0,0.19778235,-9.081468,0.08533687144517899,0.04660953104030341,1.75,0.09215762466192245,-1.8430205583572388,-0.10796582140028477,0.043440011446364224,-1.75,-0.08457304444164038,3.4842289686203003
2025_02_SEA_PIT,2025,REG,2,2025-09-14,Sunday,13:00,SEA,31.0,PIT,17.0,Home,-14.0,48.0,0.0,2025091407,59867.0,,202509140pit,28442.0,401772836,6758.0,7,7,160.0,-192.0,3.5,-110.0,-110.0,40.5,-108.0,-112.0,0,outdoors,grass,79.0,5.0,00-0034869,00-0023459,Sam Darnold,Aaron Rodgers,Mike Macdonald,Mike Tomlin,Scott Novak,PIT00,Acrisure Stadium,0.0,-0.21041146,2.0,0.028033318,2.0,0.0,-0.17684637,-4.566772,-0.0016473998548462987,0.1438874714076519,-0.25,-0.07358015514910221,2.917650043964386,0.028033318,2.0,-0.21041146,2.0,0.0,0.07425628,7.0347757,0.009847765788435936,0.019999574637040496,-0.25,-0.03949081990867853,7.236437082290649,-0.011495165643282235,0.1238878967706114,0.0,-0.03408933524042368,-4.318787038326263
2025_02_LA_TEN,2025,REG,2,2025-09-14,Sunday,13:00,LA,33.0,TEN,19.0,Home,-14.0,52.0,0.0,2025091408,59868.0,,202509140oti,28443.0,401772724,6759.0,7,7,-250.0,205.0,-5.5,-108.0,-112.0,41.5,-112.0,-108.0,0,outdoors,grass,83.0,3.0,00-0026498,00-0040676,Matthew Stafford,Cam Ward,Sean McVay,Brian Callahan,John Hussey,NAS00,Nissan Stadium,0.0,-0.024434907,1.0,0.20126362,1.0,0.0,-0.12371083,-4.793274,-0.06389138381928205,0.05303696542978287,-0.75,-0.12135867215692997,-4.641962021589279,0.20126362,1.0,-0.024434907,1.0,0.0,0.34340158,10.765357,0.01111326739192009,-0.030074892565608025,0.25,0.015546340495347977,-2.9061188399791718,-0.07500465121120214,0.08311185799539089,-1.0,-0.13690501265227795,-1.7358431816101074
2025_02_CAR_ARI,2025,REG,2,2025-09-14,Sunday,16:05,CAR,22.0,ARI,27.0,Home,5.0,49.0,0.0,2025091409,59869.0,,202509140crd,28445.0,401772730,6760.0,7,7,250.0,-310.0,7.0,-110.0,-110.0,45.5,-110.0,-110.0,0,closed,grass,,,00-0039150,00-0035228,Bryce Young,Kyler Murray,Dave Canales,Jonathan Gannon,Ron Torbert,PHO00,State Farm Stadium,1.0,0.041357316,1.0,-0.005964335,2.0,1.0,0.1270113,0.76373214,0.07998612197116017,-0.00021846313029527664,-0.25,0.11169601511210203,2.145157217979431,-0.005964335,2.0,0.041357316,1.0,-1.0,-0.01826121,-2.3493664,0.06727736443281174,0.1888211276382208,0.25,0.07488555274903774,2.559166431427002,0.012708757538348436,-0.18903959076851606,-0.5,0.03681046236306429,-0.4140092134475708
2025_02_DEN_IND,2025,REG,2,2025-09-14,Sunday,16:05,DEN,28.0,IND,29.0,Home,1.0,57.0,0.0,2025091410,59870.0,,202509140clt,28444.0,401772729,6761.0,7,7,-130.0,110.0,-2.5,-105.0,-115.0,43.5,-112.0,-108.0,0,closed,fieldturf,,,00-0039732,00-0035710,Bo Nix,Daniel Jones,Sean Payton,Shane Steichen,Craig Wrolstad,IND00,Lucas Oil Stadium,1.0,0.1552927,0.0,0.16619715,1.0,1.0,0.15012471,4.9739265,0.12789128720760345,0.050984786823391914,0.75,0.1344343638047576,-0.30983150005340576,0.16619715,1.0,0.1552927,0.0,-1.0,0.191821,0.9910997,0.11668181233108044,-0.04969280585646629,0.25,0.15696629509329796,6.283621966838837,0.011209474876523018,0.10067759267985821,0.5,-0.022531931288540363,-6.593453466892242
2025_02_PHI_KC,2025,REG,2,2025-09-14,Sunday,16:25,PHI,20.0,KC,17.0,Home,-3.0,37.0,0.0,2025091411,59871.0,,202509140kan,28446.0,401772837,6762.0,10,9,-122.0,102.0,-1.5,-110.0,-110.0,46.5,-102.0,-118.0,0,outdoors,grass,88.0,12.0,00-0036389,00-0033873,Jalen Hurts,Patrick Mahomes,Nick Sirianni,Andy Reid,Alex Kemp,KAN00,GEHA Field at Arrowhead Stadium,0.0,-0.03593377,1.0,0.030245066,0.0,-1.0,-0.135294,-5.841068,0.029536955058574677,0.11393379047513008,1.0,0.05766289681196213,-0.823710709810257,0.030245066,0.0,-0.03593377,1.0,1.0,-0.004139968,4.396389,0.12449002021458,-0.035154396668076515,2.25,0.10442760400474072,6.525417983531952,-0.09495306515600532,0.1490881871432066,-1.25,-0.04676470719277859,-7.349128693342209
2025_02_ATL_MIN,2025,REG,2,2025-09-14,Sunday,20:20,ATL,22.0,MIN,6.0,Home,-16.0,28.0,0.0,2025091412,59872.0,,202509140min,28447.0,401772919,6763.0,7,6,150.0,-180.0,3.5,-115.0,-105.0,44.5,-110.0,-110.0,0,dome,sportturf,,,00-0039917,00-0039923,Michael Penix,J.J. McCarthy,Raheem Morris,Kevin O'Connell,Adrian Hill,MIN01,U.S. Bank Stadium,0.0,-0.36889225,3.0,0.011947632,2.0,-1.0,-0.45022467,-11.110292,-0.05406697187572718,-0.01752233039587736,1.0,-0.08188414573669434,-3.534908562898636,0.011947632,2.0,-0.36889225,3.0,1.0,-0.028611533,-7.4501605,0.09373056585900486,0.04839848726987839,0.25,0.12328629475086927,-5.176129102706909,-0.14779753773473203,-0.06592081766575575,0.75,-0.2051704404875636,1.6412205398082733
2025_02_TB_HOU,2025,REG,2,2025-09-15,Monday,19:00,TB,20.0,HOU,19.0,Home,-1.0,39.0,0.0,2025091500,59873.0,,202509150htx,28448.0,401772715,6765.0,8,8,114.0,-135.0,2.5,-110.0,-110.0,42.5,-110.0,-110.0,0,closed,astroturf,,,00-0034855,00-0039163,Baker Mayfield,C.J. Stroud,Todd Bowles,DeMeco Ryans,Shawn Hochuli,HOU00,NRG Stadium,0.0,8.429153e-05,0.0,0.006007172,0.0,0.0,-0.065391704,-9.78683,-0.07120045647025108,0.04662745073437691,-1.0,-0.09804352186620235,-3.2761061936616898,0.006007172,0.0,8.429153e-05,0.0,0.0,0.13463576,1.9042375,0.13852904317900538,-0.0029846925754100084,-0.75,0.21909023262560368,3.964735746383667,-0.20972949964925647,0.049612143309786916,-0.25,-0.31713375449180603,-7.240841940045357
2025_02_LAC_LV,2025,REG,2,2025-09-15,Monday,22:00,LAC,20.0,LV,9.0,Home,-11.0,29.0,0.0,2025091501,59874.0,,202509150rai,28449.0,401772811,6764.0,10,8,-198.0,164.0,-3.5,-105.0,-115.0,46.5,-102.0,-118.0,1,dome,grass,,,00-0036355,00-0030565,Justin Herbert,Geno Smith,Jim Harbaugh,Pete Carroll,Clay Martin,VEG00,Allegiant Stadium,0.0,-0.25033003,3.0,-0.08809849,1.0,-2.0,-0.39188325,-15.258366,0.0018612369894981384,-0.07739773392677307,0.75,0.010536370798945427,-1.1667529344558716,-0.08809849,1.0,-0.25033003,3.0,2.0,-0.020255893,0.33174565,0.22197842225432396,0.0006029680371284485,0.25,0.27930405363440514,6.732249617576599,-0.22011718526482582,-0.07800070196390152,0.5,-0.2687676828354597,-7.899002552032471
2025_03_MIA_BUF,2025,REG,3,2025-09-18,Thursday,20:15,MIA,21.0,BUF,31.0,Home,10.0,52.0,0.0,2025091800,59875.0,,202509180buf,28450.0,401772937,6766.0,4,4,550.0,-800.0,12.5,-110.0,-110.0,50.5,-112.0,-108.0,1,outdoors,a_turf,68.0,7.0,00-0036212,00-0034857,Tua Tagovailoa,Josh Allen,Mike McDaniel,Sean McDermott,Alan Eck,BUF00,New Era Field,1.0,0.2206857,0.0,0.067907505,1.0,1.0,0.2772775,7.680894,0.11189520172774792,-0.004505692166276276,1.5,0.13305548392236233,-3.092810869216919,0.067907505,1.0,0.2206857,0.0,-1.0,0.0535421,-1.6873113,-0.05775350332260132,0.05444869585335255,-1.25,-0.07826082408428192,8.528589010238647,0.16964870505034924,-0.05895438801962882,2.75,0.21131630800664425,-11.621399879455566
2025_03_ATL_CAR,2025,REG,3,2025-09-21,Sunday,13:00,ATL,0.0,CAR,30.0,Home,30.0,30.0,0.0,2025092100,59876.0,,202509210car,28452.0,401772838,6767.0,7,7,-225.0,185.0,-5.5,-105.0,-115.0,44.5,-115.0,-105.0,1,outdoors,grass,83.0,5.0,00-0039917,00-0039150,Michael Penix,Bryce Young,Raheem Morris,Dave Canales,Craig Wrolstad,CAR00,Bank of America Stadium,1.0,0.067211956,0.0,-0.37877744,4.0,4.0,-0.008956542,-1.2996106,0.02135771233588457,0.16923115588724613,-0.5,0.00871213711798191,0.560221254825592,-0.37877744,4.0,0.067211956,0.0,-4.0,-0.3391002,-11.816988,0.0803406264167279,0.042160481214523315,0.0,0.09617015812546015,-6.2581706047058105,-0.05898291408084333,0.12707067467272282,-0.5,-0.08745802100747824,6.818391859531403
2025_03_GB_CLE,2025,REG,3,2025-09-21,Sunday,13:00,GB,10.0,CLE,13.0,Home,3.0,23.0,0.0,2025092101,59877.0,,202509210cle,28453.0,401772842,6768.0,10,7,-470.0,360.0,-8.5,-102.0,-118.0,41.5,-115.0,-105.0,0,outdoors,grass,79.0,10.0,00-0036264,00-0026158,Jordan Love,Joe Flacco,Matt LaFleur,Kevin Stefanski,Carl Cheffers,CLE00,FirstEnergy Stadium,1.0,-0.09277101,1.0,-0.094478756,1.0,0.0,-0.1516207,-3.4358397,-0.21460006199777126,0.012539034709334373,-2.0,-0.2831022497266531,-6.2041041404008865,-0.094478756,1.0,-0.09277101,1.0,0.0,-0.07903598,-2.677371,0.007063989527523518,-0.07015900127589703,0.25,0.05631564650684595,6.4028215408325195,-0.22166405152529478,0.0826980359852314,-2.25,-0.33941789623349905,-12.606925681233406
2025_03_HOU_JAX,2025,REG,3,2025-09-21,Sunday,13:00,HOU,10.0,JAX,17.0,Home,7.0,27.0,0.0,2025092102,59878.0,,202509210jax,28454.0,401772734,6769.0,6,7,105.0,-125.0,1.5,-108.0,-112.0,43.5,-115.0,-105.0,1,outdoors,grass,85.0,11.0,00-0039163,00-0036971,C.J. Stroud,Trevor Lawrence,DeMeco Ryans,Liam Coen,Alex Kemp,JAX00,TIAA Bank Stadium,1.0,-0.12352672,1.0,-0.22187935,3.0,2.0,-0.16326414,-17.029034,0.0956202894449234,0.009535378776490688,0.75,0.10726967127993703,-2.4046157598495483,-0.22187935,3.0,-0.12352672,1.0,-2.0,-0.20688742,1.464213,-0.08546859879425028,0.021746622398495674,-0.5,-0.1374884843826294,-5.944465324282646,0.18108888823917368,-0.012211243622004986,1.25,0.24475815566256642,3.539849564433098
2025_03_CIN_MIN,2025,REG,3,2025-09-21,Sunday,13:00,CIN,10.0,MIN,48.0,Home,38.0,58.0,0.0,2025092103,59879.0,,202509210min,28455.0,401772731,6770.0,7,7,136.0,-162.0,3.0,-110.0,-110.0,41.5,-105.0,-115.0,0,dome,sportturf,,,00-0035100,00-0032950,Jake Browning,Carson Wentz,Zac Taylor,Kevin O'Connell,Ron Torbert,MIN01,U.S. Bank Stadium,1.0,0.04211352,0.0,-0.51310503,5.0,5.0,0.121058814,-1.7815443,-0.17747256811708212,-0.024044186808168888,0.25,-0.21820347756147385,-5.884828329086304,-0.51310503,5.0,0.04211352,0.0,-5.0,-0.7874375,0.36125666,0.04810222052037716,0.025590693461708724,0.0,-0.0007312704110518098,5.78724217414856,-0.22557478863745928,-0.04963488026987761,0.25,-0.21747220715042204,-11.672070503234863
2025_03_PIT_NE,2025,REG,3,2025-09-21,Sunday,13:00,PIT,21.0,NE,14.0,Home,-7.0,35.0,0.0,2025092104,59880.0,,202509210nwe,28456.0,401772732,6771.0,7,7,-120.0,100.0,-1.5,-105.0,-115.0,44.5,-112.0,-108.0,0,outdoors,fieldturf,66.0,5.0,00-0023459,00-0039851,Aaron Rodgers,Drake Maye,Mike Tomlin,Mike Vrabel,Clete Blakeman,BOS00,Gillette Stadium,0.0,-0.08275977,5.0,0.03746809,1.0,-4.0,-0.15746352,7.905838,-0.03565904696006328,0.07953391410410404,-0.25,-0.06013433914631605,5.369948029518127,0.03746809,1.0,-0.08275977,5.0,4.0,-0.052094262,4.534721,-0.033620411646552384,0.10898202704265714,0.0,-0.07305155880749226,-2.5295167565345764,-0.0020386353135108948,-0.029448112938553095,-0.25,0.012917219661176205,7.899464786052704
2025_03_LA_PHI,2025,REG,3,2025-09-21,Sunday,13:00,LA,26.0,PHI,33.0,Home,7.0,59.0,0.0,2025092105,59881.0,,202509210phi,28457.0,401772839,6772.0,7,7,164.0,-198.0,3.5,-108.0,-112.0,45.5,-108.0,-112.0,0,outdoors,grass,73.0,9.0,00-0026498,00-0036389,Matthew Stafford,Jalen Hurts,Sean McVay,Nick Sirianni,Brad Rogers,PHI00,Lincoln Financial Field,1.0,-0.048487157,1.0,-0.10605828,1.0,0.0,0.016639104,5.956185,0.1051250541349873,-0.059857048094272614,1.75,0.09683159808628261,8.615146160125732,-0.10605828,1.0,-0.048487157,1.0,0.0,-0.034832604,-5.462001,0.044286638498306274,-0.004804374184459448,0.5,0.074548764154315,0.22733765840530396,0.06083841563668102,-0.055052673909813166,1.25,0.022282833931967616,8.387808501720428
2025_03_NYJ_TB,2025,REG,3,2025-09-21,Sunday,13:00,NYJ,27.0,TB,29.0,Home,2.0,56.0,0.0,2025092106,59882.0,,202509210tam,28458.0,401772840,6773.0,7,6,275.0,-345.0,6.5,-105.0,-115.0,43.5,-115.0,-105.0,0,outdoors,grass,88.0,5.0,00-0028118,00-0034855,Tyrod Taylor,Baker Mayfield,Aaron Glenn,Todd Bowles,Adrian Hill,TAM00,Raymond James Stadium,1.0,-0.053230092,0.0,-0.06889767,2.0,2.0,0.017624624,1.1716816,0.13353321142494678,-0.016545610887988005,-0.25,0.23190890066325665,3.651818037033081,-0.06889767,2.0,-0.053230092,0.0,-2.0,-0.18510994,7.4838796,-0.03373097814619541,0.11774158850312233,-0.5,-0.05808486696332693,-1.7767081260681152,0.1672641895711422,-0.13428719939111033,0.25,0.2899937676265836,5.428526163101196
2025_03_IND_TEN,2025,REG,3,2025-09-21,Sunday,13:00,IND,41.0,TEN,20.0,Home,-21.0,61.0,0.0,2025092107,59883.0,,202509210oti,28459.0,401772733,6774.0,7,7,-245.0,200.0,-6.0,-108.0,-112.0,43.5,-115.0,-105.0,1,outdoors,grass,84.0,8.0,00-0035710,00-0040676,Daniel Jones,Cam Ward,Shane Steichen,Brian Callahan,Scott Novak,NAS00,Nissan Stadium,0.0,-0.079712674,1.0,0.2662428,0.0,-1.0,-0.17245561,-1.3854861,-0.08195777097716928,0.06912964209914207,-0.25,-0.1703396551311016,-5.439704447984695,0.2662428,0.0,-0.079712674,1.0,1.0,0.39365315,1.6586907,0.13249123468995094,0.08057641424238682,0.5,0.11741076316684484,2.5388214588165283,-0.21444900566712022,-0.011446772143244743,-0.75,-0.28775041829794645,-7.978525906801224
2025_03_LV_WAS,2025,REG,3,2025-09-21,Sunday,13:00,LV,24.0,WAS,41.0,Home,17.0,65.0,0.0,2025092108,59884.0,,202509210was,28460.0,401772841,6775.0,6,10,130.0,-155.0,2.5,100.0,-120.0,43.5,-110.0,-110.0,0,outdoors,grass,72.0,6.0,00-0030565,00-0032268,Geno Smith,Marcus Mariota,Pete Carroll,Dan Quinn,Shawn Hochuli,WAS00,FedExField,1.0,0.22180377,1.0,-0.021253569,0.0,-1.0,0.28022692,14.572759,0.05908825248479843,0.018910261802375317,0.25,0.08298644050955772,-0.9684126526117325,-0.021253569,0.0,0.22180377,1.0,1.0,0.044994123,11.681264,-0.02735760062932968,-0.04187067784368992,-0.25,-0.06931470893323421,-2.5729702711105347,0.08644585311412811,0.060780939646065235,0.5,0.15230114944279194,1.6045576184988022
2025_03_DEN_LAC,2025,REG,3,2025-09-21,Sunday,16:05,DEN,20.0,LAC,23.0,Home,3.0,43.0,0.0,2025092109,59885.0,,202509210sdg,28461.0,401772735,6776.0,7,6,130.0,-155.0,2.5,100.0,-120.0,45.5,-110.0,-110.0,1,dome,matrixturf,,,00-0039732,00-0036355,Bo Nix,Justin Herbert,Sean Payton,Jim Harbaugh,Shawn Smith,LAX01,SoFi Stadium,1.0,-0.060784478,2.0,-0.0961697,0.0,-2.0,-0.038644873,-4.1590137,0.1469497848302126,-0.09809117391705513,1.0,0.21953117102384567,4.966726429760456,-0.0961697,0.0,-0.060784478,2.0,2.0,-0.046194613,-8.016343,0.12211946584284306,-0.06387364491820335,-0.25,0.15654760971665382,6.933056533336639,0.024830318987369537,-0.034217528998851776,1.25,0.06298356130719185,-1.9663301035761833
2025_03_NO_SEA,2025,REG,3,2025-09-21,Sunday,16:05,NO,13.0,SEA,44.0,Home,31.0,57.0,0.0,2025092110,59886.0,,202509210sea,28462.0,401772736,6777.0,7,7,295.0,-375.0,7.5,-115.0,-105.0,41.5,-108.0,-112.0,0,outdoors,fieldturf,63.0,3.0,00-0039376,00-0034869,Spencer Rattler,Sam Darnold,Kellen Moore,Mike Macdonald,Alex Moore,SEA00,Lumen Field,1.0,0.16434415,1.0,-0.23953944,1.0,0.0,0.14118266,17.246174,0.007347330916672945,-0.06378582329489291,0.25,-0.030474482104182243,7.39229679107666,-0.23953944,1.0,0.16434415,1.0,0.0,-0.119150326,4.3350253,-0.09043780528008938,0.056579453870654106,-0.25,-0.09942099783802405,-3.371779352426529,0.09778513619676232,-0.12036527716554701,0.5,0.0689465157338418,10.764076143503189
2025_03_DAL_CHI,2025,REG,3,2025-09-21,Sunday,16:25,DAL,14.0,CHI,31.0,Home,17.0,45.0,0.0,2025092111,59887.0,,202509210chi,28463.0,401772844,6778.0,7,7,-125.0,105.0,-1.5,-115.0,-105.0,49.5,100.0,-120.0,0,outdoors,grass,82.0,4.0,00-0033077,00-0039918,Dak Prescott,Caleb Williams,Brian Schottenheimer,Ben Johnson,Clay Martin,CHI98,Soldier Field,1.0,0.2032344,0.0,-0.0045705857,4.0,4.0,0.30171874,3.6546004,-0.12847918644547462,-0.008885493502020836,-0.5,-0.15405323170125484,-1.4248028993606567,-0.0045705857,4.0,0.2032344,0.0,-4.0,-0.039522152,10.181948,0.014171209186315536,0.17090092413127422,-1.5,-0.04470555856823921,-4.01730328425765,-0.14265039563179016,-0.17978641763329506,1.0,-0.10934767313301563,2.5925003848969936
2025_03_ARI_SF,2025,REG,3,2025-09-21,Sunday,16:25,ARI,15.0,SF,16.0,Home,1.0,31.0,0.0,2025092112,59888.0,,202509210sfo,28464.0,401772843,6779.0,7,7,105.0,-125.0,1.5,-112.0,-108.0,44.5,-112.0,-108.0,1,outdoors,grass,72.0,7.0,00-0035228,00-0036972,Kyler Murray,Mac Jones,Jonathan Gannon,Kyle Shanahan,John Hussey,SFO01,Levi's Stadium,1.0,-0.022365734,1.0,-0.0027177036,0.0,-1.0,-0.055280223,3.2555602,0.04922393918968737,0.10559947043657303,-1.25,0.1283881147392094,7.357074439525604,-0.0027177036,0.0,-0.022365734,1.0,1.0,-0.01104027,-2.6255677,0.06039615022018552,-0.04613811522722244,0.5,0.10261417832225561,2.620760664343834,-0.011172211030498147,0.15173758566379547,-1.75,0.025773936416953802,4.73631377518177
2025_03_KC_NYG,2025,REG,3,2025-09-21,Sunday,20:20,KC,22.0,NYG,9.0,Home,-13.0,31.0,0.0,2025092113,59889.0,,202509210nyg,28465.0,401772920,6780.0,7,7,-325.0,260.0,-6.0,-115.0,-105.0,44.5,-105.0,-115.0,0,outdoors,fieldturf,65.0,5.0,00-0033873,00-0029263,Patrick Mahomes,Russell Wilson,Andy Reid,Brian Daboll,Land Clark,NYC01,MetLife Stadium,0.0,-0.117727675,2.0,0.082586884,0.0,-2.0,-0.2496859,-4.926896,0.062197573482990265,0.06934311927761883,0.5,0.05965450406074524,3.7756800651550293,0.082586884,0.0,-0.117727675,2.0,2.0,0.15135255,-1.4937392,-0.005829108878970146,0.1072058416903019,0.25,-0.013484891504049301,-2.386355400085449,0.06802668236196041,-0.03786272241268307,0.25,0.07313939556479454,6.1620354652404785
2025_03_DET_BAL,2025,REG,3,2025-09-22,Monday,20:15,DET,38.0,BAL,30.0,Home,-8.0,68.0,0.0,2025092200,59890.0,,202509220rav,28451.0,401772812,6781.0,8,8,200.0,-245.0,4.5,-105.0,-115.0,53.5,-105.0,-115.0,0,outdoors,grass,74.0,7.0,00-0033106,00-0034796,Jared Goff,Lamar Jackson,Dan Campbell,John Harbaugh,Bill Vinovich,BAL00,M&T Bank Stadium,0.0,0.15812726,1.0,0.28674892,0.0,-1.0,0.068227485,11.691136,0.19763639941811562,-0.13787033408880234,1.0,0.24482738226652145,3.560580849647522,0.28674892,0.0,0.15812726,1.0,1.0,0.39179975,12.977436,0.15632562339305878,0.0035817231982946396,0.25,0.18693268159404397,12.059134483337402,0.04131077602505684,-0.14145205728709698,0.75,0.057894700672477484,-8.49855363368988
2025_04_SEA_ARI,2025,REG,4,2025-09-25,Thursday,20:15,SEA,23.0,ARI,20.0,Home,-3.0,43.0,0.0,2025092500,59891.0,,202509250crd,28466.0,401772938,6782.0,4,4,-125.0,105.0,-1.5,-110.0,-110.0,43.5,-108.0,-112.0,1,closed,grass,,,00-0034869,00-0035228,Sam Darnold,Kyler Murray,Mike Macdonald,Jonathan Gannon,Alex Kemp,PHO00,State Farm Stadium,0.0,-0.0059085665,3.0,0.060625177,0.0,-3.0,-0.08130371,-4.9578576,0.07542144181206822,-0.04078429564833641,1.25,0.10213827341794968,1.319198951125145,0.060625177,0.0,-0.0059085665,3.0,3.0,0.05527675,6.9290442,0.07488620886579156,-0.08600049302913249,0.25,0.04752523638308048,9.511847496032715,0.0005352329462766647,0.045216197380796075,1.0,0.054613037034869194,-8.19264854490757
2025_04_MIN_PIT,2025,REG,4,2025-09-28,Sunday,09:30,MIN,21.0,PIT,24.0,Neutral,3.0,45.0,0.0,2025092800,59892.0,,202509280pit,28467.0,401772632,6783.0,7,7,-148.0,124.0,-2.5,-125.0,105.0,41.5,-115.0,-105.0,0,outdoors,grass,61.0,5.0,00-0032950,00-0023459,Carson Wentz,Aaron Rodgers,Kevin O'Connell,Mike Tomlin,Brad Allen,PIT00,Acrisure Stadium,1.0,0.140713,0.0,0.05569001,2.0,2.0,0.1987204,9.590837,0.00824952672701329,0.040392131078988314,1.5,-0.0583416810259223,-0.7710695266723633,0.05569001,2.0,0.140713,0.0,-2.0,0.044346515,5.204266,-0.16020339913666248,-0.14395640138536692,1.5,-0.21106013841927052,-8.451656967401505,0.16845292586367577,0.18434853246435523,0.0,0.15271845739334822,7.680587440729141
2025_04_WAS_ATL,2025,REG,4,2025-09-28,Sunday,13:00,WAS,27.0,ATL,34.0,Home,7.0,61.0,0.0,2025092801,59893.0,,202509280atl,28468.0,401772739,6784.0,7,7,120.0,-142.0,2.5,-110.0,-110.0,43.5,-112.0,-108.0,0,closed,fieldturf,,,00-0039910,00-0039917,Jayden Daniels,Michael Penix,Dan Quinn,Raheem Morris,Scott Novak,ATL97,Mercedes-Benz Stadium,1.0,0.2091765,1.0,0.1680928,1.0,0.0,0.26732504,11.439651,-0.039356761844828725,0.026161499321460724,-1.0,-0.005073682405054569,-8.004000425338745,0.1680928,1.0,0.2091765,1.0,0.0,0.13131268,3.1432083,0.0817372240126133,-0.01140615763142705,0.0,0.09766729921102524,2.7550412714481354,-0.12109398585744202,0.037567656952887774,-1.0,-0.10274098161607981,-10.75904169678688
2025_04_NO_BUF,2025,REG,4,2025-09-28,Sunday,13:00,NO,19.0,BUF,31.0,Home,12.0,50.0,0.0,2025092802,59894.0,,202509280buf,28469.0,401772740,6785.0,7,10,800.0,-1350.0,15.5,-115.0,-105.0,48.5,-115.0,-105.0,0,outdoors,a_turf,73.0,7.0,00-0039376,00-0034857,Spencer Rattler,Josh Allen,Kellen Moore,Sean McDermott,Land Clark,BUF00,New Era Field,1.0,0.124079086,1.0,-0.027740166,1.0,0.0,0.19637072,9.253221,0.12948995269834995,0.06044730159919709,1.0,0.16072489507496357,-0.4939131736755371,-0.027740166,1.0,0.124079086,1.0,0.0,-0.09360414,4.6080055,-0.08971170894801617,0.08505553752183914,0.25,-0.059146210143808275,1.2679443061351776,0.21920166164636612,-0.024608235922642052,0.75,0.21987110521877185,-1.7618574798107147
2025_04_CLE_DET,2025,REG,4,2025-09-28,Sunday,13:00,CLE,10.0,DET,34.0,Home,24.0,44.0,0.0,2025092803,59895.0,,202509280det,28470.0,401772846,6786.0,7,6,410.0,-550.0,10.0,-108.0,-112.0,44.5,-115.0,-105.0,0,dome,fieldturf,,,00-0026158,00-0033106,Joe Flacco,Jared Goff,Kevin Stefanski,Dan Campbell,Shawn Smith,DET00,Ford Field,1.0,-0.08332747,1.0,-0.3820344,3.0,2.0,-0.12780116,-0.49120244,0.14320776611566544,-0.0073212627321481705,0.0,0.1884565413929522,12.316780805587769,-0.3820344,3.0,-0.08332747,1.0,-2.0,-0.3630427,-16.389013,-0.16578559018671513,0.008267614990472794,-1.5,-0.22976511158049107,-3.3462760001420975,0.30899335630238056,-0.015588877722620964,1.5,0.41822165297344327,15.663056805729866
2025_04_TEN_HOU,2025,REG,4,2025-09-28,Sunday,13:00,TEN,0.0,HOU,26.0,Home,26.0,26.0,0.0,2025092804,59896.0,,202509280htx,28471.0,401772738,6787.0,7,7,340.0,-440.0,7.5,-115.0,-105.0,39.5,-105.0,-115.0,1,closed,astroturf,,,00-0040676,00-0039163,Cam Ward,C.J. Stroud,Brian Callahan,DeMeco Ryans,Brad Rogers,HOU00,NRG Stadium,1.0,0.069475286,0.0,-0.40415928,1.0,1.0,0.14997044,8.142504,-0.07269546125462512,-0.07318595610558987,-0.75,-0.08550933003425598,-3.2909324318170547,-0.40415928,1.0,0.069475286,0.0,-1.0,-0.3398414,-24.498217,-0.1058688904158771,0.10257222130894661,-0.25,-0.22277558781206608,-5.09519162774086,0.03317342916125199,-0.17575817741453648,-0.5,0.1372662577778101,1.8042591959238052
2025_04_CAR_NE,2025,REG,4,2025-09-28,Sunday,13:00,CAR,13.0,NE,42.0,Home,29.0,55.0,0.0,2025092805,59897.0,,202509280nwe,28472.0,401772847,6788.0,7,7,215.0,-265.0,5.5,-108.0,-112.0,42.5,-108.0,-112.0,0,outdoors,fieldturf,76.0,7.0,00-0039150,00-0039851,Bryce Young,Drake Maye,Dave Canales,Mike Vrabel,Bill Vinovich,BOS00,Gillette Stadium,1.0,0.25019103,0.0,-0.17894189,0.0,0.0,0.39204878,15.889844,0.014166338252834976,0.026487579569220543,-1.0,0.03846231568604708,9.500423550605774,-0.17894189,0.0,0.25019103,0.0,0.0,-0.024340112,4.0474763,0.07077460456639528,-0.005342280492186546,0.5,0.03217919776216149,-2.2371745705604553,-0.05660826631356031,0.03182986006140709,-1.5,0.006283117923885584,11.73759812116623
2025_04_LAC_NYG,2025,REG,4,2025-09-28,Sunday,13:00,LAC,18.0,NYG,21.0,Home,3.0,39.0,0.0,2025092806,59898.0,,202509280nyg,28473.0,401772737,6789.0,7,7,-285.0,230.0,-6.0,-112.0,-108.0,43.5,-115.0,-105.0,0,outdoors,fieldturf,81.0,4.0,00-0036355,00-0040691,Justin Herbert,Jaxson Dart,Jim Harbaugh,Brian Daboll,Shawn Hochuli,NYC01,MetLife Stadium,1.0,-0.026105594,0.0,-0.06663151,2.0,2.0,-0.14530654,0.18373528,-0.03192753531038761,0.07123968319501728,-0.75,-0.09696786478161812,-0.12052583694458008,-0.06663151,2.0,-0.026105594,0.0,-2.0,-0.16701639,-5.6770725,0.06934030819684267,-0.05161827243864536,0.25,0.13709432072937489,2.991661198437214,-0.10126784350723028,0.12285795563366264,-1.0,-0.234062185510993,-3.112187035381794
2025_04_PHI_TB,2025,REG,4,2025-09-28,Sunday,13:00,PHI,31.0,TB,25.0,Home,-6.0,56.0,0.0,2025092807,59899.0,,202509280tam,28474.0,401772845,6790.0,7,7,-185.0,154.0,-3.5,-102.0,-118.0,44.5,-118.0,-102.0,0,outdoors,grass,88.0,6.0,00-0036389,00-0034855,Jalen Hurts,Baker Mayfield,Nick Sirianni,Todd Bowles,Alan Eck,TAM00,Raymond James Stadium,0.0,-0.14787646,2.0,-0.051268544,0.0,-2.0,-0.14611228,-10.171916,0.04034661315381527,-0.0011561256033019163,0.25,0.12271765619516373,-1.0951480269432068,-0.051268544,0.0,-0.14787646,2.0,2.0,-0.07388662,-4.9970345,0.03708094672765583,-0.021564895287156105,0.75,0.03313503251411021,7.482629895210266,0.0032656664261594415,0.02040876968385419,-0.5,0.08958262368105352,-8.577777922153473
2025_04_IND_LA,2025,REG,4,2025-09-28,Sunday,16:05,IND,20.0,LA,27.0,Home,7.0,47.0,0.0,2025092808,59900.0,,202509280ram,28475.0,401772849,6791.0,7,7,154.0,-185.0,3.5,-105.0,-115.0,49.5,-105.0,-115.0,0,dome,matrixturf,,,00-0035710,00-0026498,Daniel Jones,Matthew Stafford,Shane Steichen,Sean McVay,Carl Cheffers,LAX01,SoFi Stadium,1.0,0.00062225776,1.0,-0.06389131,3.0,2.0,0.08156423,5.4474974,0.028717322275042534,-0.0012214458547532558,0.0,0.07356832642108202,1.9033477902412415,-0.06389131,3.0,0.00062225776,1.0,-2.0,-0.09276768,7.550808,0.18030177801847458,-0.004044944420456886,1.5,0.20496425684541464,1.0372857451438904,-0.15158445574343204,0.0028234985657036304,-1.5,-0.13139593042433262,0.8660620450973511
2025_04_JAX_SF,2025,REG,4,2025-09-28,Sunday,16:05,JAX,26.0,SF,21.0,Home,-5.0,47.0,0.0,2025092809,59901.0,,202509280sfo,28476.0,401772848,6792.0,7,7,150.0,-180.0,3.5,-120.0,100.0,45.5,-108.0,-112.0,0,outdoors,grass,72.0,7.0,00-0036971,00-0037834,Trevor Lawrence,Brock Purdy,Liam Coen,Kyle Shanahan,Clete Blakeman,SFO01,Levi's Stadium,0.0,-0.112518385,4.0,-0.029039778,0.0,-4.0,-0.06949314,-8.329106,-0.006802296033129096,0.0201149582862854,-1.0,0.02854919107630849,3.6601083278656006,-0.029039778,0.0,-0.112518385,4.0,4.0,0.077894844,0.9366216,0.031620487570762634,-0.04991740919649601,1.0,0.02811842830851674,-7.197506427764893,-0.03842278360389173,0.07003236748278141,-2.0,0.00043076276779174805,10.857614755630493
2025_04_BAL_KC,2025,REG,4,2025-09-28,Sunday,16:25,BAL,20.0,KC,37.0,Home,17.0,57.0,0.0,2025092810,59902.0,,202509280kan,28478.0,401772741,6793.0,6,7,-148.0,124.0,-2.5,-120.0,100.0,48.5,100.0,-120.0,0,outdoors,grass,89.0,10.0,00-0034796,00-0033873,Lamar Jackson,Patrick Mahomes,John Harbaugh,Andy Reid,Clay Martin,KAN00,GEHA Field at Arrowhead Stadium,1.0,0.18448718,0.0,-0.042857096,2.0,2.0,0.23060425,5.857576,-0.03308234177529812,0.1102768387645483,0.25,-0.054404426366090775,-4.6815880835056305,-0.042857096,2.0,0.18448718,0.0,-2.0,-0.06252121,6.868096,0.17311731725931168,0.0020598694682121277,0.5,0.18411245569586754,4.787543058395386,-0.2061996590346098,0.10821696929633617,-0.25,-0.2385168820619583,-9.469131141901016
2025_04_CHI_LV,2025,REG,4,2025-09-28,Sunday,16:25,CHI,25.0,LV,24.0,Home,-1.0,49.0,0.0,2025092811,59903.0,,202509280rai,28477.0,401772742,6794.0,7,7,105.0,-125.0,1.5,-110.0,-110.0,47.5,-105.0,-115.0,0,dome,grass,,,00-0039918,00-0030565,Caleb Williams,Geno Smith,Ben Johnson,Pete Carroll,Adrian Hill,VEG00,Allegiant Stadium,0.0,-0.17201698,4.0,-0.07257224,1.0,-3.0,-0.19576073,-3.5831916,-0.04528094595298171,0.07419122196733952,-0.5,-0.08366337046027184,2.692163348197937,-0.07257224,1.0,-0.17201698,4.0,3.0,-0.12057134,-11.366076,-0.040000393986701965,0.016424701316282153,0.5,-0.026496296748518944,0.7375302910804749,-0.005280551966279745,0.05776652065105736,-1.0,-0.05716707371175289,1.9546330571174622
2025_04_NYJ_MIA,2025,REG,4,2025-09-29,Monday,19:15,NYJ,21.0,MIA,27.0,Home,6.0,48.0,0.0,2025092900,59905.0,,202509290mia,28481.0,401772813,6796.0,8,11,124.0,-148.0,2.5,-105.0,-115.0,44.5,-120.0,100.0,1,outdoors,grass,88.0,17.0,00-0036945,00-0036212,Justin Fields,Tua Tagovailoa,Aaron Glenn,Mike McDaniel,Craig Wrolstad,MIA00,Hard Rock Stadium,1.0,0.17593622,0.0,0.07462583,3.0,3.0,0.12968686,-1.6991599,-0.021428357809782028,0.18162734620273113,-2.0,-0.04037506692111492,2.5160095393657684,0.07462583,3.0,0.17593622,0.0,-3.0,0.15883866,5.0860486,-0.002979278564453125,0.06685739010572433,-0.25,-0.05208003427833319,-0.5427103638648987,-0.018449079245328903,0.1147699560970068,-1.75,0.011704967357218266,3.058719903230667
2025_04_CIN_DEN,2025,REG,4,2025-09-29,Monday,20:15,CIN,3.0,DEN,28.0,Home,25.0,31.0,0.0,2025092901,59906.0,,202509290den,28480.0,401772716,6797.0,8,8,360.0,-470.0,7.5,-115.0,-105.0,44.5,-115.0,-105.0,0,outdoors,grass,66.0,12.0,00-0035100,00-0039732,Jake Browning,Bo Nix,Zac Taylor,Sean Payton,Alex Moore,DEN00,Empower Field at Mile High,1.0,0.1716648,1.0,-0.1551574,0.0,-1.0,0.22374861,-2.1549466,0.06884140893816948,-0.10860782954841852,0.25,0.10208011791110039,2.5822669863700867,-0.1551574,0.0,0.1716648,1.0,1.0,-0.25636488,-4.89571,-0.10971210338175297,0.0068834422854706645,-1.25,-0.23308593744877726,2.253377929329872,0.17855351231992245,-0.11549127183388919,1.5,0.33516605535987765,0.32888905704021454
2025_05_SF_LA,2025,REG,5,2025-10-02,Thursday,20:15,SF,26.0,LA,23.0,Home,-3.0,49.0,1.0,2025100200,59907.0,,202510020ram,28482.0,401772939,6798.0,4,4,340.0,-440.0,8.5,-110.0,-110.0,43.5,-108.0,-112.0,1,dome,matrixturf,,,00-0036972,00-0026498,Mac Jones,Matthew Stafford,Kyle Shanahan,Sean McVay,Bill Vinovich,LAX01,SoFi Stadium,0.0,0.071828775,2.0,0.116799265,0.0,-2.0,0.074943624,-3.2675009,0.005306853025103919,-0.06453018030151725,0.75,0.08793541416525841,4.033092498779297,0.116799265,0.0,0.071828775,2.0,2.0,0.12498951,-0.90936154,-0.023966942680999637,-0.048900267109274864,-1.25,0.008867781609296799,1.6595706939697266,0.029273795706103556,-0.015629913192242384,2.0,0.07906763255596161,2.3735218048095703
2025_05_MIN_CLE,2025,REG,5,2025-10-05,Sunday,09:30,MIN,21.0,CLE,17.0,Neutral,-4.0,38.0,0.0,2025100500,59908.0,,202510050cle,28483.0,401772633,6799.0,7,7,-198.0,164.0,-3.5,-110.0,-110.0,35.5,-112.0,-108.0,0,outdoors,grass,61.0,14.0,00-0032950,00-0040704,Carson Wentz,Dillon Gabriel,Kevin O'Connell,Kevin Stefanski,Scott Novak,CLE00,FirstEnergy Stadium,0.0,-0.008132147,0.0,0.043526992,2.0,2.0,-0.011413966,-6.8155274,-0.19745035655796528,-0.03585024178028107,-1.5,-0.20720314420759678,-4.412863448262215,0.043526992,2.0,-0.008132147,0.0,-2.0,0.036479544,7.9748516,-0.08384634274989367,-0.11776490695774555,0.5,-0.11542640719562769,-2.737127810716629,-0.11360401380807161,0.08191466517746449,-2.0,-0.09177673701196909,-1.6757356375455856
2025_05_HOU_BAL,2025,REG,5,2025-10-05,Sunday,13:00,HOU,44.0,BAL,10.0,Home,-34.0,54.0,0.0,2025100501,59909.0,,202510050rav,28484.0,401772743,6800.0,7,7,-148.0,124.0,-2.5,-118.0,-102.0,41.5,-115.0,-105.0,0,outdoors,grass,78.0,2.0,00-0039163,00-0033662,C.J. Stroud,Cooper Rush,DeMeco Ryans,John Harbaugh,Land Clark,BAL00,M&T Bank Stadium,0.0,-0.25048137,3.0,0.3162619,0.0,-3.0,-0.3357428,-0.31771213,0.1391170546412468,0.11202549561858177,-0.5,0.12907846085727215,8.498436212539673,0.3162619,0.0,-0.25048137,3.0,3.0,0.3914223,16.181744,-0.06840678040316561,-0.1490697544068098,-0.5,-0.06367515027523041,-0.28869231045246124,0.2075238350444124,0.2610952500253916,0.0,0.19275361113250256,8.787128522992134
2025_05_MIA_CAR,2025,REG,5,2025-10-05,Sunday,13:00,MIA,24.0,CAR,27.0,Home,3.0,51.0,0.0,2025100502,59910.0,,202510050car,28485.0,401772852,6801.0,6,7,-120.0,100.0,-1.5,-105.0,-115.0,44.5,-105.0,-115.0,0,outdoors,grass,77.0,8.0,00-0036212,00-0039150,Tua Tagovailoa,Bryce Young,Mike McDaniel,Dave Canales,Clay Martin,CAR00,Bank of America Stadium,1.0,0.11509171,2.0,0.12118798,0.0,-2.0,0.15926763,8.688227,-0.05652045365422964,0.007575193420052528,0.25,-0.07698439667001367,-2.9932709336280823,0.12118798,0.0,0.11509171,2.0,2.0,0.095273435,14.810278,0.039382677525281906,0.1830200795084238,-0.5,0.02407190017402172,0.8899056017398834,-0.09590313117951155,-0.17544488608837128,0.75,-0.10105629684403539,-3.8831765353679657
2025_05_LV_IND,2025,REG,5,2025-10-05,Sunday,13:00,LV,6.0,IND,40.0,Home,34.0,46.0,0.0,2025100503,59911.0,,202510050clt,28486.0,401772851,6802.0,7,7,285.0,-360.0,7.0,100.0,-120.0,46.5,-108.0,-112.0,0,closed,fieldturf,,,00-0030565,00-0035710,Geno Smith,Daniel Jones,Pete Carroll,Shane Steichen,Alex Kemp,IND00,Lucas Oil Stadium,1.0,0.24241038,0.0,-0.22581755,2.0,2.0,0.2768333,-1.6103078,0.15225771069526672,-0.01795672620937694,0.75,0.17889460735023022,4.892941892147064,-0.22581755,2.0,0.24241038,0.0,-2.0,-0.212809,-0.31444567,-0.09047855949029326,0.0029155313968658447,-1.0,-0.10699575766921043,0.614974319934845,0.24273627018556,-0.020872257606242783,1.75,0.28589036501944065,4.277967572212219
2025_05_NYG_NO,2025,REG,5,2025-10-05,Sunday,13:00,NYG,14.0,NO,26.0,Home,12.0,40.0,0.0,2025100504,59912.0,,202510050nor,28487.0,401772744,6803.0,7,7,100.0,-120.0,1.5,-115.0,-105.0,41.5,-105.0,-115.0,0,dome,sportturf,,,00-0040691,00-0039376,Jaxson Dart,Spencer Rattler,Brian Daboll,Kellen Moore,Alan Eck,NOR00,Mercedes-Benz Superdome,1.0,-0.043219347,0.0,-0.2104796,5.0,5.0,0.048407696,-1.4282967,-0.10997356288135052,0.0829449538141489,0.0,-0.08307083696126938,1.9421329498291016,-0.2104796,5.0,-0.043219347,0.0,-5.0,-0.29072362,-1.7439291,-0.017680923454463482,0.05571489408612251,0.0,-0.10360847413539886,-1.1961444839835167,-0.09229263942688704,0.02723005972802639,0.0,0.020537637174129486,3.1382774338126183
2025_05_DAL_NYJ,2025,REG,5,2025-10-05,Sunday,13:00,DAL,37.0,NYJ,22.0,Home,-15.0,59.0,0.0,2025100505,59913.0,,202510050nyj,28488.0,401772850,6804.0,7,6,-105.0,-115.0,1.5,-120.0,100.0,48.5,-110.0,-110.0,0,outdoors,fieldturf,82.0,3.0,00-0033077,00-0036945,Dak Prescott,Justin Fields,Brian Schottenheimer,Aaron Glenn,Alex Moore,NYC01,MetLife Stadium,0.0,0.025449656,1.0,0.26112837,0.0,-1.0,0.011919384,5.117594,-0.0015865452587604523,0.12766842544078827,-1.75,-0.027405384927988052,1.4684576988220215,0.26112837,0.0,0.025449656,1.0,1.0,0.3599105,-0.61388314,0.07783528487198055,0.16578720696270466,-1.5,0.02142485324293375,0.9405266679823399,-0.079421830130741,-0.03811878152191639,-0.25,-0.0488302381709218,0.5279310308396816
2025_05_DEN_PHI,2025,REG,5,2025-10-05,Sunday,13:00,DEN,21.0,PHI,17.0,Home,-4.0,38.0,0.0,2025100506,59914.0,,202510050phi,28489.0,401772745,6805.0,6,7,180.0,-218.0,3.5,-105.0,-115.0,44.5,-115.0,-105.0,0,outdoors,grass,80.0,6.0,00-0039732,00-0036389,Bo Nix,Jalen Hurts,Sean Payton,Nick Sirianni,Adrian Hill,PHI00,Lincoln Financial Field,0.0,-0.0046091503,0.0,0.06264112,0.0,0.0,0.0031612206,-2.2626443,0.025396899320185184,-0.03776099905371666,1.0,0.0247656696010381,6.790462017059326,0.06264112,0.0,-0.0046091503,0.0,0.0,0.07152681,0.7757284,0.033038537949323654,-0.06983826775103807,0.0,0.05536758899688721,-2.7130481004714966,-0.00764163862913847,0.032077268697321415,1.0,-0.03060191939584911,9.503510117530823
2025_05_TEN_ARI,2025,REG,5,2025-10-05,Sunday,16:05,TEN,22.0,ARI,21.0,Home,-1.0,43.0,0.0,2025100507,59915.0,,202510050crd,28491.0,401772747,6806.0,7,10,330.0,-425.0,7.5,-108.0,-112.0,41.5,-110.0,-110.0,0,closed,grass,,,00-0040676,00-0035228,Cam Ward,Kyler Murray,Brian Callahan,Jonathan Gannon,Shawn Smith,PHO00,State Farm Stadium,0.0,-0.06345323,2.0,-0.025630914,3.0,1.0,-0.07426535,5.623544,0.012189019238576293,-0.014663051813840866,-0.25,0.01966412179172039,-2.138376012444496,-0.025630914,3.0,-0.06345323,2.0,-1.0,-0.040184397,-9.621612,-0.18175268871709704,0.10686090216040611,-0.5,-0.26157561503350735,-10.818502068519592,0.19394170795567334,-0.12152395397424698,0.25,0.28123973682522774,8.680126056075096
2025_05_TB_SEA,2025,REG,5,2025-10-05,Sunday,16:05,TB,38.0,SEA,35.0,Home,-3.0,73.0,0.0,2025100508,59916.0,,202510050sea,28490.0,401772746,6807.0,7,10,150.0,-180.0,3.5,-115.0,-105.0,44.5,-110.0,-110.0,0,outdoors,fieldturf,61.0,8.0,00-0034855,00-0034869,Baker Mayfield,Sam Darnold,Todd Bowles,Mike Macdonald,Craig Wrolstad,SEA00,Lumen Field,0.0,0.2467,2.0,0.3388434,0.0,-2.0,0.40564263,16.302313,0.0427065952681005,-0.11104366835206747,0.75,0.0013311300426721573,9.637410521507263,0.3388434,0.0,0.2467,2.0,2.0,0.3966835,20.446497,-0.029752856120467186,-0.02730007415084401,0.0,0.030047181993722916,-4.3743274211883545,0.07245945138856769,-0.08374359420122346,0.75,-0.02871605195105076,14.011737942695618
2025_05_DET_CIN,2025,REG,5,2025-10-05,Sunday,16:25,DET,37.0,CIN,24.0,Home,-13.0,61.0,0.0,2025100509,59917.0,,202510050cin,28492.0,401772854,6808.0,7,6,-575.0,425.0,-10.5,-102.0,-118.0,49.5,-112.0,-108.0,0,outdoors,fieldturf,84.0,7.0,00-0033106,00-0035100,Jared Goff,Jake Browning,Dan Campbell,Zac Taylor,Carl Cheffers,CIN00,Paycor Stadium,0.0,-0.019111942,3.0,0.18806264,1.0,-2.0,-0.120070055,0.007850838,-0.16311250813305378,0.0504715871065855,-0.75,-0.2899591341847554,-1.0211686939001083,0.18806264,1.0,-0.019111942,3.0,2.0,0.22680773,17.393488,0.11338914092630148,-0.040395306423306465,1.0,0.15280276164412498,9.692017294466496,-0.27650164905935526,0.09086689352989197,-1.75,-0.44276189582888037,-10.713185988366604
2025_05_WAS_LAC,2025,REG,5,2025-10-05,Sunday,16:25,WAS,27.0,LAC,10.0,Home,-17.0,37.0,0.0,2025100510,59918.0,,202510050sdg,28493.0,401772853,6809.0,7,7,130.0,-155.0,2.5,100.0,-120.0,47.5,-115.0,-105.0,0,dome,matrixturf,,,00-0039910,00-0036355,Jayden Daniels,Justin Herbert,Dan Quinn,Jim Harbaugh,John Hussey,LAX01,SoFi Stadium,0.0,-0.0826575,2.0,0.18510167,1.0,-1.0,-0.14044468,5.7375093,-0.0004502004012465477,-0.0603380398824811,-0.5,0.023538732901215553,-0.9288929626345634,0.18510167,1.0,-0.0826575,2.0,1.0,0.25499,-0.75329405,0.09813839755952358,0.030282224994152784,-0.25,0.10872284695506096,2.3071312606334686,-0.09858859796077013,-0.09062026487663388,-0.25,-0.0851841140538454,-3.236024223268032
2025_05_NE_BUF,2025,REG,5,2025-10-05,Sunday,20:20,NE,23.0,BUF,20.0,Home,-3.0,43.0,0.0,2025100511,59919.0,,202510050buf,28494.0,401772922,6810.0,7,7,310.0,-395.0,7.5,-105.0,-115.0,49.5,-108.0,-112.0,1,outdoors,a_turf,66.0,3.0,00-0039851,00-0034857,Drake Maye,Josh Allen,Mike Vrabel,Sean McDermott,Shawn Hochuli,BUF00,New Era Field,0.0,0.01964284,3.0,0.06881056,1.0,-2.0,0.03892747,5.940982,0.18196590803563595,0.05263378657400608,0.75,0.22660428285598755,4.111741542816162,0.06881056,1.0,0.01964284,3.0,2.0,0.06187288,13.756121,0.07583562284708023,0.003208290785551071,-0.75,0.12810816057026386,10.045206665992737,0.10613028518855572,0.04942549578845501,1.5,0.09849612228572369,-5.933465123176575
2025_05_KC_JAX,2025,REG,5,2025-10-06,Monday,20:15,KC,28.0,JAX,31.0,Home,3.0,59.0,0.0,2025100600,59920.0,,202510060jax,28495.0,401772814,6811.0,8,8,-198.0,164.0,-3.5,-110.0,-110.0,45.5,-108.0,-112.0,0,outdoors,grass,80.0,12.0,00-0033873,00-0036971,Patrick Mahomes,Trevor Lawrence,Andy Reid,Liam Coen,Brad Rogers,JAX00,TIAA Bank Stadium,1.0,0.16188829,2.0,0.12916404,1.0,-1.0,0.028294133,8.061215,0.010293196886777878,-0.09011824615299702,2.25,0.040006691589951515,-6.282205238938332,0.12916404,1.0,0.16188829,2.0,1.0,0.18899547,6.2049594,0.09059836529195309,0.020843492820858955,0.75,0.11547527462244034,-1.8675018846988678,-0.08030516840517521,-0.11096173897385597,1.5,-0.07546858303248882,-4.414703354239464
2025_06_PHI_NYG,2025,REG,6,2025-10-09,Thursday,20:15,PHI,17.0,NYG,34.0,Home,17.0,51.0,0.0,2025100900,59921.0,,202510090nyg,28496.0,401772940,6812.0,4,4,-395.0,310.0,-7.0,-120.0,100.0,40.5,-105.0,-115.0,1,outdoors,fieldturf,53.0,3.0,00-0036389,00-0040691,Jalen Hurts,Jaxson Dart,Nick Sirianni,Brian Daboll,Clete Blakeman,NYC01,MetLife Stadium,1.0,0.17245735,0.0,-0.032345142,2.0,2.0,0.25234637,2.0700178,-0.04199619684368372,0.026850069873034954,-1.25,-0.11600832641124725,1.7323484793305397,-0.032345142,2.0,0.17245735,0.0,-2.0,-0.09667333,9.212654,-0.01852994633372873,-0.05680684559047222,0.75,-0.014556565380189568,0.7732237577438354,-0.02346625050995499,0.08365691546350718,-2.0,-0.10145176103105769,0.9591247215867043
2025_06_DEN_NYJ,2025,REG,6,2025-10-12,Sunday,09:30,DEN,13.0,NYJ,11.0,Neutral,-2.0,24.0,0.0,2025101200,59922.0,,202510120nyj,28497.0,401772634,6813.0,7,7,-395.0,310.0,-7.5,100.0,-120.0,43.5,-112.0,-108.0,0,outdoors,grass,59.0,6.0,00-0039732,00-0036945,Bo Nix,Justin Fields,Sean Payton,Aaron Glenn,Land Clark,NYC01,MetLife Stadium,0.0,-0.14435104,0.0,-0.109579936,1.0,1.0,-0.42066145,-14.768174,-0.034686820581555367,0.14079320430755615,-1.75,-0.07741931709460914,0.14875531196594238,-0.109579936,1.0,-0.14435104,0.0,-1.0,-0.08565106,3.5214078,0.07608334347605705,-0.016314581385813653,0.0,0.11022545024752617,-2.1011153906583786,-0.11077016405761242,0.1571077856933698,-1.75,-0.1876447673421353,2.249870702624321
2025_06_LA_BAL,2025,REG,6,2025-10-12,Sunday,13:00,LA,17.0,BAL,3.0,Home,-14.0,20.0,0.0,2025101201,59923.0,,202510120rav,28498.0,401772855,6814.0,10,7,-355.0,280.0,-7.0,-105.0,-115.0,43.5,-108.0,-112.0,0,outdoors,grass,64.0,15.0,00-0026498,00-0033662,Matthew Stafford,Cooper Rush,Sean McVay,John Harbaugh,Alex Kemp,BAL00,M&T Bank Stadium,0.0,-0.26304027,3.0,-0.08507097,1.0,-2.0,-0.33207327,-0.9252345,-0.008576512336730957,0.14015083760023117,-1.0,-0.05128191597759724,6.238783523440361,-0.08507097,1.0,-0.26304027,3.0,2.0,-0.033186797,0.7012726,0.04191409428312909,-0.0050035263411700726,0.0,0.11626920849084854,1.8708381652832031,-0.050490606619860046,0.14515436394140124,-1.0,-0.16755112446844578,4.367945358157158
2025_06_DAL_CAR,2025,REG,6,2025-10-12,Sunday,13:00,DAL,27.0,CAR,30.0,Home,3.0,57.0,0.0,2025101202,59924.0,,202510120car,28499.0,401772858,6815.0,7,7,-175.0,145.0,-3.0,-118.0,-102.0,47.5,-105.0,-115.0,0,outdoors,grass,68.0,15.0,00-0033077,00-0039150,Dak Prescott,Bryce Young,Brian Schottenheimer,Dave Canales,John Hussey,CAR00,Bank of America Stadium,1.0,0.15452723,1.0,0.17656729,0.0,-1.0,0.1593848,13.688871,-0.000650639645755291,0.008489720523357391,0.25,0.026927442755550146,2.271681487560272,0.17656729,0.0,0.15452723,1.0,1.0,0.17961182,7.1288643,0.13251163507811725,0.1465275939553976,-1.0,0.1223407220095396,2.960671816021204,-0.13316227472387254,-0.13803787343204021,1.25,-0.09541327925398946,-0.6889903284609318
2025_06_ARI_IND,2025,REG,6,2025-10-12,Sunday,13:00,ARI,27.0,IND,31.0,Home,4.0,58.0,0.0,2025101203,59925.0,,202510120clt,28500.0,401772856,6816.0,7,7,360.0,-470.0,8.5,-110.0,-110.0,46.5,-122.0,102.0,0,closed,fieldturf,,,00-0033119,00-0035710,Jacoby Brissett,Daniel Jones,Jonathan Gannon,Shane Steichen,Shawn Hochuli,IND00,Lucas Oil Stadium,1.0,0.16656564,1.0,0.11739498,1.0,0.0,0.14932354,3.7489486,0.15001364424824715,-0.034677702889894135,0.5,0.18196087144315243,3.14327934384346,0.11739498,1.0,0.16656564,1.0,0.0,0.08987308,4.625236,-0.007680545328184962,0.0016660485416650772,0.0,-0.009899508208036423,-0.29903723299503326,0.1576941895764321,-0.03634375143155921,0.5,0.19186037965118885,3.4423165768384933
2025_06_SEA_JAX,2025,REG,6,2025-10-12,Sunday,13:00,SEA,20.0,JAX,12.0,Home,-8.0,32.0,0.0,2025101204,59926.0,,202510120jax,28501.0,401772857,6817.0,7,6,-115.0,-105.0,-1.5,100.0,-120.0,47.5,-115.0,-105.0,0,outdoors,grass,76.0,8.0,00-0034869,00-0036971,Sam Darnold,Trevor Lawrence,Mike Macdonald,Liam Coen,Clay Martin,JAX00,TIAA Bank Stadium,0.0,-0.08716789,0.0,0.039777752,0.0,0.0,-0.021846645,-2.1390476,0.021382801234722137,-0.0307303499430418,1.5,0.008965725544840097,-3.2533857971429825,0.039777752,0.0,-0.08716789,0.0,0.0,0.05162714,7.398529,0.1249256613664329,-0.029254016233608127,0.25,0.16908957995474339,11.878076672554016,-0.10354286013171077,-0.0014763337094336748,1.25,-0.1601238544099033,-15.131462469696999
2025_06_LAC_MIA,2025,REG,6,2025-10-12,Sunday,13:00,LAC,29.0,MIA,27.0,Home,-2.0,56.0,0.0,2025101205,59927.0,,202510120mia,28502.0,401772750,6818.0,7,7,-205.0,170.0,-3.5,-115.0,-105.0,45.5,-115.0,-105.0,0,outdoors,grass,85.0,4.0,00-0036355,00-0036212,Justin Herbert,Tua Tagovailoa,Jim Harbaugh,Mike McDaniel,Bill Vinovich,MIA00,Hard Rock Stadium,0.0,0.061556827,3.0,0.12844668,1.0,-2.0,0.09100858,2.3663588,0.10941308178007603,0.14894634671509266,0.75,0.1120962779968977,6.292363792657852,0.12844668,1.0,0.061556827,3.0,2.0,0.10399103,8.790128,-0.07454299461096525,-0.0468759136274457,-0.75,-0.09159045852720737,-0.9417078420519829,0.18395607639104128,0.19582226034253836,1.5,0.20368673652410507,7.234071634709835
2025_06_NE_NO,2025,REG,6,2025-10-12,Sunday,13:00,NE,25.0,NO,19.0,Home,-6.0,44.0,0.0,2025101210,59932.0,,202510120nor,28507.0,401772751,6823.0,7,7,-192.0,160.0,-3.5,-105.0,-115.0,46.5,-115.0,-105.0,0,dome,sportturf,,,00-0039851,00-0039376,Drake Maye,Spencer Rattler,Mike Vrabel,Kellen Moore,Adrian Hill,NOR00,Mercedes-Benz Superdome,0.0,0.006609895,1.0,0.09258063,0.0,-1.0,-0.04114743,6.551737,-0.09804157074540854,0.026318795513361692,1.25,-0.06055541709065437,2.8246844708919525,0.09258063,0.0,0.006609895,1.0,1.0,0.15764914,10.796039,0.10540599189698696,-0.01230258448049426,-0.25,0.16009532194584608,12.887125730514526,-0.2034475626423955,0.03862137999385595,1.5,-0.22065073903650045,-10.062441259622574
2025_06_CLE_PIT,2025,REG,6,2025-10-12,Sunday,13:00,CLE,9.0,PIT,23.0,Home,14.0,32.0,0.0,2025101206,59928.0,,202510120pit,28503.0,401772748,6819.0,7,14,225.0,-278.0,5.5,100.0,-120.0,37.5,100.0,-120.0,1,outdoors,grass,64.0,8.0,00-0040704,00-0023459,Dillon Gabriel,Aaron Rodgers,Kevin Stefanski,Mike Tomlin,Ron Torbert,PIT00,Acrisure Stadium,1.0,0.11521414,0.0,-0.080335334,0.0,0.0,0.1301541,8.184741,0.04409972205758095,0.039703579153865576,1.75,0.03502884600311518,3.9772915840148926,-0.080335334,0.0,0.11521414,0.0,0.0,-0.18536204,-10.223544,-0.17745804460719228,-0.008343521505594254,-0.5,-0.19725610059686005,-6.710311189293861,0.22155776666477323,0.04804710065945983,2.25,0.23228494659997523,10.687602773308754
2025_06_TEN_LV,2025,REG,6,2025-10-12,Sunday,16:05,TEN,10.0,LV,20.0,Home,10.0,30.0,0.0,2025101208,59930.0,,202510120rai,28505.0,401772859,6821.0,7,7,154.0,-185.0,3.5,-110.0,-110.0,41.5,-105.0,-115.0,0,dome,grass,,,00-0040676,00-0030565,Cam Ward,Geno Smith,Brian Callahan,Pete Carroll,Carl Cheffers,VEG00,Allegiant Stadium,1.0,-0.06899247,1.0,-0.21562426,3.0,2.0,-0.17984146,2.7602193,-0.1673545311205089,0.07588585466146469,-1.5,-0.1888647135347128,-1.8686847537755966,-0.21562426,3.0,-0.06899247,1.0,-2.0,-0.30766866,5.549943,-0.13348444318398833,0.11838212050497532,-0.75,-0.1690480588003993,-10.074647068977356,-0.033870087936520576,-0.04249626584351063,-0.75,-0.019816654734313488,8.20596231520176
2025_06_CIN_GB,2025,REG,6,2025-10-12,Sunday,16:25,CIN,18.0,GB,27.0,Home,9.0,45.0,0.0,2025101209,59931.0,,202510120gnb,28506.0,401772752,6822.0,7,14,650.0,-1000.0,14.0,-110.0,-110.0,44.5,-110.0,-110.0,0,outdoors,grass,64.0,14.0,00-0026158,00-0036264,Joe Flacco,Jordan Love,Zac Taylor,Matt LaFleur,Brad Allen,GNB00,Lambeau Field,1.0,0.21914907,1.0,0.096469,0.0,-1.0,0.2080299,6.610824,-0.00819165538996458,-0.08661096449941397,0.25,0.043935446068644524,5.2953164875507355,0.096469,0.0,0.21914907,1.0,1.0,0.09290518,4.669454,-0.15126552153378725,0.11951259523630142,-1.75,-0.29275960999075323,-0.5358540981542319,0.14307386614382267,-0.2061235597357154,2.0,0.33669505605939776,5.831170585704967
2025_06_SF_TB,2025,REG,6,2025-10-12,Sunday,16:25,SF,19.0,TB,30.0,Home,11.0,49.0,0.0,2025101207,59929.0,,202510120tam,28504.0,401772749,6820.0,10,7,160.0,-192.0,3.5,-105.0,-115.0,46.5,-105.0,-115.0,0,outdoors,grass,82.0,10.0,00-0036972,00-0034855,Mac Jones,Baker Mayfield,Kyle Shanahan,Todd Bowles,Brad Rogers,TAM00,Raymond James Stadium,1.0,0.15911333,0.0,0.015573463,2.0,2.0,0.29436445,7.4698067,0.035936007276177406,0.03165451980748912,0.5,0.10070790536701679,3.337625026702881,0.015573463,2.0,0.15911333,0.0,-2.0,-0.085320555,7.158802,0.0023116744123399258,-0.01039900816977024,-0.75,0.012004287913441658,-2.403134509921074,0.03362433286383748,0.042053527977259364,1.25,0.08870361745357513,5.740759536623955
2025_06_DET_KC,2025,REG,6,2025-10-12,Sunday,20:20,DET,17.0,KC,30.0,Home,13.0,47.0,0.0,2025101211,59933.0,,202510120kan,28508.0,401772923,6824.0,7,6,120.0,-142.0,2.5,-105.0,-115.0,51.5,-105.0,-115.0,0,outdoors,grass,85.0,13.0,00-0033106,00-0033873,Jared Goff,Patrick Mahomes,Dan Campbell,Andy Reid,Craig Wrolstad,KAN00,GEHA Field at Arrowhead Stadium,1.0,0.22967544,0.0,0.06693976,0.0,0.0,0.26752666,7.661985,0.09007608331739902,0.00788714550435543,1.0,0.108914565294981,1.1819320619106293,0.06693976,0.0,0.22967544,0.0,0.0,0.112325154,14.184025,0.17388738691806793,-0.0913700619712472,1.75,0.2250741422176361,11.205534435808659,-0.08381130360066891,0.09925720747560263,-0.75,-0.1161595769226551,-10.02360237389803
2025_06_BUF_ATL,2025,REG,6,2025-10-13,Monday,19:15,BUF,14.0,ATL,24.0,Home,10.0,38.0,0.0,2025101300,59934.0,,202510130atl,28509.0,401772815,6825.0,8,15,-205.0,170.0,-3.5,-120.0,100.0,49.5,-102.0,-118.0,0,closed,fieldturf,,,00-0034857,00-0039917,Josh Allen,Michael Penix,Sean McDermott,Raheem Morris,Shawn Smith,ATL97,Mercedes-Benz Stadium,1.0,0.053390145,0.0,-0.08761878,2.0,2.0,0.066795945,-6.36127,-0.03669292223639786,-0.014374885708093643,-0.75,-0.011319526471197605,-3.4414600133895874,-0.08761878,2.0,0.053390145,0.0,-2.0,-0.11888455,-7.8905487,0.13593648793175817,-0.01523679867386818,0.0,0.1775895105674863,3.4484071731567383,-0.17262941016815603,0.0008619129657745361,-0.75,-0.1889090370386839,-6.889867186546326
2025_06_CHI_WAS,2025,REG,6,2025-10-13,Monday,20:15,CHI,25.0,WAS,24.0,Home,-1.0,49.0,0.0,2025101301,59935.0,,202510130was,28510.0,401772717,6826.0,15,8,210.0,-258.0,5.5,-108.0,-112.0,49.5,-105.0,-115.0,0,outdoors,grass,59.0,12.0,00-0039918,00-0039910,Caleb Williams,Jayden Daniels,Ben Johnson,Dan Quinn,Alex Moore,WAS00,FedExField,0.0,0.036365766,3.0,0.09301964,0.0,-3.0,-0.06369691,11.146916,0.12635382823646069,0.03792247688397765,0.0,0.1260564774274826,2.4410788267850876,0.09301964,0.0,0.036365766,3.0,3.0,0.16552727,-8.219392,-0.025603560730814934,0.015795313520357013,1.25,-0.014051675796508789,-4.888834893703461,0.15195738896727562,0.02212716336362064,-1.25,0.1401081532239914,7.329913720488548
2025_07_PIT_CIN,2025,REG,7,2025-10-16,Thursday,20:15,PIT,31.0,CIN,33.0,Home,2.0,64.0,0.0,2025101600,59936.0,,202510160cin,28511.0,401772941,6827.0,4,4,-245.0,200.0,-5.5,-105.0,-115.0,45.5,-115.0,-105.0,1,outdoors,fieldturf,60.0,5.0,00-0023459,00-0026158,Aaron Rodgers,Joe Flacco,Mike Tomlin,Zac Taylor,Clay Martin,CIN00,Paycor Stadium,1.0,0.21908686,0.0,0.26582983,2.0,2.0,0.32944477,1.6087775,-0.14772634487599134,0.15524750761687756,-1.25,-0.2677418142557144,0.03571290080435574,0.26582983,2.0,0.21908686,0.0,-2.0,0.36488682,4.8801537,0.02074594423174858,-0.019842943642288446,1.5,0.02498346660286188,4.435881614685059,-0.16847228910773993,0.175090451259166,-2.75,-0.2927252808585763,-4.400168713880703
2025_07_LA_JAX,2025,REG,7,2025-10-19,Sunday,09:30,LA,35.0,JAX,7.0,Neutral,-28.0,42.0,0.0,2025101900,59937.0,,202510190jax,28512.0,401772635,6828.0,7,7,-166.0,140.0,-3.0,-115.0,-105.0,44.5,-105.0,-115.0,0,outdoors,grass,59.0,9.0,00-0026498,00-0036971,Matthew Stafford,Trevor Lawrence,Sean McVay,Liam Coen,Adrian Hill,JAX00,TIAA Bank Stadium,0.0,-0.11441665,0.0,0.24804573,0.0,0.0,-0.16017528,-12.520552,-0.019461525604128838,-0.041363985277712345,1.25,-0.019730451982468367,-2.5425610691308975,0.24804573,0.0,-0.11441665,0.0,0.0,0.12091619,4.221847,-0.029669552997802384,-0.0646548680961132,0.5,0.022122113965451717,-0.6451829373836517,0.010208027393673547,0.02329088281840086,0.75,-0.041852565947920084,-1.8973781317472458
2025_07_NO_CHI,2025,REG,7,2025-10-19,Sunday,13:00,NO,14.0,CHI,26.0,Home,12.0,40.0,0.0,2025101901,59938.0,,202510190chi,28513.0,401772861,6829.0,7,6,185.0,-225.0,4.5,-120.0,100.0,43.5,-110.0,-110.0,0,outdoors,grass,49.0,8.0,00-0039376,00-0039918,Spencer Rattler,Caleb Williams,Kellen Moore,Ben Johnson,Scott Novak,CHI98,Soldier Field,1.0,-0.010088376,1.0,-0.23134267,4.0,3.0,0.09379912,-3.2287707,0.025305157527327538,0.040960917016491294,2.0,0.045177942141890526,-5.2769617438316345,-0.23134267,4.0,-0.010088376,1.0,-3.0,-0.2968174,0.39530477,-0.07597226544748992,0.04263106547296047,1.0,-0.05137354973703623,3.5166177451610565,0.10127742297481745,-0.0016701484564691782,1.0,0.09655149187892675,-8.793579488992691
2025_07_MIA_CLE,2025,REG,7,2025-10-19,Sunday,13:00,MIA,6.0,CLE,31.0,Home,25.0,37.0,0.0,2025101902,59939.0,,202510190cle,28514.0,401772754,6830.0,7,7,124.0,-148.0,2.5,-102.0,-118.0,34.5,-112.0,-108.0,0,outdoors,grass,65.0,17.0,00-0036212,00-0040704,Tua Tagovailoa,Dillon Gabriel,Mike McDaniel,Kevin Stefanski,Shawn Hochuli,CLE00,FirstEnergy Stadium,1.0,-0.054562006,0.0,-0.41674414,4.0,4.0,-0.07904378,0.23498195,-0.1408182200975716,-0.004766274243593216,0.0,-0.1778598551172763,-9.215981125831604,-0.41674414,4.0,-0.054562006,0.0,-4.0,-0.5583276,-10.648132,0.1066471328958869,0.1347124818712473,0.5,0.09237774461507797,3.4475413858890533,-0.2474653529934585,-0.1394787561148405,-0.5,-0.2702375997323543,-12.663522511720657
2025_07_LV_KC,2025,REG,7,2025-10-19,Sunday,13:00,LV,0.0,KC,31.0,Home,31.0,31.0,0.0,2025101903,59940.0,,202510190kan,28515.0,401772753,6831.0,7,7,625.0,-950.0,13.5,-115.0,-105.0,44.5,-115.0,-105.0,1,outdoors,grass,57.0,9.0,00-0030565,00-0033873,Geno Smith,Patrick Mahomes,Pete Carroll,Andy Reid,Clete Blakeman,KAN00,GEHA Field at Arrowhead Stadium,1.0,0.19428311,0.0,-0.33906534,1.0,1.0,0.22474235,6.0715475,0.1564783863723278,0.017060820013284683,1.25,0.20961973071098328,4.557695239782333,-0.33906534,1.0,0.19428311,0.0,-1.0,-0.668703,-4.7856336,-0.12202014168724418,0.04400441236793995,-0.5,-0.13585426472127438,2.63596148788929,0.278498528059572,-0.026943592354655266,1.75,0.34547399543225765,1.9217337518930435
2025_07_PHI_MIN,2025,REG,7,2025-10-19,Sunday,13:00,PHI,28.0,MIN,22.0,Home,-6.0,50.0,0.0,2025101904,59941.0,,202510190min,28516.0,401772862,6832.0,10,14,-148.0,124.0,-2.5,-110.0,-110.0,43.5,-105.0,-115.0,0,dome,sportturf,,,00-0036389,00-0032950,Jalen Hurts,Carson Wentz,Nick Sirianni,Kevin O'Connell,Bill Vinovich,MIN01,U.S. Bank Stadium,0.0,-0.018735167,2.0,0.06453937,0.0,-2.0,-0.08892315,-0.53905255,-0.056890432722866535,-0.09214413585141301,0.0,-0.062084948644042015,0.0718202292919159,0.06453937,0.0,-0.018735167,2.0,2.0,0.2828729,17.924261,-0.034177498309873044,-0.004709064960479736,0.0,-0.037689906370360404,1.9772900342941284,-0.02271293441299349,-0.08743507089093328,0.0,-0.02439504227368161,-1.9054698050022125
2025_07_CAR_NYJ,2025,REG,7,2025-10-19,Sunday,13:00,CAR,13.0,NYJ,6.0,Home,-7.0,19.0,0.0,2025101905,59942.0,,202510190nyj,28517.0,401772860,6833.0,7,7,-108.0,-112.0,1.5,-125.0,105.0,39.5,-102.0,-118.0,0,outdoors,fieldturf,71.0,13.0,00-0039150,00-0036945,Bryce Young,Justin Fields,Dave Canales,Aaron Glenn,Brad Rogers,NYC01,MetLife Stadium,0.0,-0.19517705,2.0,-0.05396388,0.0,-2.0,-0.25576603,-11.164891,-0.0282933060079813,0.06856364011764526,-1.25,-0.10875333729200065,0.7298369407653809,-0.05396388,0.0,-0.19517705,2.0,2.0,-0.06082143,-2.0831285,0.03947225213050842,0.042292213067412376,0.25,0.07133894553408027,6.281240940093994,-0.06776555813848972,0.026271427050232887,-1.5,-0.18009228282608092,-5.551403999328613
2025_07_NE_TEN,2025,REG,7,2025-10-19,Sunday,13:00,NE,31.0,TEN,13.0,Home,-18.0,44.0,0.0,2025101906,59943.0,,202510190oti,28518.0,401772755,6834.0,7,7,-290.0,235.0,-6.5,-108.0,-112.0,40.5,-108.0,-112.0,0,outdoors,grass,60.0,18.0,00-0039851,00-0040676,Drake Maye,Cam Ward,Mike Vrabel,Brian Callahan,Craig Wrolstad,NAS00,Nissan Stadium,0.0,-0.13107038,2.0,0.16324677,0.0,-2.0,-0.2841867,6.6658897,-0.1812817808240652,0.05081809684634209,-1.25,-0.21503751445561647,-7.488842844963074,0.16324677,0.0,-0.13107038,2.0,2.0,0.267477,25.63474,0.08220561407506466,-0.028805266483686864,-0.25,0.11352682020515203,12.086960315704346,-0.26348739489912987,0.07962336333002895,-1.0,-0.3285643346607685,-19.57580316066742
2025_07_NYG_DEN,2025,REG,7,2025-10-19,Sunday,16:05,NYG,32.0,DEN,33.0,Home,1.0,65.0,0.0,2025101907,59944.0,,202510190den,28519.0,401772757,6835.0,10,7,330.0,-425.0,7.5,-105.0,-115.0,39.5,-105.0,-115.0,0,outdoors,grass,72.0,3.0,00-0040691,00-0039732,Jaxson Dart,Bo Nix,Brian Daboll,Sean Payton,Brad Allen,DEN00,Empower Field at Mile High,1.0,0.106575325,0.0,0.13991685,1.0,1.0,0.08352498,-10.868303,0.007139071822166443,-0.09122551640029997,0.0,0.04085743613541126,-1.4685383588075638,0.13991685,1.0,0.106575325,0.0,-1.0,0.122732654,-16.977407,-0.045463879592716694,-0.014902278780937195,-0.75,-0.10834242403507233,-1.1042680367827415,0.05260295141488314,-0.07632323761936277,0.75,0.1491998601704836,-0.36427032202482224
2025_07_IND_LAC,2025,REG,7,2025-10-19,Sunday,16:05,IND,38.0,LAC,24.0,Home,-14.0,62.0,0.0,2025101908,59945.0,,202510190sdg,28520.0,401772756,6836.0,7,7,114.0,-135.0,2.5,-108.0,-112.0,48.5,-110.0,-110.0,0,dome,matrixturf,,,00-0035710,00-0036355,Daniel Jones,Justin Herbert,Shane Steichen,Jim Harbaugh,Alan Eck,LAX01,SoFi Stadium,0.0,0.089746706,2.0,0.37219894,0.0,-2.0,0.08745231,2.8046534,-0.02040670160204172,0.031095800921320915,-0.75,-0.06052872724831104,1.1728876829147339,0.37219894,0.0,0.089746706,2.0,2.0,0.4347788,5.1813188,0.15283187851309776,-0.046878246546839364,0.25,0.18176057748496532,2.8370348513126373,-0.17323858011513948,0.07797404746816028,-1.0,-0.24228930473327637,-1.6641471683979034
2025_07_GB_ARI,2025,REG,7,2025-10-19,Sunday,16:25,GB,27.0,ARI,23.0,Home,-4.0,50.0,0.0,2025101909,59946.0,,202510190crd,28521.0,401772863,6837.0,7,7,-395.0,310.0,-7.0,-115.0,-105.0,44.5,-110.0,-110.0,0,closed,grass,,,00-0036264,00-0033119,Jordan Love,Jacoby Brissett,Matt LaFleur,Jonathan Gannon,Alex Moore,PHO00,State Farm Stadium,0.0,0.039248846,1.0,0.12457735,0.0,-1.0,-0.052211136,4.7309575,0.011328869732096791,0.044798542745411396,-0.25,-0.019184062257409096,0.6663387417793274,0.12457735,0.0,0.039248846,1.0,1.0,0.11762536,-3.0207436,0.08897046837955713,-0.029953821562230587,0.0,0.12241144850850105,6.843526721000671,-0.07764159864746034,0.07475236430764198,-0.25,-0.14159551076591015,-6.177187979221344
2025_07_WAS_DAL,2025,REG,7,2025-10-19,Sunday,16:25,WAS,22.0,DAL,44.0,Home,22.0,66.0,0.0,2025101910,59947.0,,202510190dal,28522.0,401772864,6838.0,6,7,105.0,-125.0,1.5,-108.0,-112.0,54.5,-108.0,-112.0,1,closed,matrixturf,,,00-0039910,00-0033077,Jayden Daniels,Dak Prescott,Dan Quinn,Brian Schottenheimer,Alex Kemp,DAL00,AT&T Stadium,1.0,0.19246128,0.0,-0.105735436,2.0,2.0,0.09817093,0.4078781,0.14194732974283397,0.14238484390079975,-0.5,0.15842414740473032,4.699667543172836,-0.105735436,2.0,0.19246128,0.0,-2.0,-0.22131152,-11.903719,0.15284100268036127,0.04957126686349511,-0.75,0.15070817433297634,7.027397319674492,-0.010893672937527299,0.09281357703730464,0.25,0.007715973071753979,-2.3277297765016556
2025_07_ATL_SF,2025,REG,7,2025-10-19,Sunday,20:20,ATL,10.0,SF,20.0,Home,10.0,30.0,0.0,2025101911,59948.0,,202510190sfo,28523.0,401772924,6839.0,6,7,-105.0,-115.0,1.5,-120.0,100.0,46.5,-112.0,-108.0,0,outdoors,grass,74.0,5.0,00-0039917,00-0036972,Michael Penix,Mac Jones,Raheem Morris,Kyle Shanahan,Ron Torbert,SFO01,Levi's Stadium,1.0,0.043582465,1.0,-0.07739639,1.0,0.0,0.03446366,1.1549782,-0.00062784762121737,0.04979615658521652,-1.25,-0.02127610146999359,0.29397358000278473,-0.07739639,1.0,0.043582465,1.0,0.0,-0.11414266,-5.806361,-0.02606579288840294,-0.055301569402217865,-0.25,-0.008397689089179039,-3.5471919775009155,0.02543794526718557,0.10509772598743439,-1.0,-0.012878412380814552,3.8411655575037003
2025_07_TB_DET,2025,REG,7,2025-10-20,Monday,19:00,TB,9.0,DET,24.0,Home,15.0,33.0,0.0,2025102000,59949.0,,202510200det,28524.0,401772816,6841.0,8,8,225.0,-278.0,6.0,-112.0,-108.0,54.5,-115.0,-105.0,0,dome,fieldturf,,,00-0034855,00-0033106,Baker Mayfield,Jared Goff,Todd Bowles,Dan Campbell,John Hussey,DET00,Ford Field,1.0,-0.09183985,2.0,-0.2955939,2.0,0.0,-0.120311886,-1.297557,0.11460596136748791,-0.0033359071239829063,1.25,0.1507828664034605,11.015936590731144,-0.2955939,2.0,-0.09183985,2.0,0.0,-0.4194793,-9.447585,0.07421254739165306,0.035526812775060534,1.0,0.14064007811248302,4.7290173172950745,0.040393413975834846,-0.03886271989904344,0.25,0.010142788290977478,6.2869192734360695
2025_07_HOU_SEA,2025,REG,7,2025-10-20,Monday,22:00,HOU,19.0,SEA,27.0,Home,8.0,46.0,0.0,2025102001,59950.0,,202510200sea,28525.0,401772826,6840.0,15,8,140.0,-166.0,3.0,-110.0,-110.0,41.5,-110.0,-110.0,0,outdoors,fieldturf,56.0,5.0,00-0039163,00-0034869,C.J. Stroud,Sam Darnold,DeMeco Ryans,Mike Macdonald,Carl Cheffers,SEA00,Lumen Field,1.0,-0.17994992,4.0,-0.2627055,1.0,-3.0,-0.24831875,-4.435564,0.1278617698699236,0.0015568763483315706,0.25,0.16343229543417692,11.969015002250671,-0.2627055,1.0,-0.17994992,4.0,3.0,-0.31004924,-14.157423,0.04098552915820619,-0.1930400487035513,0.5,0.06727840378880501,4.0004076063632965,0.0868762407117174,0.19459692505188286,-0.25,0.09615389164537191,7.968607395887375
2025_08_MIN_LAC,2025,REG,8,2025-10-23,Thursday,20:15,MIN,10.0,LAC,37.0,Home,27.0,47.0,0.0,2025102300,59951.0,,202510230sdg,28526.0,401772942,6842.0,4,4,142.0,-170.0,3.0,100.0,-120.0,45.5,-110.0,-110.0,0,dome,matrixturf,,,00-0032950,00-0036355,Carson Wentz,Justin Herbert,Kevin O'Connell,Jim Harbaugh,Clete Blakeman,LAX01,SoFi Stadium,1.0,0.17043124,1.0,-0.25876793,1.0,0.0,0.20368282,9.111669,0.017226094380021095,0.14818796142935753,-0.75,-0.029004432260990143,2.9138044714927673,-0.25876793,1.0,0.17043124,1.0,0.0,-0.42423752,-11.791805,0.030648838728666306,-0.07899620058014989,-0.25,0.02824043110013008,2.714630201458931,-0.01342274434864521,0.22718416200950742,-0.5,-0.057244863361120224,0.19917427003383636
2025_08_MIA_ATL,2025,REG,8,2025-10-26,Sunday,13:00,MIA,34.0,ATL,10.0,Home,-24.0,44.0,0.0,2025102600,59952.0,,202510260atl,28527.0,401772760,6843.0,7,7,280.0,-355.0,7.0,-115.0,-105.0,44.5,-115.0,-105.0,0,closed,fieldturf,,,00-0036212,00-0029604,Tua Tagovailoa,Kirk Cousins,Mike McDaniel,Raheem Morris,John Hussey,ATL97,Mercedes-Benz Stadium,0.0,-0.23052248,1.0,0.1757887,0.0,-1.0,-0.3410417,2.4710271,-0.04840179905295372,0.04781711008399725,-0.5,-0.029780469834804535,-3.136242151260376,0.1757887,0.0,-0.23052248,1.0,1.0,0.14265521,2.2629395,-0.014515778981149197,0.06590055394917727,-0.25,-0.060589684173464775,1.2073361277580261,-0.03388602007180452,-0.018083443865180016,-0.25,0.03080921433866024,-4.343578279018402
2025_08_CHI_BAL,2025,REG,8,2025-10-26,Sunday,13:00,CHI,16.0,BAL,30.0,Home,14.0,46.0,0.0,2025102601,59953.0,,202510260rav,28528.0,401772759,6844.0,7,14,124.0,-148.0,2.5,-102.0,-118.0,45.5,-112.0,-108.0,0,outdoors,grass,60.0,2.0,00-0039918,00-0035993,Caleb Williams,Tyler Huntley,Ben Johnson,John Harbaugh,Shawn Smith,BAL00,M&T Bank Stadium,1.0,0.22939385,0.0,0.041171655,1.0,1.0,0.21501733,10.720725,-0.099562868475914,0.17560675367712975,-2.0,-0.1655274499207735,4.329071402549744,0.041171655,1.0,0.22939385,0.0,-1.0,0.0244,7.888273,0.05339835793711245,-0.0928911177907139,3.25,0.11011844873428345,-4.789909660816193,-0.15296122641302645,0.26849787146784365,-5.25,-0.27564589865505695,9.118981063365936
2025_08_BUF_CAR,2025,REG,8,2025-10-26,Sunday,13:00,BUF,40.0,CAR,9.0,Home,-31.0,49.0,0.0,2025102602,59954.0,,202510260car,28529.0,401772865,6845.0,13,7,-395.0,310.0,-7.0,-115.0,-105.0,47.5,-108.0,-112.0,0,outdoors,grass,63.0,9.0,00-0034857,00-0039150,Josh Allen,Bryce Young,Sean McDermott,Dave Canales,Craig Wrolstad,CAR00,Bank of America Stadium,0.0,-0.21313174,3.0,0.28252202,0.0,-3.0,-0.3448128,3.698213,0.00917829293757677,0.08819231204688549,-0.25,0.05837272386997938,6.085361480712891,0.28252202,0.0,-0.21313174,3.0,3.0,0.34383553,-9.345735,0.06919721188023686,0.040592011064291,-0.75,0.09842278528958559,3.7461369037628174,-0.06001891894266009,0.04760030098259449,0.5,-0.04005006141960621,2.3392245769500732
2025_08_NYJ_CIN,2025,REG,8,2025-10-26,Sunday,13:00,NYJ,39.0,CIN,38.0,Home,-1.0,77.0,0.0,2025102603,59955.0,,202510260cin,28530.0,401772758,6846.0,7,10,210.0,-258.0,5.5,-112.0,-108.0,43.5,-102.0,-118.0,0,outdoors,fieldturf,57.0,8.0,00-0036945,00-0026158,Justin Fields,Joe Flacco,Aaron Glenn,Zac Taylor,Scott Novak,CIN00,Paycor Stadium,0.0,0.24932261,0.0,0.24580239,0.0,0.0,0.26451322,-8.001696,0.035321627743542194,0.211176585406065,0.5,0.01147875189781189,0.34759311680682003,0.24580239,0.0,0.24932261,0.0,0.0,0.34124362,5.5704803,-0.059863150119781494,0.06838019285351038,-1.25,-0.1264173600357026,-3.932355761528015,0.09518477786332369,0.1427963925525546,1.75,0.13789611193351448,4.279948878334835
2025_08_SF_HOU,2025,REG,8,2025-10-26,Sunday,13:00,SF,15.0,HOU,26.0,Home,11.0,41.0,0.0,2025102604,59956.0,,202510260htx,28531.0,401772866,6847.0,7,6,130.0,-155.0,2.5,100.0,-120.0,41.5,-112.0,-108.0,0,closed,astroturf,,,00-0036972,00-0039163,Mac Jones,C.J. Stroud,Kyle Shanahan,DeMeco Ryans,Alan Eck,HOU00,NRG Stadium,1.0,0.18949333,1.0,0.036394816,1.0,0.0,0.23502569,8.515918,-0.02471191994845867,-0.2395293228328228,1.25,0.006114020943641663,2.907759338617325,0.036394816,1.0,0.18949333,1.0,0.0,-0.040054593,-2.3466241,0.015859202248975635,0.031126484274864197,-1.0,0.001159869134426117,-0.23117192089557648,-0.040571122197434306,-0.270655807107687,2.25,0.004954151809215546,3.1389312595129013
2025_08_CLE_NE,2025,REG,8,2025-10-26,Sunday,13:00,CLE,13.0,NE,32.0,Home,19.0,45.0,0.0,2025102605,59957.0,,202510260nwe,28532.0,401772868,6848.0,7,7,300.0,-380.0,7.0,-115.0,-105.0,40.5,-115.0,-105.0,0,outdoors,fieldturf,53.0,7.0,00-0040704,00-0039851,Dillon Gabriel,Drake Maye,Kevin Stefanski,Mike Vrabel,Alex Moore,BOS00,Gillette Stadium,1.0,-0.008562386,2.0,-0.30627838,2.0,0.0,0.07329974,18.714008,0.14370724745094776,-0.07093988300766796,1.25,0.2197619518265128,16.51918601989746,-0.30627838,2.0,-0.008562386,2.0,0.0,-0.34897146,-5.337652,-0.1312659694813192,-0.08533262088894844,1.0,-0.1597156256902963,-8.298275724053383,0.27497321693226695,0.014392737881280482,0.25,0.3794775775168091,24.817461743950844
2025_08_NYG_PHI,2025,REG,8,2025-10-26,Sunday,13:00,NYG,20.0,PHI,38.0,Home,18.0,58.0,0.0,2025102606,59958.0,,202510260phi,28533.0,401772867,6849.0,7,7,300.0,-380.0,7.0,-102.0,-118.0,43.5,-108.0,-112.0,1,outdoors,grass,60.0,4.0,00-0040691,00-0036389,Jaxson Dart,Jalen Hurts,Brian Daboll,Nick Sirianni,Brad Rogers,PHI00,Lincoln Financial Field,1.0,0.3111869,0.0,0.096500926,0.0,0.0,0.45625645,9.823632,-0.0059208659222349524,0.017121712677180767,0.5,0.028868538967799395,4.969309091567993,0.096500926,0.0,0.3111869,0.0,0.0,0.09014256,1.8181301,0.018947252072393894,-0.008905168622732162,-0.5,-0.015237785875797272,-4.116895876824856,-0.024868117994628847,0.02602688129991293,1.0,0.04410632484359667,9.086204968392849
2025_08_TB_NO,2025,REG,8,2025-10-26,Sunday,16:05,TB,23.0,NO,3.0,Home,-20.0,26.0,0.0,2025102607,59959.0,,202510260nor,28534.0,401772869,6850.0,6,7,-218.0,180.0,-4.5,-105.0,-115.0,46.5,-110.0,-110.0,1,dome,sportturf,,,00-0034855,00-0039376,Baker Mayfield,Spencer Rattler,Todd Bowles,Kellen Moore,Ron Torbert,NOR00,Mercedes-Benz Superdome,0.0,-0.3981357,4.0,-0.0778751,1.0,-3.0,-0.47267124,-6.080386,-0.07392307266127318,-0.0009770651813596487,0.25,-0.09579031635075808,2.5316876098513603,-0.0778751,1.0,-0.3981357,4.0,3.0,-0.14794995,-9.64494,0.013621598482131958,0.029791268287226558,0.5,0.03136409446597099,2.0742006301879883,-0.08754467114340514,-0.030768333468586206,-0.25,-0.12715441081672907,0.45748697966337204
2025_08_DAL_DEN,2025,REG,8,2025-10-26,Sunday,16:25,DAL,24.0,DEN,44.0,Home,20.0,68.0,0.0,2025102608,59960.0,,202510260den,28535.0,401772762,6851.0,7,7,160.0,-192.0,3.5,-110.0,-110.0,51.5,-110.0,-110.0,0,outdoors,grass,67.0,4.0,00-0033077,00-0039732,Dak Prescott,Bo Nix,Brian Schottenheimer,Sean Payton,Carl Cheffers,DEN00,Empower Field at Mile High,1.0,0.33475813,1.0,0.063460484,2.0,1.0,0.36623186,8.9684105,0.05782532878220081,-0.04105018393602222,-0.25,0.07328733429312706,-2.181528404355049,0.063460484,2.0,0.33475813,1.0,-1.0,0.056690745,-1.3649276,0.1563965871464461,0.06936896406114101,0.0,0.14954277034848928,4.276201739907265,-0.0985712583642453,-0.11041914799716324,-0.25,-0.07625543605536222,-6.457730144262314
2025_08_TEN_IND,2025,REG,8,2025-10-26,Sunday,16:25,TEN,14.0,IND,38.0,Home,24.0,52.0,0.0,2025102609,59961.0,,202510260clt,28536.0,401772761,6852.0,7,7,950.0,-1650.0,15.5,-115.0,-105.0,47.5,-102.0,-118.0,1,closed,fieldturf,,,00-0040676,00-0035710,Cam Ward,Daniel Jones,Brian Callahan,Shane Steichen,Land Clark,IND00,Lucas Oil Stadium,1.0,0.29697493,0.0,-0.090029,1.0,1.0,0.38154712,7.1359773,0.17932091280817986,-0.0045134014944778755,0.5,0.19204199127852917,3.717691868543625,-0.090029,1.0,0.29697493,0.0,-1.0,-0.087467484,-7.1540513,-0.1941212061792612,0.025069087743759155,-1.5,-0.24297028500586748,-5.475998878479004,0.37344211898744106,-0.02958248923823703,2.0,0.43501227628439665,9.193690747022629
2025_08_GB_PIT,2025,REG,8,2025-10-26,Sunday,20:20,GB,35.0,PIT,25.0,Home,-10.0,60.0,0.0,2025102610,59962.0,,202510260pit,28537.0,401772925,6853.0,7,10,-155.0,130.0,-3.0,100.0,-120.0,46.5,-115.0,-105.0,0,outdoors,grass,46.0,5.0,00-0036264,00-0023459,Jordan Love,Aaron Rodgers,Matt LaFleur,Mike Tomlin,Shawn Hochuli,PIT00,Acrisure Stadium,0.0,0.01683642,1.0,0.1712627,0.0,-1.0,-0.15699676,4.962281,0.13980626687407494,0.027920440770685673,1.0,0.16041676420718431,6.797613024711609,0.1712627,0.0,0.01683642,1.0,1.0,0.32949492,13.540971,0.07391803618520498,-0.006659023463726044,0.0,0.10191082023084164,2.8196058869361877,0.06588823068886995,0.034579464234411716,1.0,0.05850594397634268,3.978007137775421
2025_08_WAS_KC,2025,REG,8,2025-10-27,Monday,20:15,WAS,7.0,KC,28.0,Home,21.0,35.0,0.0,2025102700,59963.0,,202510270kan,28538.0,401772817,6854.0,8,8,500.0,-700.0,10.5,-105.0,-115.0,48.5,-115.0,-105.0,0,outdoors,grass,54.0,8.0,00-0039910,00-0033873,Jayden Daniels,Patrick Mahomes,Dan Quinn,Andy Reid,Brad Allen,KAN00,GEHA Field at Arrowhead Stadium,1.0,0.2184266,2.0,-0.108423844,2.0,0.0,0.25077167,10.90322,0.1844024434685707,-0.03827359713613987,1.0,0.22796718031167984,6.4490169286727905,-0.108423844,2.0,0.2184266,2.0,0.0,-0.18105483,1.1250343,0.0709562012925744,0.10299997963011265,-1.0,0.025323564186692238,0.4082779139280319,0.1134462421759963,-0.14127357676625252,2.0,0.2026436161249876,6.040739014744759
2025_09_BAL_MIA,2025,REG,9,2025-10-30,Thursday,20:15,BAL,28.0,MIA,6.0,Home,-22.0,34.0,0.0,2025103000,59964.0,,202510300mia,28539.0,401772943,6855.0,4,4,-455.0,350.0,-7.5,-120.0,100.0,51.5,-110.0,-110.0,0,outdoors,grass,73.0,5.0,00-0034796,00-0036212,Lamar Jackson,Tua Tagovailoa,John Harbaugh,Mike McDaniel,Scott Novak,MIA00,Hard Rock Stadium,0.0,-0.19530647,3.0,0.13898645,0.0,-3.0,-0.20004813,-2.9514353,-0.01455265935510397,-0.01038652379065752,-0.75,-0.05734759755432606,2.1978609561920166,0.13898645,0.0,-0.19530647,3.0,3.0,0.21235003,18.10442,-0.08174622058868408,0.11421243846416473,-1.5,-0.12882998771965504,4.086468577384949,0.06719356123358011,-0.12459896225482225,0.75,0.07148239016532898,-1.8886076211929321
2025_09_CHI_CIN,2025,REG,9,2025-11-02,Sunday,13:00,CHI,47.0,CIN,42.0,Home,-5.0,89.0,0.0,2025110200,59965.0,,202511020cin,28540.0,401772765,6856.0,7,7,-162.0,136.0,-3.0,-105.0,-115.0,51.5,-108.0,-112.0,0,outdoors,fieldturf,50.0,6.0,00-0039918,00-0026158,Caleb Williams,Joe Flacco,Ben Johnson,Zac Taylor,Clete Blakeman,CIN00,Paycor Stadium,0.0,0.24996834,3.0,0.30640623,0.0,-3.0,0.23086919,2.815685,0.1364416303113103,0.22971098124980927,0.25,0.14169827848672867,-0.428903293563053,0.30640623,0.0,0.24996834,3.0,3.0,0.45313898,-0.14702393,0.012882670620456338,-0.03440000768750906,2.0,0.04078876320272684,-3.7314915657043457,0.12355895969085395,0.2641109889373183,-1.75,0.10090951528400183,3.3025882721412927
2025_09_MIN_DET,2025,REG,9,2025-11-02,Sunday,13:00,MIN,27.0,DET,24.0,Home,-3.0,51.0,0.0,2025110201,59966.0,,202511020det,28541.0,401772871,6857.0,10,13,410.0,-550.0,9.5,-108.0,-112.0,47.5,-105.0,-115.0,1,dome,fieldturf,,,00-0039923,00-0033106,J.J. McCarthy,Jared Goff,Kevin O'Connell,Dan Campbell,Clay Martin,DET00,Ford Field,0.0,-0.062377095,1.0,0.016869951,1.0,0.0,-0.0070774634,-2.5155873,0.019958769902586937,-0.11676619481295347,1.0,0.022754957899451256,7.447188325226307,0.016869951,1.0,-0.062377095,1.0,0.0,-0.021526927,-0.12288848,-0.0445715244859457,0.09188786847516894,-1.5,-0.10808365233242512,0.2120649665594101,0.06453029438853264,-0.20865406328812242,2.5,0.13083861023187637,7.235123358666897
2025_09_CAR_GB,2025,REG,9,2025-11-02,Sunday,13:00,CAR,16.0,GB,13.0,Home,-3.0,29.0,0.0,2025110202,59967.0,,202511020gnb,28542.0,401772872,6858.0,7,7,650.0,-1000.0,12.5,-102.0,-118.0,43.5,-115.0,-105.0,0,outdoors,grass,47.0,15.0,00-0039150,00-0036264,Bryce Young,Jordan Love,Dave Canales,Matt LaFleur,Land Clark,GNB00,Lambeau Field,0.0,-0.00045185973,2.0,0.066377036,1.0,-1.0,0.042524528,9.100836,0.10512758977711201,0.01494581438601017,0.25,0.1440285500138998,3.613420069217682,0.066377036,1.0,-0.00045185973,2.0,1.0,0.09463535,-11.497364,0.0006308304145932198,0.09627505950629711,-1.0,-0.021745450794696808,5.9980456829071045,0.10449675936251879,-0.08132924512028694,1.25,0.1657740008085966,-2.3846256136894226
2025_09_DEN_HOU,2025,REG,9,2025-11-02,Sunday,13:00,DEN,18.0,HOU,15.0,Home,-3.0,33.0,0.0,2025110203,59968.0,,202511020htx,28543.0,401772870,6859.0,7,7,105.0,-125.0,1.5,-110.0,-110.0,40.5,-105.0,-115.0,0,closed,astroturf,,,00-0039732,00-0039163,Bo Nix,C.J. Stroud,Sean Payton,DeMeco Ryans,Ron Torbert,HOU00,NRG Stadium,0.0,-0.15618701,1.0,-0.15534516,1.0,0.0,-0.14950095,-11.836634,0.07813124917447567,-0.19954893831163645,1.75,0.11659229919314384,4.670685529708862,-0.15534516,1.0,-0.15618701,1.0,0.0,-0.090001136,-10.228744,0.09859866090118885,0.013604287640191615,0.25,0.10890814661979675,0.5993108600378036,-0.02046741172671318,-0.21315322595182806,1.5,0.007684152573347092,4.071374669671059
2025_09_ATL_NE,2025,REG,9,2025-11-02,Sunday,13:00,ATL,23.0,NE,24.0,Home,1.0,47.0,0.0,2025110204,59969.0,,202511020nwe,28544.0,401772763,6860.0,7,7,205.0,-250.0,5.5,-110.0,-110.0,45.5,-112.0,-108.0,0,outdoors,fieldturf,52.0,7.0,00-0039917,00-0039851,Michael Penix,Drake Maye,Raheem Morris,Mike Vrabel,Brad Allen,BOS00,Gillette Stadium,1.0,0.022180023,2.0,0.016118255,0.0,-2.0,0.013419388,5.3275647,0.07901889272034168,-0.10277400480117649,1.25,0.14007469359785318,17.225227117538452,0.016118255,0.0,0.022180023,2.0,2.0,0.069721416,4.721758,-0.011338058859109879,0.07496129628270864,0.25,-0.030265845358371735,0.43576163053512573,0.09035695157945156,-0.17773530108388513,1.0,0.17034053895622492,16.789465487003326
2025_09_SF_NYG,2025,REG,9,2025-11-02,Sunday,13:00,SF,34.0,NYG,24.0,Home,-10.0,58.0,0.0,2025110205,59970.0,,202511020nyg,28545.0,401772767,6861.0,7,7,-148.0,124.0,-2.5,-120.0,100.0,47.5,-108.0,-112.0,0,outdoors,fieldturf,56.0,5.0,00-0036972,00-0040691,Mac Jones,Jaxson Dart,Kyle Shanahan,Brian Daboll,John Hussey,NYC01,MetLife Stadium,0.0,0.10907956,0.0,0.28280184,1.0,1.0,0.17014769,3.7361457,0.04959888197481632,0.08554943650960922,-1.0,0.04362449049949646,-3.708297163248062,0.28280184,1.0,0.10907956,0.0,-1.0,0.32996127,12.027717,0.05308750248514116,0.08575976081192493,0.0,0.008519505150616169,1.2644486278295517,-0.0034886205103248358,-0.00021032430231571198,-1.0,0.03510498534888029,-4.972745791077614
2025_09_IND_PIT,2025,REG,9,2025-11-02,Sunday,13:00,IND,20.0,PIT,27.0,Home,7.0,47.0,0.0,2025110206,59971.0,,202511020pit,28546.0,401772766,6862.0,7,7,-185.0,154.0,-3.5,100.0,-120.0,51.5,-105.0,-115.0,0,outdoors,grass,56.0,2.0,00-0035710,00-0023459,Daniel Jones,Aaron Rodgers,Shane Steichen,Mike Tomlin,Craig Wrolstad,PIT00,Acrisure Stadium,1.0,0.04702894,2.0,-0.041573096,5.0,3.0,-0.113479696,-2.6478224,0.13464834913611412,0.09142605680972338,-0.25,0.1341911405324936,6.904503107070923,-0.041573096,5.0,0.04702894,2.0,-3.0,-0.12281912,-1.6291019,0.26953747123479843,-0.02717621624469757,1.25,0.310620691627264,3.6139841973781586,-0.1348891220986843,0.11860227305442095,-1.5,-0.17642955109477043,3.2905189096927643
2025_09_LAC_TEN,2025,REG,9,2025-11-02,Sunday,13:00,LAC,27.0,TEN,20.0,Home,-7.0,47.0,0.0,2025110207,59972.0,,202511020oti,28547.0,401772764,6863.0,10,7,-650.0,470.0,-10.0,-112.0,-108.0,44.5,-110.0,-110.0,0,outdoors,grass,46.0,5.0,00-0036355,00-0040676,Justin Herbert,Cam Ward,Jim Harbaugh,Brian Callahan,Alex Kemp,NAS00,Nissan Stadium,0.0,-0.15055573,0.0,-0.001748857,1.0,1.0,-0.17723924,-11.784661,-0.11558863706886768,0.08194399811327457,-1.5,-0.17987680714577436,-1.1399575471878052,-0.001748857,1.0,-0.15055573,0.0,-1.0,0.0843003,6.475199,0.07649178244173527,0.09002237673848867,-0.25,0.06367037072777748,6.61098974943161,-0.19208041951060295,-0.0080783786252141,-1.25,-0.24354717787355185,-7.750947296619415
2025_09_NO_LA,2025,REG,9,2025-11-02,Sunday,16:05,NO,10.0,LA,34.0,Home,24.0,44.0,0.0,2025110208,59973.0,,202511020ram,28548.0,401772874,6864.0,7,14,750.0,-1200.0,14.0,-105.0,-115.0,44.5,-105.0,-115.0,0,dome,matrixturf,,,00-0040743,00-0026498,Tyler Shough,Matthew Stafford,Kellen Moore,Sean McVay,Shawn Smith,LAX01,SoFi Stadium,1.0,0.17350838,0.0,-0.21089819,2.0,2.0,0.26580772,12.679823,0.058856448202277534,-0.08113724179565907,0.5,0.0610593119636178,1.7757790386676788,-0.21089819,2.0,0.17350838,0.0,-2.0,-0.32076716,-6.384629,-0.16652195423375815,-0.0514656116720289,-0.5,-0.19055709149688482,-0.14041031152009964,0.22537840243603569,-0.029671630123630166,1.0,0.2516164034605026,1.9161893501877785
2025_09_JAX_LV,2025,REG,9,2025-11-02,Sunday,16:05,JAX,30.0,LV,29.0,Home,-1.0,59.0,1.0,2025110209,59974.0,,202511020rai,28549.0,401772873,6865.0,14,14,-130.0,110.0,-2.5,-105.0,-115.0,43.5,-105.0,-115.0,0,dome,grass,,,00-0036971,00-0030565,Trevor Lawrence,Geno Smith,Liam Coen,Pete Carroll,Alan Eck,VEG00,Allegiant Stadium,0.0,0.16708802,1.0,0.15596272,1.0,0.0,0.13890074,1.5299598,-0.2014730852097273,0.03712424822151661,-1.0,-0.3142785504460335,-1.4807628840208054,0.15596272,1.0,0.16708802,1.0,0.0,0.15706824,-0.0047953054,-0.017184007912874222,0.07611728366464376,0.75,-0.018958236556500196,-1.4154405742883682,-0.18428907729685307,-0.038993035443127155,-1.75,-0.2953203138895333,-0.06532230973243713
2025_09_KC_BUF,2025,REG,9,2025-11-02,Sunday,16:25,KC,21.0,BUF,28.0,Home,7.0,49.0,0.0,2025110210,59975.0,,202511020buf,28550.0,401772768,6866.0,6,7,-135.0,114.0,-2.5,-105.0,-115.0,53.5,-115.0,-105.0,0,outdoors,a_turf,54.0,6.0,00-0033873,00-0034857,Patrick Mahomes,Josh Allen,Andy Reid,Sean McDermott,Carl Cheffers,BUF00,New Era Field,1.0,0.15051062,0.0,0.06665412,1.0,1.0,0.23137388,18.442467,0.08465629117563367,-0.029667800292372704,-0.25,0.11506229359656572,-0.5105202198028564,0.06665412,1.0,0.15051062,0.0,-1.0,0.03537957,-4.389766,0.1928872987627983,-0.05466528423130512,0.5,0.23300903663039207,7.71042799949646,-0.10823100758716464,0.02499748393893242,-0.75,-0.11794674303382635,-8.220948219299316
2025_09_SEA_WAS,2025,REG,9,2025-11-02,Sunday,20:20,SEA,38.0,WAS,14.0,Home,-24.0,52.0,0.0,2025110211,59976.0,,202511020was,28551.0,401772926,6867.0,13,6,-148.0,124.0,-2.5,-120.0,100.0,47.5,-115.0,-105.0,0,outdoors,grass,53.0,3.0,00-0034869,00-0039910,Sam Darnold,Jayden Daniels,Mike Macdonald,Dan Quinn,Bill Vinovich,WAS00,FedExField,0.0,-0.098726004,2.0,0.33348554,1.0,-1.0,-0.019666107,4.0016704,0.0018270397558808327,0.10531250573694706,-1.0,-0.05276831425726414,-0.09626556932926178,0.33348554,1.0,-0.098726004,2.0,1.0,0.44841564,23.538717,0.04178825207054615,-0.004234638763591647,-0.5,0.06605694349855185,6.548580527305603,-0.03996121231466532,0.1095471445005387,-0.5,-0.11882525775581598,-6.644846096634865
2025_09_ARI_DAL,2025,REG,9,2025-11-03,Monday,20:15,ARI,27.0,DAL,17.0,Home,-10.0,44.0,0.0,2025110300,59977.0,,202511030dal,28552.0,401772818,6868.0,15,8,145.0,-175.0,3.5,-115.0,-105.0,53.5,-105.0,-115.0,0,closed,matrixturf,,,00-0033119,00-0033077,Jacoby Brissett,Dak Prescott,Jonathan Gannon,Brian Schottenheimer,Adrian Hill,DAL00,AT&T Stadium,0.0,-0.12246442,3.0,0.05365344,0.0,-3.0,-0.1111333,-0.48512432,0.17340435460209846,0.10224989615380764,0.75,0.17359599471092224,1.3894829005002975,0.05365344,0.0,-0.12246442,3.0,3.0,0.113321304,7.376096,0.021820507245138288,0.0815343139693141,-0.75,-0.029476778581738472,2.505470037460327,0.15158384735696018,0.02071558218449354,1.5,0.2030727732926607,-1.1159871369600296
2025_10_LV_DEN,2025,REG,10,2025-11-06,Thursday,20:15,LV,7.0,DEN,10.0,Home,3.0,17.0,0.0,2025110600,59978.0,,202511060den,28553.0,401772944,6869.0,4,4,380.0,-500.0,9.5,-112.0,-108.0,42.5,-110.0,-110.0,1,outdoors,grass,60.0,10.0,00-0030565,00-0039732,Geno Smith,Bo Nix,Pete Carroll,Sean Payton,Bill Vinovich,DEN00,Empower Field at Mile High,1.0,-0.34022477,2.0,-0.37579638,1.0,-1.0,-0.25227687,-7.1916385,0.04410209134221077,-0.02429017797112465,0.25,0.06852615997195244,-2.151807129383087,-0.37579638,1.0,-0.34022477,2.0,1.0,-0.39005506,-9.336032,-0.11669683642685413,0.09425798803567886,-0.25,-0.23061318323016167,-0.20247502624988556,0.1607989277690649,-0.11854816600680351,0.5,0.2991393432021141,-1.9493321031332016
2025_10_ATL_IND,2025,REG,10,2025-11-09,Sunday,09:30,ATL,25.0,IND,31.0,Neutral,6.0,56.0,1.0,2025110900,59979.0,,202511090clt,28554.0,401772636,6870.0,7,7,250.0,-310.0,6.5,-112.0,-108.0,48.5,-112.0,-108.0,0,closed,grass,46.0,2.0,00-0039917,00-0035710,Michael Penix,Daniel Jones,Raheem Morris,Shane Steichen,Clete Blakeman,IND00,Lucas Oil Stadium,1.0,0.10444423,2.0,0.009913677,1.0,-1.0,0.15098935,3.0726573,0.198541603051126,0.04103540536016226,0.0,0.21070758812129498,3.609285682439804,0.009913677,1.0,0.10444423,2.0,1.0,-0.066753104,-16.34972,-0.059602619148790836,0.03848310140892863,0.75,-0.07966675236821175,-1.243711531162262,0.25814422219991684,0.0025523039512336254,-0.75,0.2903743404895067,4.852997213602066
2025_10_NO_CAR,2025,REG,10,2025-11-09,Sunday,13:00,NO,17.0,CAR,7.0,Home,-10.0,24.0,0.0,2025110901,59980.0,,202511090car,28555.0,401772877,6871.0,7,7,200.0,-245.0,5.5,-112.0,-108.0,38.5,-105.0,-115.0,1,outdoors,grass,73.0,15.0,00-0040743,00-0039150,Tyler Shough,Bryce Young,Kellen Moore,Dave Canales,Brad Allen,CAR00,Bank of America Stadium,0.0,-0.14884812,3.0,0.05228745,0.0,-3.0,-0.4194234,2.75782,-0.01154783833771944,0.06586510020133574,-0.25,-0.037903521209955215,0.9516479969024658,0.05228745,0.0,-0.14884812,3.0,3.0,0.16176368,10.3709345,-0.208441665279679,0.04453138285316527,-2.25,-0.28285080660134554,-1.3794933333992958,0.19689382694195956,0.021333717348170467,2.0,0.24494728539139032,2.3311413303017616
2025_10_NYG_CHI,2025,REG,10,2025-11-09,Sunday,13:00,NYG,20.0,CHI,24.0,Home,4.0,44.0,0.0,2025110902,59981.0,,202511090chi,28556.0,401772875,6872.0,7,7,180.0,-218.0,4.5,-108.0,-112.0,45.5,-112.0,-108.0,0,outdoors,grass,33.0,10.0,00-0040691,00-0039918,Jaxson Dart,Caleb Williams,Brian Daboll,Ben Johnson,Adrian Hill,CHI98,Soldier Field,1.0,0.03266483,0.0,-0.00047346714,1.0,1.0,0.026302656,-8.151409,0.10762728773988783,0.07109632063657045,2.0,0.18421634193509817,-0.926728431135416,-0.00047346714,1.0,0.03266483,0.0,-1.0,0.0047921217,5.1157513,0.12948867306113243,0.16705473233014345,0.5,0.1588423177599907,-2.338278442621231,-0.021861385321244597,-0.095958411693573,1.5,0.02537402417510748,1.411550011485815
2025_10_JAX_HOU,2025,REG,10,2025-11-09,Sunday,13:00,JAX,29.0,HOU,36.0,Home,7.0,65.0,0.0,2025110903,59982.0,,202511090htx,28557.0,401772770,6873.0,7,7,-115.0,-105.0,-1.5,100.0,-120.0,37.5,-112.0,-108.0,1,closed,astroturf,,,00-0036971,00-0036898,Trevor Lawrence,Davis Mills,Liam Coen,DeMeco Ryans,Alex Moore,HOU00,NRG Stadium,1.0,-0.026847787,2.0,-0.083046414,2.0,0.0,0.07360695,-3.2593267,0.021715674549341202,-0.13734540808945894,1.5,0.04172445088624954,-0.3240988254547119,-0.083046414,2.0,-0.026847787,2.0,0.0,-0.23556854,-14.426666,0.02906661666929722,0.14601888414472342,-0.25,0.0008351118303835392,-1.6507948022335768,-0.0073509421199560165,-0.28336429223418236,1.75,0.040889339055866,1.3266959767788649
2025_10_BUF_MIA,2025,REG,10,2025-11-09,Sunday,13:00,BUF,13.0,MIA,30.0,Home,17.0,43.0,0.0,2025110904,59983.0,,202511090mia,28558.0,401772771,6874.0,7,10,-455.0,350.0,-8.5,-105.0,-115.0,50.5,-115.0,-105.0,1,outdoors,grass,84.0,6.0,00-0034857,00-0036212,Josh Allen,Tua Tagovailoa,Sean McDermott,Mike McDaniel,Ron Torbert,MIA00,Hard Rock Stadium,1.0,0.27289358,2.0,-0.021393692,3.0,1.0,0.31231633,5.9016995,-0.09367626998573542,-0.0044128382578492165,-2.0,-0.1311779897660017,-2.2425673604011536,-0.021393692,3.0,0.27289358,2.0,-1.0,-0.0736376,7.7052565,0.09126417571678758,-0.0060692280530929565,0.0,0.12381308246403933,1.7867913246154785,-0.184940445702523,0.00165638979524374,-2.0,-0.254991072230041,-4.029358685016632
2025_10_BAL_MIN,2025,REG,10,2025-11-09,Sunday,13:00,BAL,27.0,MIN,19.0,Home,-8.0,46.0,0.0,2025110905,59984.0,,202511090min,28559.0,401772876,6875.0,10,7,-230.0,190.0,-4.5,-105.0,-115.0,48.5,-105.0,-115.0,0,dome,sportturf,,,00-0034796,00-0039923,Lamar Jackson,J.J. McCarthy,John Harbaugh,Kevin O'Connell,Shawn Hochuli,MIN01,U.S. Bank Stadium,0.0,-0.16214164,3.0,-0.026205918,0.0,-3.0,-0.16057757,-11.62776,-0.054276539012789726,0.04111534310504794,-1.0,-0.12455201288685203,-1.1197236720472574,-0.026205918,0.0,-0.16214164,3.0,3.0,-0.0040036477,-13.496329,-0.03628533333539963,0.01926402747631073,-0.25,-0.060112178325653076,6.895549535751343,-0.0179912056773901,0.02185131562873721,-0.75,-0.06443983456119895,-8.0152732077986
2025_10_CLE_NYJ,2025,REG,10,2025-11-09,Sunday,13:00,CLE,20.0,NYJ,27.0,Home,7.0,47.0,0.0,2025110906,59985.0,,202511090nyj,28560.0,401772769,6876.0,14,14,-130.0,110.0,-1.5,-115.0,-105.0,37.5,-115.0,-105.0,0,outdoors,fieldturf,62.0,12.0,00-0040704,00-0028118,Dillon Gabriel,Tyrod Taylor,Kevin Stefanski,Aaron Glenn,Shawn Smith,NYC01,MetLife Stadium,1.0,-0.042260576,1.0,-0.10411829,0.0,-1.0,-0.29455703,-13.657004,-0.017069010064005852,0.0867267893627286,-0.5,-0.08081611874513328,-3.8112478256225586,-0.10411829,0.0,-0.042260576,1.0,1.0,-0.08239375,-16.412144,-0.11232696613296866,-0.06664134934544563,1.5,-0.15619781170971692,-5.535435453057289,0.09525795606896281,0.15336813870817423,-2.0,0.07538169296458364,1.7241876274347305
2025_10_NE_TB,2025,REG,10,2025-11-09,Sunday,13:00,NE,28.0,TB,23.0,Home,-5.0,51.0,0.0,2025110907,59986.0,,202511090tam,28561.0,401772772,6877.0,7,14,124.0,-148.0,2.5,100.0,-120.0,48.5,-105.0,-115.0,0,outdoors,grass,82.0,11.0,00-0039851,00-0034855,Drake Maye,Baker Mayfield,Mike Vrabel,Todd Bowles,Alex Kemp,TAM00,Raymond James Stadium,0.0,0.06262632,0.0,0.14551958,1.0,1.0,0.04433768,-2.5388048,0.031121937558054924,-0.05692551867105067,1.75,0.030904676765203476,2.205944538116455,0.14551958,1.0,0.06262632,0.0,-1.0,0.17789473,-5.8577046,0.06736125843599439,-0.1036551509751007,0.25,0.1279613203369081,15.118088126182556,-0.03623932087793946,0.04672963230405003,1.5,-0.09705664357170463,-12.912143588066101
2025_10_ARI_SEA,2025,REG,10,2025-11-09,Sunday,16:05,ARI,22.0,SEA,44.0,Home,22.0,66.0,0.0,2025110908,59987.0,,202511090sea,28562.0,401772773,6878.0,6,7,270.0,-340.0,7.0,-115.0,-105.0,44.5,-102.0,-118.0,1,outdoors,fieldturf,59.0,5.0,00-0033119,00-0034869,Jacoby Brissett,Sam Darnold,Jonathan Gannon,Mike Macdonald,Alan Eck,SEA00,Lumen Field,1.0,0.114629366,3.0,-0.19309273,2.0,-1.0,0.073704116,18.889622,0.110003343783319,-0.027438998222351074,-1.0,0.16434166487306356,10.700998783111572,-0.19309273,2.0,0.114629366,3.0,1.0,-0.2109028,-11.3510475,0.036711009219288826,0.035761915147304535,0.75,0.01917947456240654,5.588958382606506,0.07329233456403017,-0.06320091336965561,-1.75,0.14516219031065702,5.112040400505066
2025_10_LA_SF,2025,REG,10,2025-11-09,Sunday,16:25,LA,42.0,SF,26.0,Home,-16.0,68.0,0.0,2025110909,59988.0,,202511090sfo,28563.0,401772879,6879.0,7,7,-258.0,210.0,-5.5,-115.0,-105.0,49.5,-110.0,-110.0,1,outdoors,grass,77.0,3.0,00-0026498,00-0036972,Matthew Stafford,Mac Jones,Sean McVay,Kyle Shanahan,Land Clark,SFO01,Levi's Stadium,0.0,0.108680405,2.0,0.3344827,0.0,-2.0,0.12663357,14.974829,0.0945881453808397,0.09507245756685734,-0.75,0.05976244527846575,4.498718172311783,0.3344827,0.0,0.108680405,2.0,2.0,0.41087076,10.59486,0.10207797773182392,-0.11788896284997463,0.5,0.10712018329650164,3.5838604271411896,-0.007489832350984216,0.21296142041683197,-1.25,-0.04735773801803589,0.9148577451705933
2025_10_DET_WAS,2025,REG,10,2025-11-09,Sunday,16:25,DET,44.0,WAS,22.0,Home,-22.0,66.0,0.0,2025110910,59989.0,,202511090was,28564.0,401772878,6880.0,7,7,-455.0,350.0,-8.5,-105.0,-115.0,49.5,-112.0,-108.0,0,outdoors,grass,64.0,9.0,00-0033106,00-0032268,Jared Goff,Marcus Mariota,Dan Campbell,Dan Quinn,Scott Novak,WAS00,FedExField,0.0,0.15374723,0.0,0.44862825,0.0,0.0,0.17317353,14.2504,-0.0691298795863986,0.2093482669442892,-1.5,-0.12143234396353364,1.0924755334854126,0.44862825,0.0,0.15374723,0.0,0.0,0.49055284,9.601234,0.025196364149451256,-0.017040109261870384,0.5,0.05293588328640908,6.941092103719711,-0.09432624373584986,0.2263883762061596,-2.0,-0.17436822724994272,-5.848616570234299
2025_10_PIT_LAC,2025,REG,10,2025-11-09,Sunday,20:20,PIT,10.0,LAC,25.0,Home,15.0,35.0,0.0,2025110911,59990.0,,202511090sdg,28565.0,401772927,6881.0,7,7,136.0,-162.0,3.0,-118.0,-102.0,45.5,-115.0,-105.0,0,dome,matrixturf,,,00-0023459,00-0036355,Aaron Rodgers,Justin Herbert,Mike Tomlin,Jim Harbaugh,Brad Rogers,LAX01,SoFi Stadium,1.0,-0.052594017,1.0,-0.2951439,2.0,1.0,-0.08252314,-14.103084,0.0967189434741158,0.006108026020228863,-0.25,0.11985661648213863,6.795412242412567,-0.2951439,2.0,-0.052594017,1.0,-1.0,-0.3766053,-10.830245,0.11122733261436224,0.06711028050631285,0.0,0.056141117587685585,3.8448383808135986,-0.014508389140246436,-0.061002254486083984,-0.25,0.06371549889445305,2.9505738615989685
2025_10_PHI_GB,2025,REG,10,2025-11-10,Monday,20:15,PHI,10.0,GB,7.0,Home,-3.0,17.0,0.0,2025111000,59991.0,,202511100gnb,28566.0,401772630,6882.0,15,8,-110.0,-110.0,1.5,-122.0,102.0,45.5,-108.0,-112.0,0,outdoors,grass,33.0,9.0,00-0036389,00-0036264,Jalen Hurts,Jordan Love,Nick Sirianni,Matt LaFleur,Clay Martin,GNB00,Lambeau Field,0.0,-0.15625188,2.0,-0.0955392,1.0,-1.0,-0.17316198,-6.4590898,0.12863431389268953,0.054732825607061386,0.0,0.17441867757588625,6.557971775531769,-0.0955392,1.0,-0.15625188,2.0,1.0,-0.07821262,-0.7928242,0.08469299750868231,0.07821605820208788,0.0,0.16140430577797815,8.67447578907013,0.04394131638400722,-0.023483232595026493,0.0,0.013014371797908098,-2.1165040135383606
2025_11_NYJ_NE,2025,REG,11,2025-11-13,Thursday,20:15,NYJ,14.0,NE,27.0,Home,13.0,41.0,0.0,2025111300,59992.0,,202511130nwe,28567.0,401772945,6883.0,4,4,625.0,-950.0,12.5,-105.0,-115.0,43.5,-115.0,-105.0,1,outdoors,fieldturf,39.0,9.0,00-0028118,00-0039851,Tyrod Taylor,Drake Maye,Aaron Glenn,Mike Vrabel,Alan Eck,BOS00,Gillette Stadium,1.0,0.122662164,0.0,-0.051907476,1.0,1.0,0.1668583,13.539707,0.08059599669650197,-0.08965104538947344,-0.25,0.13302271580323577,10.954652309417725,-0.051907476,1.0,0.122662164,0.0,-1.0,-0.08509738,-7.0659966,-0.03399656806141138,-0.004584874026477337,-0.5,-0.15743522346019745,-8.504897356033325,0.11459256475791335,-0.0850661713629961,0.25,0.2904579392634332,19.45954966545105
2025_11_WAS_MIA,2025,REG,11,2025-11-16,Sunday,09:30,WAS,13.0,MIA,16.0,Neutral,3.0,29.0,1.0,2025111600,59993.0,,202511160mia,28568.0,401772631,6884.0,7,7,124.0,-148.0,2.5,100.0,-120.0,47.5,-110.0,-110.0,0,outdoors,grass,,,00-0032268,00-0036212,Marcus Mariota,Tua Tagovailoa,Dan Quinn,Mike McDaniel,Shawn Smith,MIA00,Hard Rock Stadium,1.0,0.092809476,1.0,0.0105573395,1.0,0.0,-0.019850018,2.0625825,-0.04084208235144615,-0.041872932109981775,-1.25,-0.07585105299949646,-1.3587321639060974,0.0105573395,1.0,0.092809476,1.0,0.0,0.07062747,2.292768,-0.0397845134139061,0.2982504181563854,-0.75,-0.06221473263576627,1.8683463335037231,-0.0010575689375400543,-0.3401233502663672,-0.5,-0.013636320363730192,-3.2270784974098206
2025_11_CAR_ATL,2025,REG,11,2025-11-16,Sunday,13:00,CAR,30.0,ATL,27.0,Home,-3.0,57.0,1.0,2025111601,59994.0,,202511160atl,28569.0,401772882,6885.0,7,7,180.0,-218.0,4.5,-118.0,-102.0,42.5,-110.0,-110.0,1,closed,fieldturf,,,00-0039150,00-0039917,Bryce Young,Michael Penix,Dave Canales,Raheem Morris,Clay Martin,ATL97,Mercedes-Benz Stadium,0.0,0.043179642,1.0,0.10403259,0.0,-1.0,0.1268177,-5.197359,-0.07047173613682389,0.08649885421618819,0.5,-0.11305401474237442,-3.740824043750763,0.10403259,0.0,0.043179642,1.0,1.0,0.12748949,2.1731024,-0.08739167544990778,0.034795140687492676,-0.75,-0.1826055720448494,-1.7811148762702942,0.016919939313083887,0.051703713528695516,1.25,0.06955155730247498,-1.9597091674804688
2025_11_TB_BUF,2025,REG,11,2025-11-16,Sunday,13:00,TB,32.0,BUF,44.0,Home,12.0,76.0,0.0,2025111602,59995.0,,202511160buf,28570.0,401772776,6886.0,7,7,230.0,-285.0,6.0,-108.0,-112.0,46.5,-112.0,-108.0,0,outdoors,a_turf,38.0,20.0,00-0034855,00-0034857,Baker Mayfield,Josh Allen,Todd Bowles,Sean McDermott,Alex Moore,BUF00,New Era Field,1.0,0.3199538,2.0,0.14344041,3.0,1.0,0.2434395,-0.81264174,0.08100504288449883,0.04495152644813061,0.25,0.09567181579768658,2.2278599739074707,0.14344041,3.0,0.3199538,2.0,-1.0,0.053903747,-8.347463,-0.03793233446776867,-0.0822206235025078,1.5,-0.057181782089173794,-3.540380895137787,0.1189373773522675,0.1271721499506384,-1.25,0.15285359788686037,5.768240869045258
2025_11_LAC_JAX,2025,REG,11,2025-11-16,Sunday,13:00,LAC,6.0,JAX,35.0,Home,29.0,41.0,0.0,2025111603,59996.0,,202511160jax,28571.0,401772775,6887.0,7,7,-155.0,130.0,-3.0,-105.0,-115.0,43.5,-110.0,-110.0,0,outdoors,grass,74.0,9.0,00-0036355,00-0036971,Justin Herbert,Trevor Lawrence,Jim Harbaugh,Liam Coen,Craig Wrolstad,JAX00,TIAA Bank Stadium,1.0,0.14330657,1.0,-0.31960014,1.0,0.0,0.079592556,-1.569854,-0.03216705843806267,0.10701592732220888,0.0,-0.06513055600225925,-7.272765217348933,-0.31960014,1.0,0.14330657,1.0,0.0,-0.5113475,-12.2959585,0.051458768342854455,-0.0830671563744545,-0.5,0.07322807423770428,1.0721094012260437,-0.08362582678091712,0.19008308369666338,0.5,-0.13835863023996353,-8.344874618574977
2025_11_CHI_MIN,2025,REG,11,2025-11-16,Sunday,13:00,CHI,19.0,MIN,17.0,Home,-2.0,36.0,0.0,2025111604,59997.0,,202511160min,28573.0,401772880,6888.0,7,7,124.0,-148.0,3.0,-115.0,-105.0,47.5,-102.0,-118.0,1,dome,sportturf,,,00-0039918,00-0039923,Caleb Williams,J.J. McCarthy,Ben Johnson,Kevin O'Connell,Brad Rogers,MIN01,U.S. Bank Stadium,0.0,-0.18373172,2.0,-0.083501436,0.0,-2.0,-0.19253063,-15.244287,-0.10569369606673717,0.036596900317817926,-1.25,-0.17381629021838307,-6.020376557484269,-0.083501436,0.0,-0.18373172,2.0,2.0,-0.047584422,-9.485139,0.09253858518786728,0.06188651233242126,1.5,0.1494101886637509,-0.9097327627241611,-0.19823228125460446,-0.025289612014603335,-2.75,-0.32322647888213396,-5.110643794760108
2025_11_GB_NYG,2025,REG,11,2025-11-16,Sunday,13:00,GB,27.0,NYG,20.0,Home,-7.0,47.0,0.0,2025111605,59998.0,,202511160nyg,28574.0,401772883,6889.0,6,7,-440.0,340.0,-7.5,-110.0,-110.0,41.5,-110.0,-110.0,0,outdoors,fieldturf,55.0,17.0,00-0036264,00-0031503,Jordan Love,Jameis Winston,Matt LaFleur,Brian Daboll,Scott Novak,NYC01,MetLife Stadium,0.0,0.12306843,2.0,0.29348153,0.0,-2.0,0.15184397,0.5008324,0.08625596820638748,0.18330722581595182,-0.25,0.09695375652518123,-1.5768450796604156,0.29348153,0.0,0.12306843,2.0,2.0,0.3496135,1.535541,0.03478407750662882,0.006730776280164719,0.0,0.07912070769816637,3.2904933094978333,0.05147189069975866,0.1765764495357871,-0.25,0.017833048827014863,-4.867338389158249
2025_11_CIN_PIT,2025,REG,11,2025-11-16,Sunday,13:00,CIN,12.0,PIT,34.0,Home,22.0,46.0,0.0,2025111606,59999.0,,202511160pit,28575.0,401772774,6890.0,14,7,205.0,-250.0,5.5,-108.0,-112.0,48.5,-110.0,-110.0,1,outdoors,grass,46.0,17.0,00-0026158,00-0023459,Joe Flacco,Aaron Rodgers,Zac Taylor,Mike Tomlin,Bill Vinovich,PIT00,Acrisure Stadium,1.0,0.15000911,0.0,-0.12511623,2.0,2.0,0.19927467,0.5320484,0.008637822233140469,0.07404560968279839,-0.25,-0.07054873369634151,-0.9089081287384033,-0.12511623,2.0,0.15000911,0.0,-2.0,-0.23671341,-9.606239,0.20371169969439507,0.25929687917232513,0.0,0.2294330894947052,0.2730552554130554,-0.1950738774612546,-0.18525126948952675,-0.25,-0.2999818231910467,-1.1819633841514587
2025_11_HOU_TEN,2025,REG,11,2025-11-16,Sunday,13:00,HOU,16.0,TEN,13.0,Home,-3.0,29.0,0.0,2025111607,60000.0,,202511160oti,28576.0,401772881,6891.0,7,14,-265.0,215.0,-5.5,-108.0,-112.0,37.5,-118.0,-102.0,1,outdoors,grass,64.0,8.0,00-0036898,00-0040676,Davis Mills,Cam Ward,DeMeco Ryans,Brian Callahan,Shawn Hochuli,NAS00,Nissan Stadium,0.0,-0.053439867,1.0,0.011592424,0.0,-1.0,-0.11977044,-1.995718,-0.1468198411166668,0.09737009069067426,-1.0,-0.2141405176371336,-1.6807199716567993,0.011592424,0.0,-0.053439867,1.0,1.0,-0.066967174,-0.025067091,-0.06406174413859844,-0.0954866698011756,0.75,-0.03772938624024391,-5.184366405010223,-0.08275809697806835,0.19285676049184985,-1.75,-0.1764111313968897,3.503646433353424
2025_11_SF_ARI,2025,REG,11,2025-11-16,Sunday,16:05,SF,41.0,ARI,22.0,Home,-19.0,63.0,0.0,2025111608,60001.0,,202511160crd,28577.0,401772885,6892.0,7,7,-192.0,160.0,-3.5,-105.0,-115.0,48.5,-112.0,-108.0,1,closed,grass,,,00-0037834,00-0033119,Brock Purdy,Jacoby Brissett,Kyle Shanahan,Jonathan Gannon,Carl Cheffers,PHO00,State Farm Stadium,0.0,-0.0674839,3.0,0.24973929,0.0,-3.0,0.061462756,12.436021,0.004301132634282112,0.07082698494195938,0.75,-0.014979885891079903,1.3453104496002197,0.24973929,0.0,-0.0674839,3.0,3.0,0.19118915,10.061668,0.11786488071084023,0.13891479931771755,-0.75,0.11275097634643316,6.4527248442173,-0.11356374807655811,-0.06808781437575817,1.5,-0.12773086223751307,-5.107414394617081
2025_11_SEA_LA,2025,REG,11,2025-11-16,Sunday,16:05,SEA,19.0,LA,21.0,Home,2.0,40.0,0.0,2025111609,60002.0,,202511160ram,28578.0,401772884,6893.0,7,7,145.0,-175.0,3.0,100.0,-120.0,49.5,-105.0,-115.0,1,dome,matrixturf,,,00-0034869,00-0026498,Sam Darnold,Matthew Stafford,Mike Macdonald,Sean McVay,John Hussey,LAX01,SoFi Stadium,1.0,-0.20245463,1.0,-0.14114448,4.0,3.0,-0.17388196,-16.569473,0.16774145886301994,-0.11991867795586586,1.5,0.19110196735709906,7.049450665712357,-0.14114448,4.0,-0.20245463,1.0,-3.0,-0.19965518,0.018557956,0.07698568422347307,-0.16042303293943405,-0.75,0.08135703671723604,11.34782600402832,0.09075577463954687,0.04050435498356819,2.25,0.10974493063986301,-4.298375338315964
2025_11_BAL_CLE,2025,REG,11,2025-11-16,Sunday,16:25,BAL,23.0,CLE,16.0,Home,-7.0,39.0,0.0,2025111610,60003.0,,202511160cle,28579.0,401772777,6894.0,7,7,-440.0,340.0,-7.5,-105.0,-115.0,37.5,-105.0,-115.0,1,outdoors,grass,44.0,20.0,00-0034796,00-0040704,Lamar Jackson,Dillon Gabriel,John Harbaugh,Kevin Stefanski,Land Clark,CLE00,FirstEnergy Stadium,0.0,-0.18444827,2.0,-0.055871524,2.0,0.0,-0.40910968,-20.817377,-0.13632350135594606,-0.08808824140578508,1.25,-0.17394275777041912,-7.934589520096779,-0.055871524,2.0,-0.18444827,2.0,0.0,-0.088329546,-8.797863,0.019783528987318277,-0.10033685341477394,1.25,0.0228226101025939,3.6008952409029007,-0.15610703034326434,0.012248612008988857,0.0,-0.19676536787301302,-11.53548476099968
2025_11_KC_DEN,2025,REG,11,2025-11-16,Sunday,16:25,KC,19.0,DEN,22.0,Home,3.0,41.0,0.0,2025111611,60004.0,,202511160den,28580.0,401772778,6895.0,14,10,-218.0,180.0,-3.5,-120.0,100.0,44.5,-110.0,-110.0,1,outdoors,grass,70.0,6.0,00-0033873,00-0039732,Patrick Mahomes,Bo Nix,Andy Reid,Sean Payton,Adrian Hill,DEN00,Empower Field at Mile High,1.0,0.07053218,0.0,0.043696053,1.0,1.0,0.032746006,1.4099624,-0.013559117913246155,-0.08215151354670525,0.25,0.02686970867216587,-4.8300687074661255,0.043696053,1.0,0.07053218,0.0,-1.0,0.04535641,-2.7892575,0.17725981958210468,-0.05750969983637333,0.0,0.1946050627157092,5.061746597290039,-0.19081893749535084,-0.024641813710331917,0.25,-0.16773535404354334,-9.891815304756165
2025_11_DET_PHI,2025,REG,11,2025-11-16,Sunday,20:20,DET,9.0,PHI,16.0,Home,7.0,25.0,0.0,2025111612,60005.0,,202511160phi,28581.0,401772928,6896.0,7,6,130.0,-155.0,2.5,-102.0,-118.0,46.5,-108.0,-112.0,0,outdoors,grass,45.0,15.0,00-0033106,00-0036389,Jared Goff,Jalen Hurts,Dan Campbell,Nick Sirianni,Alex Kemp,PHI00,Lincoln Financial Field,1.0,-0.14838521,0.0,-0.2951536,1.0,1.0,-0.22944675,-9.799186,0.06196048576384783,0.02349280845373869,0.25,0.141060845926404,9.041930809617043,-0.2951536,1.0,-0.14838521,0.0,-1.0,-0.40076452,-30.071493,0.09033776633441448,0.026174684055149555,0.0,0.11887216183822602,4.9930287301540375,-0.028377280570566654,-0.002681875601410866,0.25,0.02218868408817798,4.048902079463005
2025_11_DAL_LV,2025,REG,11,2025-11-17,Monday,20:15,DAL,33.0,LV,16.0,Home,-17.0,49.0,0.0,2025111700,60006.0,,202511170rai,28572.0,401772819,6897.0,14,11,-198.0,164.0,-3.5,-115.0,-105.0,48.5,-115.0,-105.0,0,dome,grass,,,00-0033077,00-0030565,Dak Prescott,Geno Smith,Brian Schottenheimer,Pete Carroll,Brad Allen,VEG00,Allegiant Stadium,0.0,-0.14010692,1.0,0.11873236,1.0,0.0,-0.21752599,-3.226324,-0.15419154427945614,-0.0514007993042469,0.5,-0.27492469921708107,-2.457871586084366,0.11873236,1.0,-0.14010692,1.0,0.0,0.13367651,8.717983,0.0775061585009098,0.10930084250867367,-0.25,0.055835047736763954,1.4216726049780846,-0.23169770278036594,-0.16070164181292057,0.75,-0.330759746953845,-3.8795441910624504
2025_12_BUF_HOU,2025,REG,12,2025-11-20,Thursday,20:15,BUF,19.0,HOU,23.0,Home,4.0,42.0,0.0,2025112000,60007.0,,202511200htx,28582.0,401772946,6898.0,4,4,-258.0,210.0,-5.5,-108.0,-112.0,43.5,-105.0,-115.0,0,closed,astroturf,,,00-0034857,00-0036898,Josh Allen,Davis Mills,Sean McDermott,DeMeco Ryans,Adrian Hill,HOU00,NRG Stadium,1.0,-0.042015243,0.0,-0.06709406,3.0,3.0,-0.06426352,-7.4990497,0.004512737970799208,-0.06385915540158749,0.25,0.023041129112243652,-1.6512774229049683,-0.06709406,3.0,-0.042015243,0.0,-3.0,-0.16421366,0.77118695,0.18289818847551942,0.06746409274637699,1.0,0.18625282682478428,3.9973367154598236,-0.1783854505047202,-0.13132324814796448,-0.75,-0.16321169771254063,-5.648614138364792
2025_12_NYJ_BAL,2025,REG,12,2025-11-23,Sunday,13:00,NYJ,10.0,BAL,23.0,Home,13.0,33.0,0.0,2025112300,60008.0,,202511230rav,28583.0,401772782,6899.0,10,7,675.0,-1050.0,14.0,-110.0,-110.0,44.5,-102.0,-118.0,0,outdoors,grass,54.0,3.0,00-0028118,00-0034796,Tyrod Taylor,Lamar Jackson,Aaron Glenn,John Harbaugh,Clete Blakeman,BAL00,M&T Bank Stadium,1.0,0.08631885,0.0,-0.10710463,2.0,2.0,-0.049538817,1.1591094,0.07157571660354733,-0.1251811794936657,1.75,0.08375854138284922,1.6327381134033203,-0.10710463,2.0,0.08631885,0.0,-2.0,-0.17015553,-1.4548068,-0.010885678231716156,0.05347565095871687,-1.0,-0.07354420609772205,-6.579352974891663,0.08246139483526349,-0.17865683045238256,2.75,0.15730274748057127,8.212091088294983
2025_12_PIT_CHI,2025,REG,12,2025-11-23,Sunday,13:00,PIT,28.0,CHI,31.0,Home,3.0,59.0,0.0,2025112301,60009.0,,202511230chi,28584.0,401772780,6900.0,7,7,130.0,-155.0,3.0,-115.0,-105.0,46.5,-108.0,-112.0,0,outdoors,grass,51.0,3.0,00-0034771,00-0039918,Mason Rudolph,Caleb Williams,Mike Tomlin,Ben Johnson,John Hussey,CHI98,Soldier Field,1.0,0.008020486,2.0,-0.004005429,2.0,0.0,0.013785063,-3.9243712,0.07418532017618418,0.073789250694972,1.25,0.11406430276110768,-2.473824802786112,-0.004005429,2.0,0.008020486,2.0,0.0,0.0010508562,8.868385,-0.02031735796481371,-0.012005161494016647,0.75,-0.11195177026093006,-1.9959344416856766,0.09450267814099789,0.08579441218898864,0.5,0.22601607302203774,-0.47789036110043526
2025_12_NE_CIN,2025,REG,12,2025-11-23,Sunday,13:00,NE,26.0,CIN,20.0,Home,-6.0,46.0,0.0,2025112302,60010.0,,202511230cin,28585.0,401772781,6901.0,10,7,-395.0,310.0,-7.5,-108.0,-112.0,50.5,-102.0,-118.0,0,outdoors,fieldturf,54.0,7.0,00-0039851,00-0026158,Drake Maye,Joe Flacco,Mike Vrabel,Zac Taylor,Land Clark,CIN00,Paycor Stadium,0.0,-0.052540172,1.0,0.070408165,1.0,0.0,-0.1933743,-5.8715377,0.14831539243459702,0.2420118898153305,-0.75,0.14702844247221947,-3.2958680987358093,0.070408165,1.0,-0.052540172,1.0,0.0,0.0035673163,-0.41911432,0.07044984633103013,-0.0698603205382824,-0.5,0.10786803951486945,7.930893898010254,0.07786554610356688,0.3118722103536129,-0.25,0.039160402957350016,-11.226761996746063
2025_12_NYG_DET,2025,REG,12,2025-11-23,Sunday,13:00,NYG,27.0,DET,34.0,Home,7.0,61.0,1.0,2025112303,60011.0,,202511230det,28586.0,401772888,6902.0,7,7,675.0,-1050.0,14.0,-115.0,-105.0,50.5,100.0,-120.0,0,dome,fieldturf,,,00-0031503,00-0033106,Jameis Winston,Jared Goff,Brian Daboll,Dan Campbell,Craig Wrolstad,DET00,Ford Field,1.0,0.15583764,1.0,0.111450076,1.0,0.0,0.14838901,-2.887576,-0.0001855716109275818,-0.06834047939628363,-0.25,-0.009400257957167923,-6.070850759744644,0.111450076,1.0,0.15583764,1.0,0.0,0.11667237,-4.205554,0.08204386255965801,0.23003377672284842,-0.5,0.10423158423509449,2.7927148789167404,-0.08222943417058559,-0.29837425611913204,0.25,-0.11363184219226241,-8.863565638661385
2025_12_MIN_GB,2025,REG,12,2025-11-23,Sunday,13:00,MIN,6.0,GB,23.0,Home,17.0,29.0,0.0,2025112304,60012.0,,202511230gnb,28587.0,401772887,6903.0,7,7,235.0,-290.0,6.5,-112.0,-108.0,41.5,-112.0,-108.0,1,outdoors,grass,43.0,10.0,00-0039923,00-0036264,J.J. McCarthy,Jordan Love,Kevin O'Connell,Matt LaFleur,Carl Cheffers,GNB00,Lambeau Field,1.0,0.09838914,1.0,-0.2065675,2.0,1.0,0.024495091,5.1076026,0.07701012196775991,0.02768567204475403,0.25,0.1371177388355136,4.429564476013184,-0.2065675,2.0,0.09838914,1.0,-1.0,-0.42938006,-4.204098,-0.14694283436983824,-0.00041330186650156975,-1.25,-0.19971816102042794,-9.696685055270791,0.22395295633759815,0.028098973911255598,1.5,0.33683589985594153,14.126249531283975
2025_12_IND_KC,2025,REG,12,2025-11-23,Sunday,13:00,IND,20.0,KC,23.0,Home,3.0,43.0,1.0,2025112305,60013.0,,202511230kan,28588.0,401772779,6904.0,14,7,180.0,-218.0,3.5,100.0,-120.0,50.5,-112.0,-108.0,0,outdoors,grass,,,00-0035710,00-0033873,Daniel Jones,Patrick Mahomes,Shane Steichen,Andy Reid,Alex Moore,KAN00,GEHA Field at Arrowhead Stadium,1.0,0.015047909,2.0,0.013101494,0.0,-2.0,0.013962668,1.1543812,0.13076497241854668,-0.056611595675349236,-0.25,0.13906250149011612,2.4489359855651855,0.013101494,0.0,0.015047909,2.0,2.0,-0.004252271,-5.1461277,0.18301124963909388,0.01416508061811328,-0.25,0.21112404204905033,3.4402128756046295,-0.0522462772205472,-0.07077667629346251,0.0,-0.07206154055893421,-0.991276890039444
2025_12_SEA_TEN,2025,REG,12,2025-11-23,Sunday,13:00,SEA,30.0,TEN,24.0,Home,-6.0,54.0,0.0,2025112306,60014.0,,202511230oti,28589.0,401772886,6905.0,7,7,-950.0,625.0,-12.5,-115.0,-105.0,41.5,-110.0,-110.0,0,outdoors,grass,55.0,1.0,00-0034869,00-0040676,Sam Darnold,Cam Ward,Mike Macdonald,Brian Callahan,Ron Torbert,NAS00,Nissan Stadium,0.0,-0.035985384,0.0,0.10193609,0.0,0.0,-0.005286897,4.872784,-0.10627374332398176,0.11751631487277336,-0.75,-0.1671659629791975,-3.567135214805603,0.10193609,0.0,-0.035985384,0.0,0.0,0.29043922,2.1095746,0.031755125150084496,-0.18924471735954285,-1.5,0.018536457791924477,9.502833229955286,-0.13802886847406626,0.3067610322323162,0.75,-0.18570242077112198,-13.069968444760889
2025_12_JAX_ARI,2025,REG,12,2025-11-23,Sunday,16:05,JAX,27.0,ARI,24.0,Home,-3.0,51.0,1.0,2025112307,60015.0,,202511230crd,28590.0,401772783,6906.0,7,7,-135.0,114.0,-2.5,-108.0,-112.0,47.5,-115.0,-105.0,0,closed,grass,,,00-0036971,00-0033119,Trevor Lawrence,Jacoby Brissett,Liam Coen,Jonathan Gannon,Scott Novak,PHO00,State Farm Stadium,0.0,-0.09841932,0.0,-0.055761337,4.0,4.0,-0.14695233,3.2745106,-0.04191858693957329,0.09162039682269096,0.0,-0.022082467563450336,3.2980066537857056,-0.055761337,4.0,-0.09841932,0.0,-4.0,-0.1880864,-2.9648776,0.025451555848121643,0.017171455547213554,0.0,-0.03977075591683388,-7.130466816946864,-0.06737014278769493,0.07444894127547741,0.0,0.01768828835338354,10.42847347073257
2025_12_CLE_LV,2025,REG,12,2025-11-23,Sunday,16:05,CLE,24.0,LV,10.0,Home,-14.0,34.0,0.0,2025112308,60016.0,,202511230rai,28591.0,401772784,6907.0,7,6,136.0,-162.0,3.0,-105.0,-115.0,35.5,-102.0,-118.0,0,dome,grass,,,00-0040668,00-0030565,Shedeur Sanders,Geno Smith,Kevin Stefanski,Pete Carroll,Shawn Hochuli,VEG00,Allegiant Stadium,0.0,-0.34645662,1.0,-0.21297964,2.0,1.0,-0.3811777,0.5469673,-0.1719701550900936,0.032188355922698975,0.0,-0.2843458317220211,-3.954507440328598,-0.21297964,2.0,-0.34645662,1.0,-1.0,-0.21827911,-6.1316547,-0.1623517358675599,-0.1308596571907401,1.25,-0.22987966798245907,-10.58304776251316,-0.009618419222533703,0.16304801311343908,-1.25,-0.054466163739562035,6.628540322184563
2025_12_PHI_DAL,2025,REG,12,2025-11-23,Sunday,16:25,PHI,21.0,DAL,24.0,Home,3.0,45.0,0.0,2025112309,60017.0,,202511230dal,28592.0,401772890,6908.0,7,6,-162.0,136.0,-3.0,-105.0,-115.0,47.5,100.0,-120.0,1,closed,matrixturf,,,00-0036389,00-0033077,Jalen Hurts,Dak Prescott,Nick Sirianni,Brian Schottenheimer,Bill Vinovich,DAL00,AT&T Stadium,1.0,0.018747525,3.0,0.016721087,1.0,-2.0,-0.021556584,1.4702291,0.06304742768406868,0.03564230538904667,-0.5,0.04435122199356556,1.8189523443579674,0.016721087,1.0,0.018747525,3.0,2.0,0.06195238,6.529649,0.032950468361377716,-0.09340992663055658,1.0,0.10786749050021172,4.288970842957497,0.030096959322690964,0.12905223201960325,-1.5,-0.06351626850664616,-2.4700184985995293
2025_12_ATL_NO,2025,REG,12,2025-11-23,Sunday,16:25,ATL,24.0,NO,10.0,Home,-14.0,34.0,0.0,2025112310,60018.0,,202511230nor,28593.0,401772889,6909.0,7,14,102.0,-122.0,1.5,-112.0,-108.0,41.5,-118.0,-102.0,1,dome,sportturf,,,00-0029604,00-0040743,Kirk Cousins,Tyler Shough,Raheem Morris,Kellen Moore,Brad Rogers,NOR00,Mercedes-Benz Superdome,0.0,-0.24951252,2.0,-0.0668665,1.0,-1.0,-0.27482358,-3.454824,-0.197022276930511,-0.01582580409012735,-1.25,-0.2321230284869671,-0.42469391971826553,-0.0668665,1.0,-0.24951252,2.0,1.0,-0.11221283,7.183568,-0.04032772732898593,0.10161138558760285,0.25,-0.052813924849033356,-3.5885735154151917,-0.15669454960152507,-0.1174371896777302,-1.5,-0.17930910363793373,3.163879595696926
2025_12_TB_LA,2025,REG,12,2025-11-23,Sunday,20:20,TB,7.0,LA,34.0,Home,27.0,41.0,0.0,2025112311,60019.0,,202511230ram,28594.0,401772929,6910.0,7,7,295.0,-375.0,7.0,-110.0,-110.0,49.5,100.0,-120.0,0,dome,matrixturf,,,00-0034855,00-0026498,Baker Mayfield,Matthew Stafford,Todd Bowles,Sean McVay,Clay Martin,LAX01,SoFi Stadium,1.0,0.0718686,0.0,-0.34395128,2.0,2.0,0.095611155,4.716209,0.138395544141531,-0.08944473043084145,1.75,0.15592817589640617,2.7317641973495483,-0.34395128,2.0,0.0718686,0.0,-2.0,-0.42991775,-18.583328,-0.04185056500136852,-0.006125539541244507,0.75,-0.11729695834219456,-7.494698226451874,0.1802461091428995,-0.08331919088959694,1.0,0.27322513423860073,10.226462423801422
2025_12_CAR_SF,2025,REG,12,2025-11-24,Monday,20:15,CAR,9.0,SF,20.0,Home,11.0,29.0,0.0,2025112400,60020.0,,202511240sfo,28595.0,401772820,6911.0,8,8,310.0,-395.0,7.5,-115.0,-105.0,48.5,-105.0,-115.0,0,outdoors,grass,58.0,3.0,00-0039150,00-0037834,Bryce Young,Brock Purdy,Dave Canales,Kyle Shanahan,Alex Kemp,SFO01,Levi's Stadium,1.0,0.00026087996,3.0,-0.20194416,2.0,-1.0,-0.0013478714,1.4753535,0.16940408665686846,0.1413929220288992,0.0,0.15193235035985708,8.679397404193878,-0.20194416,2.0,0.00026087996,3.0,1.0,-0.20065023,-2.599432,-0.047892557457089424,0.09438431340095121,-1.0,-0.1355278417468071,-0.7170571684837341,0.21729664411395788,0.04700860862794798,1.0,0.2874601921066642,9.396454572677612
2025_13_GB_DET,2025,REG,13,2025-11-27,Thursday,13:00,GB,31.0,DET,24.0,Home,-7.0,55.0,0.0,2025112700,60021.0,,202511270det,28596.0,401772891,6912.0,4,4,130.0,-155.0,2.5,105.0,-125.0,48.5,-110.0,-110.0,1,dome,fieldturf,,,00-0036264,00-0033106,Jordan Love,Jared Goff,Matt LaFleur,Dan Campbell,Ron Torbert,DET00,Ford Field,0.0,0.07472049,0.0,0.23368798,0.0,0.0,0.038740046,2.5614557,0.061733800917863846,0.03342051152139902,-0.25,0.057774966466240585,-6.4683555364608765,0.23368798,0.0,0.07472049,0.0,0.0,0.2887753,0.85305196,0.058791733186808415,-0.028165306895971298,0.25,0.060867780819535255,2.321222424507141,0.002942067731055431,0.06158581841737032,-0.5,-0.0030928143532946706,-8.789577960968018
2025_13_KC_DAL,2025,REG,13,2025-11-27,Thursday,16:30,KC,28.0,DAL,31.0,Home,3.0,59.0,0.0,2025112701,60022.0,,202511270dal,28597.0,401772694,6913.0,4,4,-185.0,154.0,-3.5,-105.0,-115.0,53.5,-110.0,-110.0,0,closed,matrixturf,,,00-0033873,00-0033077,Patrick Mahomes,Dak Prescott,Andy Reid,Brian Schottenheimer,John Hussey,DAL00,AT&T Stadium,1.0,0.20943409,1.0,0.17184441,0.0,-1.0,0.23159094,4.8387246,0.019618988502770662,0.06625643605366349,-1.5,0.014419343788176775,2.084540106356144,0.17184441,0.0,0.20943409,1.0,1.0,0.2499537,4.746996,0.08595617138780653,0.03143011359497905,-1.0,0.0863675803411752,1.2196443974971771,-0.06633718288503587,0.034826322458684444,-0.5,-0.07194823655299842,0.8648957088589668
2025_13_CIN_BAL,2025,REG,13,2025-11-27,Thursday,20:20,CIN,32.0,BAL,14.0,Home,-18.0,46.0,0.0,2025112702,60023.0,,202511270rav,28598.0,401772930,6914.0,4,4,295.0,-375.0,7.0,100.0,-120.0,52.5,-115.0,-105.0,1,outdoors,grass,38.0,11.0,00-0036442,00-0034796,Joe Burrow,Lamar Jackson,Zac Taylor,John Harbaugh,Craig Wrolstad,BAL00,M&T Bank Stadium,0.0,-0.254492,5.0,0.058864724,1.0,-4.0,-0.3401037,-6.798955,0.03580696554854512,-0.16225025057792664,2.0,0.017619503661990166,-0.7576658129692078,0.058864724,1.0,-0.254492,5.0,4.0,-0.0023466074,-5.9782834,0.08040863554924726,0.19315647333860397,-1.25,0.016323674470186234,-5.165946900844574,-0.04460167000070214,-0.3554067239165306,3.25,0.0012958291918039322,4.408281087875366
2025_13_CHI_PHI,2025,REG,13,2025-11-28,Friday,15:00,CHI,24.0,PHI,15.0,Home,-9.0,39.0,0.0,2025112800,60024.0,,202511280phi,28599.0,401772621,6915.0,5,5,270.0,-340.0,7.0,-105.0,-115.0,43.5,-115.0,-105.0,0,outdoors,grass,42.0,18.0,00-0039918,00-0036389,Caleb Williams,Jalen Hurts,Ben Johnson,Nick Sirianni,Carl Cheffers,PHI00,Lincoln Financial Field,0.0,-0.093071,2.0,0.049971733,1.0,-1.0,-0.036498737,0.56730205,0.02099589677527547,-0.0840392536483705,1.0,0.05263736378401518,1.440317764878273,0.049971733,1.0,-0.093071,2.0,1.0,0.041945234,-12.467104,0.0658975278493017,0.015439429793332238,1.5,0.11141056870110333,-5.426985803991556,-0.04490163107402623,-0.09947868344170274,-0.5,-0.05877320491708815,6.867303568869829
2025_13_LA_CAR,2025,REG,13,2025-11-30,Sunday,13:00,LA,28.0,CAR,31.0,Home,3.0,59.0,0.0,2025113000,60025.0,,202511300car,28600.0,401772894,6916.0,7,6,-575.0,425.0,-10.0,-110.0,-110.0,44.5,-105.0,-115.0,0,outdoors,grass,45.0,3.0,00-0026498,00-0039150,Matthew Stafford,Bryce Young,Sean McVay,Dave Canales,Scott Novak,CAR00,Bank of America Stadium,1.0,0.17190976,0.0,0.18383175,3.0,3.0,0.23759843,8.805422,-0.0450956616550684,0.023819027708668727,0.0,-0.09948719665408134,-2.2914684414863586,0.18383175,3.0,0.17190976,0.0,-3.0,0.13982019,3.4452045,0.09435126185417175,-0.14682838879525661,2.25,0.14960191771388054,2.8553546667099,-0.13944692350924015,0.17064741650392534,-2.25,-0.24908911436796188,-5.1468231081962585
2025_13_SF_CLE,2025,REG,13,2025-11-30,Sunday,13:00,SF,26.0,CLE,8.0,Home,-18.0,34.0,0.0,2025113001,60026.0,,202511300cle,28601.0,401772785,6917.0,6,7,-250.0,205.0,-5.5,-108.0,-112.0,35.5,-112.0,-108.0,0,outdoors,grass,35.0,20.0,00-0037834,00-0040668,Brock Purdy,Shedeur Sanders,Kyle Shanahan,Kevin Stefanski,Brad Allen,CLE00,FirstEnergy Stadium,0.0,-0.26048693,1.0,0.05402304,1.0,0.0,-0.19539794,1.3269962,-0.201956145465374,-0.11328777577728033,0.0,-0.26468849927186966,-12.174706935882568,0.05402304,1.0,-0.26048693,1.0,0.0,0.0089214165,9.485659,0.1603706026726286,0.04353355057537556,-0.25,0.16160903082345612,9.63489180803299,-0.3623267481380026,-0.1568213263526559,0.25,-0.4262975300953258,-21.809598743915558
2025_13_HOU_IND,2025,REG,13,2025-11-30,Sunday,13:00,HOU,20.0,IND,16.0,Home,-4.0,36.0,0.0,2025113002,60027.0,,202511300clt,28602.0,401772787,6918.0,10,7,142.0,-170.0,3.0,-105.0,-115.0,44.5,-112.0,-108.0,1,closed,fieldturf,,,00-0039163,00-0035710,C.J. Stroud,Daniel Jones,DeMeco Ryans,Shane Steichen,Clay Martin,IND00,Lucas Oil Stadium,0.0,-0.05253441,0.0,0.036908988,1.0,1.0,-0.11632912,-8.849447,0.09323688829317689,-0.004509618738666177,-0.25,0.10136627196334302,0.8583512604236603,0.036908988,1.0,-0.05253441,0.0,-1.0,0.011093848,6.0488114,-0.05336440494284034,-0.08973137382417917,1.0,-0.051781173795461655,-5.655019283294678,0.14660129323601723,0.085221755085513,-1.25,0.15314744575880468,6.513370543718338
2025_13_NO_MIA,2025,REG,13,2025-11-30,Sunday,13:00,NO,17.0,MIA,21.0,Home,4.0,38.0,0.0,2025113003,60028.0,,202511300mia,28603.0,401772892,6919.0,7,14,205.0,-250.0,5.5,-110.0,-110.0,41.5,-105.0,-115.0,0,outdoors,grass,76.0,10.0,00-0040743,00-0036212,Tyler Shough,Tua Tagovailoa,Kellen Moore,Mike McDaniel,Alan Eck,MIA00,Hard Rock Stadium,1.0,-0.082613416,1.0,-0.11682594,2.0,1.0,-0.13490428,-1.2718008,0.08654632233083248,-0.025593095691874623,-0.25,0.058768346440047026,1.8189465403556824,-0.11682594,2.0,-0.082613416,1.0,-1.0,-0.16475911,9.799112,-0.20156473945826292,-0.03002033568918705,-0.75,-0.22662457451224327,-1.3872261047363281,0.2881110617890954,0.004427239997312427,0.5,0.2853929209522903,3.2061726450920105
2025_13_ATL_NYJ,2025,REG,13,2025-11-30,Sunday,13:00,ATL,24.0,NYJ,27.0,Home,3.0,51.0,0.0,2025113004,60029.0,,202511300nyj,28604.0,401772893,6920.0,7,7,-166.0,140.0,-3.0,-112.0,-108.0,38.5,-105.0,-115.0,0,outdoors,fieldturf,43.0,8.0,00-0029604,00-0028118,Kirk Cousins,Tyrod Taylor,Raheem Morris,Aaron Glenn,Shawn Hochuli,NYC01,MetLife Stadium,1.0,0.13227716,1.0,0.11300913,0.0,-1.0,0.009249041,-1.6333286,0.01113242655992508,0.08854633383452892,-1.0,-0.0521415788680315,-4.151831865310669,0.11300913,0.0,0.13227716,1.0,1.0,0.17422655,-0.82986104,0.000586268026381731,-0.004713920410722494,0.75,0.00439329631626606,-2.410438299179077,0.010546158533543348,0.09326025424525142,-1.75,-0.05653487518429756,-1.7413935661315918
2025_13_ARI_TB,2025,REG,13,2025-11-30,Sunday,13:00,ARI,17.0,TB,20.0,Home,3.0,37.0,0.0,2025113005,60030.0,,202511300tam,28605.0,401772895,6921.0,7,7,164.0,-198.0,4.5,-115.0,-105.0,44.5,-108.0,-112.0,0,outdoors,grass,80.0,8.0,00-0033119,00-0034855,Jacoby Brissett,Baker Mayfield,Jonathan Gannon,Todd Bowles,Bill Vinovich,TAM00,Raymond James Stadium,1.0,-0.00075898593,0.0,-0.058549806,2.0,2.0,0.062032398,-0.580391,-0.05393991433084011,0.03480157256126404,0.25,-0.11990656889975071,-9.778634011745453,-0.058549806,2.0,-0.00075898593,0.0,-2.0,-0.026304463,11.051675,-0.07633562944829464,0.04653572477400303,1.25,-0.045767766423523426,2.93389493227005,0.02239571511745453,-0.01173415221273899,-1.0,-0.07413880247622728,-12.712528944015503
2025_13_JAX_TEN,2025,REG,13,2025-11-30,Sunday,13:00,JAX,25.0,TEN,3.0,Home,-22.0,28.0,0.0,2025113006,60031.0,,202511300oti,28606.0,401772786,6922.0,7,7,-270.0,220.0,-6.0,-108.0,-112.0,42.5,-105.0,-115.0,1,outdoors,grass,38.0,7.0,00-0036971,00-0040676,Trevor Lawrence,Cam Ward,Liam Coen,Brian Callahan,Brad Rogers,NAS00,Nissan Stadium,0.0,-0.40782958,2.0,-0.03589733,0.0,-2.0,-0.42417985,-1.6733855,-0.08250249549746513,0.1021886451926548,-0.25,-0.09744101448450238,-4.015411615371704,-0.03589733,0.0,-0.40782958,2.0,2.0,0.012991327,4.199546,0.04011538438498974,-0.0694448072463274,-1.0,-0.04674853757023811,-4.741548297926784,-0.12261787988245487,0.1716334524389822,0.75,-0.05069247691426426,0.7261366825550795
2025_13_MIN_SEA,2025,REG,13,2025-11-30,Sunday,16:05,MIN,0.0,SEA,26.0,Home,26.0,26.0,0.0,2025113007,60032.0,,202511300sea,28608.0,401772896,6923.0,7,7,600.0,-900.0,12.5,-110.0,-110.0,42.5,-110.0,-110.0,0,outdoors,fieldturf,45.0,2.0,00-0040494,00-0034869,Max Brosmer,Sam Darnold,Kevin O'Connell,Mike Macdonald,Clete Blakeman,SEA00,Lumen Field,1.0,-0.026964685,1.0,-0.501576,6.0,5.0,-0.17788509,-15.944954,0.10222662799060345,-0.1325646871700883,-0.75,0.1532259490340948,11.139117879327387,-0.501576,6.0,-0.026964685,1.0,-5.0,-0.7026967,-4.164899,-0.13389272522181273,-0.018423826899379492,-1.5,-0.20100379595533013,-7.799758294597268,0.23611935321241617,-0.1141408602707088,0.75,0.35422974498942494,18.938876173924655
2025_13_LV_LAC,2025,REG,13,2025-11-30,Sunday,16:25,LV,14.0,LAC,31.0,Home,17.0,45.0,0.0,2025113008,60033.0,,202511300sdg,28607.0,401772788,6924.0,7,14,440.0,-600.0,10.0,-115.0,-105.0,40.5,-108.0,-112.0,1,dome,matrixturf,,,00-0030565,00-0036355,Geno Smith,Justin Herbert,Pete Carroll,Jim Harbaugh,Alex Moore,LAX01,SoFi Stadium,1.0,0.120390005,1.0,-0.16314189,1.0,0.0,0.13819392,11.456143,-0.05087794197606854,-0.1402902491390705,0.0,-0.07647187076508999,-2.703043580055237,-0.16314189,1.0,0.120390005,1.0,0.0,-0.33158827,12.157199,-0.1738179735839367,-0.06962733343243599,0.5,-0.21246450021862984,-2.6213572174310684,0.12294003160786815,-0.07066291570663452,-0.5,0.13599262945353985,-0.0816863626241684
2025_13_BUF_PIT,2025,REG,13,2025-11-30,Sunday,16:25,BUF,26.0,PIT,7.0,Home,-19.0,33.0,0.0,2025113009,60034.0,,202511300pit,28609.0,401772789,6925.0,10,7,-166.0,140.0,-3.0,-115.0,-105.0,44.5,-112.0,-108.0,0,outdoors,grass,34.0,16.0,00-0034857,00-0023459,Josh Allen,Aaron Rodgers,Sean McDermott,Mike Tomlin,Alex Kemp,PIT00,Acrisure Stadium,0.0,-0.33619013,2.0,0.06199505,2.0,0.0,-0.4242491,-26.582245,-0.025527820107527077,-0.052815714152529836,1.0,-0.07243986701359972,-1.0194084197282791,0.06199505,2.0,-0.33619013,2.0,0.0,0.10006493,-8.480161,0.09549416834488511,0.11024321708828211,-0.5,0.05924052931368351,6.526567101478577,-0.12102198845241219,-0.16305893124081194,1.5,-0.13168039632728323,-7.545975521206856
2025_13_DEN_WAS,2025,REG,13,2025-11-30,Sunday,20:20,DEN,27.0,WAS,26.0,Home,-1.0,53.0,1.0,2025113010,60035.0,,202511300was,28610.0,401772931,6926.0,14,14,-310.0,250.0,-6.5,-105.0,-115.0,43.5,-112.0,-108.0,0,outdoors,grass,40.0,13.0,00-0039732,00-0032268,Bo Nix,Marcus Mariota,Sean Payton,Dan Quinn,Land Clark,WAS00,FedExField,0.0,0.07361138,1.0,0.12566079,1.0,0.0,0.07272244,3.2220693,-0.010711319511756301,0.27333746664226055,-0.25,0.010770016815513372,5.417468070983887,0.12566079,1.0,0.07361138,1.0,0.0,0.1828667,-4.0230823,-0.02256990410387516,-0.10620671324431896,0.25,0.01417496521025896,-1.760502278804779,0.01185858459211886,0.3795441798865795,-0.5,-0.0034049483947455883,7.177970349788666
2025_13_NYG_NE,2025,REG,13,2025-12-01,Monday,20:15,NYG,15.0,NE,33.0,Home,18.0,48.0,0.0,2025120100,60036.0,,202512010nwe,28611.0,401772821,6927.0,8,8,295.0,-375.0,7.0,-105.0,-115.0,46.5,-105.0,-115.0,0,outdoors,fieldturf,30.0,5.0,00-0040691,00-0039851,Jaxson Dart,Drake Maye,Brian Daboll,Mike Vrabel,Alex Kemp,BOS00,Gillette Stadium,1.0,0.068884395,0.0,-0.20870337,1.0,1.0,0.16901201,15.778169,0.09019248420372605,-0.006425769068300724,-0.5,0.09043493279023096,3.1476132348179817,-0.20870337,1.0,0.068884395,0.0,-1.0,-0.108175755,3.5155828,0.08578115015552612,0.19119645934551954,-0.5,0.1108640352031216,1.2867938429117203,0.004411334048199933,-0.19762222841382027,0.0,-0.020429102412890643,1.8608193919062614
2025_14_DAL_DET,2025,REG,14,2025-12-04,Thursday,20:15,DAL,30.0,DET,44.0,Home,14.0,74.0,0.0,2025120400,60037.0,,202512040det,28612.0,401772947,6928.0,7,7,160.0,-192.0,3.5,-110.0,-110.0,55.5,-110.0,-110.0,0,dome,fieldturf,,,00-0033077,00-0033106,Dak Prescott,Jared Goff,Brian Schottenheimer,Dan Campbell,Shawn Hochuli,DET00,Ford Field,1.0,0.21606752,0.0,0.06692678,3.0,3.0,0.33324614,9.590087,0.09600819647312164,0.08762501925230026,-0.25,0.06922934390604496,-5.199094772338867,0.06692678,3.0,0.21606752,0.0,-3.0,-0.013462055,1.2320498,0.05611239047721028,0.025528004858642817,-1.5,0.05814439291134477,3.6354531720280647,0.03989580599591136,0.062097014393657446,1.25,0.011084950994700193,-8.834547944366932
2025_14_SEA_ATL,2025,REG,14,2025-12-07,Sunday,13:00,SEA,37.0,ATL,9.0,Home,-28.0,46.0,0.0,2025120700,60038.0,,202512070atl,28613.0,401772900,6929.0,7,7,-355.0,280.0,-7.0,100.0,-120.0,44.5,-108.0,-112.0,0,closed,fieldturf,,,00-0034869,00-0029604,Sam Darnold,Kirk Cousins,Mike Macdonald,Raheem Morris,Alex Kemp,ATL97,Mercedes-Benz Stadium,0.0,-0.22709265,3.0,0.21866286,1.0,-2.0,-0.35601547,-12.767703,0.024808987509459257,0.02281036414206028,0.5,0.030519580468535423,-3.7983430325984955,0.21866286,1.0,-0.22709265,3.0,2.0,0.15181388,-0.2642474,0.012114070821553469,-0.23327718768268824,0.25,-0.00334923155605793,1.2682000822387636,0.012694916687905788,0.2560875518247485,0.25,0.03386881202459335,-5.066543114837259
2025_14_PIT_BAL,2025,REG,14,2025-12-07,Sunday,13:00,PIT,27.0,BAL,22.0,Home,-5.0,49.0,0.0,2025120701,60039.0,,202512070rav,28614.0,401772791,6930.0,7,10,220.0,-270.0,5.5,100.0,-120.0,43.5,-105.0,-115.0,1,outdoors,grass,44.0,6.0,00-0023459,00-0034796,Aaron Rodgers,Lamar Jackson,Mike Tomlin,John Harbaugh,Alex Moore,BAL00,M&T Bank Stadium,0.0,0.055604514,1.0,0.20395018,0.0,-1.0,0.013068917,-5.037571,-0.06256265146657825,-0.09870745334774256,0.25,-0.1204939242452383,-6.9835094809532166,0.20395018,0.0,0.055604514,1.0,1.0,0.2688342,4.3227205,-0.12133258872199804,-0.026923677185550332,0.25,-0.1501322211115621,-7.003014042973518,0.05876993725541979,-0.07178377616219223,0.0,0.0296382968663238,0.01950456202030182
2025_14_CIN_BUF,2025,REG,14,2025-12-07,Sunday,13:00,CIN,34.0,BUF,39.0,Home,5.0,73.0,0.0,2025120710,60048.0,,202512070buf,28623.0,401772902,6939.0,10,7,230.0,-285.0,6.0,-108.0,-112.0,54.5,-108.0,-112.0,0,outdoors,a_turf,31.0,12.0,00-0036442,00-0034857,Joe Burrow,Josh Allen,Zac Taylor,Sean McDermott,Brad Rogers,BUF00,New Era Field,1.0,0.23546357,1.0,0.17645109,2.0,1.0,0.25490448,12.483756,0.07336527528241277,0.00953215267509222,-0.75,0.026413293555378914,-0.20408976078033447,0.17645109,2.0,0.23546357,1.0,-1.0,0.118888974,7.0097647,0.03279416449368,0.06808287277817726,-0.25,-0.05039128346834332,-4.66009384393692,0.04057111078873277,-0.05855072010308504,-0.5,0.07680457702372223,4.456004083156586
2025_14_TEN_CLE,2025,REG,14,2025-12-07,Sunday,13:00,TEN,31.0,CLE,29.0,Home,-2.0,60.0,0.0,2025120702,60040.0,,202512070cle,28615.0,401772898,6931.0,7,7,170.0,-205.0,4.5,-120.0,100.0,33.5,-105.0,-115.0,0,outdoors,grass,33.0,6.0,00-0040676,00-0040668,Cam Ward,Shedeur Sanders,Brian Callahan,Kevin Stefanski,Carl Cheffers,CLE00,FirstEnergy Stadium,0.0,-0.07952839,2.0,-0.026393266,1.0,-1.0,-0.056927666,-4.735759,-0.19050828367471695,-0.09764141961932182,0.0,-0.2262951210141182,-10.508544832468033,-0.026393266,1.0,-0.07952839,2.0,1.0,-0.09271315,-10.566516,-0.1619526408612728,0.01897058103349991,-0.5,-0.18161910644266754,-2.6452451646327972,-0.028555642813444138,-0.11661200065282173,0.5,-0.04467601457145065,-7.863299667835236
2025_14_IND_JAX,2025,REG,14,2025-12-07,Sunday,13:00,IND,19.0,JAX,36.0,Home,17.0,55.0,0.0,2025120704,60042.0,,202512070jax,28617.0,401772793,6933.0,7,7,-135.0,114.0,-2.5,-112.0,-108.0,44.5,-105.0,-115.0,1,outdoors,grass,61.0,7.0,00-0035710,00-0036971,Daniel Jones,Trevor Lawrence,Shane Steichen,Liam Coen,John Hussey,JAX00,TIAA Bank Stadium,1.0,0.084357195,1.0,-0.09637675,3.0,2.0,0.09141081,-3.3913436,-0.00784962810575962,-0.21317420713603497,-0.5,-0.08276776527054608,-3.6904630064964294,-0.09637675,3.0,0.084357195,1.0,-2.0,-0.18852082,-0.44940874,0.0058595542795956135,0.02722487854771316,-0.25,-0.02310278848744929,-3.138004869222641,-0.013709182385355234,-0.24039908568374813,-0.25,-0.05966497678309679,-0.5524581372737885
2025_14_WAS_MIN,2025,REG,14,2025-12-07,Sunday,13:00,WAS,0.0,MIN,31.0,Home,31.0,31.0,0.0,2025120705,60043.0,,202512070min,28618.0,401772899,6934.0,7,7,-115.0,-105.0,-1.5,-102.0,-118.0,43.5,-102.0,-118.0,0,dome,sportturf,,,00-0032268,00-0039923,Marcus Mariota,J.J. McCarthy,Dan Quinn,Kevin O'Connell,Brad Allen,MIN01,U.S. Bank Stadium,1.0,0.21436723,0.0,-0.3402776,3.0,3.0,0.30938014,0.14395174,-0.2635042145848274,-0.009570724330842495,-2.75,-0.3712962344288826,-8.810260891914368,-0.3402776,3.0,0.21436723,0.0,-3.0,-0.4321307,-17.469059,0.03479748615063727,0.25014601461589336,-0.25,0.07421433506533504,5.941726803779602,-0.2983017007354647,-0.25971673894673586,-2.5,-0.44551056949421763,-14.75198769569397
2025_14_MIA_NYJ,2025,REG,14,2025-12-07,Sunday,13:00,MIA,34.0,NYJ,10.0,Home,-24.0,44.0,0.0,2025120706,60044.0,,202512070nyj,28619.0,401772790,6935.0,7,7,-148.0,124.0,-2.5,-115.0,-105.0,41.5,-112.0,-108.0,1,outdoors,fieldturf,41.0,6.0,00-0036212,00-0028118,Tua Tagovailoa,Tyrod Taylor,Mike McDaniel,Aaron Glenn,Bill Vinovich,NYC01,MetLife Stadium,0.0,-0.28259543,3.0,0.120074295,0.0,-3.0,-0.45283943,-20.353386,-0.017248880118131638,0.05446796491742134,-1.25,-0.13514022482559085,-5.952784091234207,0.120074295,0.0,-0.28259543,3.0,3.0,0.20675522,-9.189209,0.02194579318165779,0.0028310406487435102,-0.25,-0.010621525812894106,0.9352614879608154,-0.03919467329978943,0.05163692426867783,-1.0,-0.12451869901269674,-6.888045579195023
2025_14_NO_TB,2025,REG,14,2025-12-07,Sunday,13:00,NO,24.0,TB,20.0,Home,-4.0,44.0,0.0,2025120707,60045.0,,202512070tam,28620.0,401772792,6936.0,7,7,330.0,-425.0,7.5,-102.0,-118.0,41.5,-105.0,-115.0,1,outdoors,grass,73.0,6.0,00-0040743,00-0034855,Tyler Shough,Baker Mayfield,Kellen Moore,Todd Bowles,Clete Blakeman,TAM00,Raymond James Stadium,0.0,-0.09513143,1.0,-0.030502,1.0,0.0,-0.17834827,-16.479784,-0.03466088579443749,0.11969804391264915,0.0,-0.0674109822139144,-7.512496665120125,-0.030502,1.0,-0.09513143,1.0,0.0,0.018192068,-2.2512498,-0.1312373010441661,-0.031204914674162865,-0.25,-0.14964654296636581,2.582648515701294,0.0965764152497286,0.15090295858681202,0.25,0.08223556075245142,-10.095145180821419
2025_14_DEN_LV,2025,REG,14,2025-12-07,Sunday,16:05,DEN,24.0,LV,17.0,Home,-7.0,41.0,0.0,2025120708,60046.0,,202512070rai,28621.0,401772794,6937.0,7,7,-470.0,360.0,-8.5,-110.0,-110.0,40.5,-115.0,-105.0,1,dome,grass,,,00-0039732,00-0030565,Bo Nix,Geno Smith,Sean Payton,Pete Carroll,Shawn Smith,VEG00,Allegiant Stadium,0.0,-0.0033985188,0.0,0.12193471,0.0,0.0,-0.053848155,8.219963,-0.2563754506409168,-0.07852051220834255,0.5,-0.33008675277233124,0.03545255959033966,0.12193471,0.0,-0.0033985188,0.0,0.0,0.15527518,10.979731,-0.0748442392796278,-0.10366898961365223,0.0,-0.031666322611272335,-5.008375465869904,-0.18153121136128902,0.025148477405309677,0.5,-0.2984204301610589,5.043828025460243
2025_14_LA_ARI,2025,REG,14,2025-12-07,Sunday,16:25,LA,45.0,ARI,17.0,Home,-28.0,62.0,0.0,2025120709,60047.0,,202512070crd,28622.0,401772901,6938.0,7,7,-500.0,380.0,-9.5,-110.0,-110.0,49.5,-110.0,-110.0,1,closed,grass,,,00-0026498,00-0033119,Matthew Stafford,Jacoby Brissett,Sean McVay,Jonathan Gannon,Ron Torbert,PHO00,State Farm Stadium,0.0,-0.0724118,1.0,0.3219148,0.0,-1.0,-0.06186256,-8.447311,-0.10438644140958786,0.07696208289416973,0.0,-0.0806742082349956,3.8527897000312805,0.3219148,0.0,-0.0724118,1.0,1.0,0.43855754,4.0551534,0.09693210572004318,-0.051126400008797646,1.0,0.11810503527522087,0.5467000603675842,-0.20131854712963104,0.12808848290296737,-1.0,-0.19877924351021647,3.3060896396636963
2025_14_CHI_GB,2025,REG,14,2025-12-07,Sunday,16:25,CHI,21.0,GB,28.0,Home,7.0,49.0,0.0,2025120703,60041.0,,202512070gnb,28616.0,401772897,6932.0,9,10,245.0,-305.0,6.5,-105.0,-115.0,44.5,-115.0,-105.0,1,outdoors,grass,16.0,9.0,00-0039918,00-0036264,Caleb Williams,Jordan Love,Ben Johnson,Matt LaFleur,Craig Wrolstad,GNB00,Lambeau Field,1.0,0.20676117,1.0,0.1088696,1.0,0.0,0.23984332,12.038748,0.11732669360935688,-0.026079444214701653,0.5,0.12243047263473272,0.25927646458148956,0.1088696,1.0,0.20676117,1.0,0.0,0.108080216,1.85374,0.0017889037262648344,-0.07032040366175352,1.0,0.008612132864072919,-8.50700581073761,0.11553778988309205,0.044240959447051864,-0.5,0.1138183397706598,8.7662822753191
2025_14_HOU_KC,2025,REG,14,2025-12-07,Sunday,20:20,HOU,20.0,KC,10.0,Home,-10.0,30.0,0.0,2025120711,60049.0,,202512070kan,28624.0,401772932,6940.0,7,10,180.0,-218.0,4.5,-115.0,-105.0,41.5,-110.0,-110.0,0,outdoors,grass,27.0,8.0,00-0039163,00-0033873,C.J. Stroud,Patrick Mahomes,DeMeco Ryans,Andy Reid,Alan Eck,KAN00,GEHA Field at Arrowhead Stadium,0.0,-0.25417763,3.0,-0.08459942,0.0,-3.0,-0.29289538,-14.852203,0.07431062334217131,0.1108945976011455,-0.75,0.08616308798082173,-0.31941166520118713,-0.08459942,0.0,-0.25417763,3.0,3.0,-0.07540149,-6.102078,-0.0050904047675430775,-0.06402868684381247,0.75,-0.011632473906502128,-1.1836580038070679,0.07940102810971439,0.17492328444495797,-1.5,0.09779556188732386,0.8642463386058807
2025_14_PHI_LAC,2025,REG,14,2025-12-08,Monday,20:15,PHI,19.0,LAC,22.0,Home,3.0,41.0,1.0,2025120800,60050.0,,202512080sdg,28625.0,401772822,6941.0,10,8,-120.0,100.0,-1.5,-105.0,-115.0,41.5,-105.0,-115.0,0,dome,matrixturf,,,00-0036389,00-0036355,Jalen Hurts,Justin Herbert,Nick Sirianni,Jim Harbaugh,Scott Novak,LAX01,SoFi Stadium,1.0,-0.13749674,2.0,-0.13950889,5.0,3.0,-0.2722897,-15.622796,-0.06338825097191148,-0.11638373881578445,0.0,-0.09284409694373608,-2.1169248819351196,-0.13950889,5.0,-0.13749674,2.0,-3.0,-0.26299182,-10.747973,-0.08006858034059405,-0.09567155176773667,0.75,-0.07055143266916275,-0.8737647831439972,0.016680329368682578,-0.02071218704804778,-0.75,-0.022292664274573326,-1.2431600987911224
2025_15_ATL_TB,2025,REG,15,2025-12-11,Thursday,20:15,ATL,29.0,TB,28.0,Home,-1.0,57.0,0.0,2025121100,60051.0,,202512110tam,28626.0,401772948,6942.0,4,4,225.0,-278.0,6.0,-112.0,-108.0,43.5,-110.0,-110.0,1,outdoors,grass,56.0,5.0,00-0029604,00-0034855,Kirk Cousins,Baker Mayfield,Raheem Morris,Todd Bowles,Carl Cheffers,TAM00,Raymond James Stadium,0.0,0.15542297,1.0,0.15935174,1.0,0.0,0.055107303,-1.1208204,-0.07410032184270676,0.07569264760240912,-0.25,-0.1230824701488018,-10.997741475701332,0.15935174,1.0,0.15542297,1.0,0.0,0.21736157,7.697925,-0.034442595206201077,0.051365021616220474,-0.25,-0.041796011850237846,-2.902838796377182,-0.039657726636505686,0.02432762598618865,0.0,-0.08128645829856396,-8.09490267932415
2025_15_CLE_CHI,2025,REG,15,2025-12-14,Sunday,13:00,CLE,3.0,CHI,31.0,Home,28.0,34.0,0.0,2025121400,60052.0,,202512140chi,28627.0,401772904,6943.0,7,7,295.0,-375.0,7.5,-112.0,-108.0,38.5,-115.0,-105.0,0,outdoors,grass,8.0,6.0,00-0040668,00-0039918,Shedeur Sanders,Caleb Williams,Kevin Stefanski,Ben Johnson,Ron Torbert,CHI98,Soldier Field,1.0,0.026546873,0.0,-0.36697862,3.0,3.0,0.05207935,1.4367243,0.020840095123276114,-0.018511745263822377,0.75,0.029056522762402892,-6.005718529224396,-0.36697862,3.0,0.026546873,0.0,-3.0,-0.46604475,-4.563811,-0.1843608096241951,-0.09367459220811725,-0.5,-0.21992859989404678,-7.5894486010074615,0.2052009047474712,0.07516284694429487,1.25,0.24898512265644968,1.5837300717830658
2025_15_BAL_CIN,2025,REG,15,2025-12-14,Sunday,13:00,BAL,24.0,CIN,0.0,Home,-24.0,24.0,0.0,2025121401,60053.0,,202512140cin,28628.0,401772796,6944.0,7,7,-162.0,136.0,-2.5,-125.0,105.0,51.5,-110.0,-110.0,1,outdoors,fieldturf,10.0,7.0,00-0034796,00-0036442,Lamar Jackson,Joe Burrow,John Harbaugh,Zac Taylor,Brad Allen,CIN00,Paycor Stadium,0.0,-0.25161183,2.0,0.122326,1.0,-1.0,-0.3091005,2.6324325,0.014414852485060692,0.050347208976745605,0.25,-0.07838633714709431,-3.6115739345550537,0.122326,1.0,-0.25161183,2.0,1.0,0.20745224,6.79907,-0.042110043577849865,-0.007184498943388462,-0.75,-0.11622578301467001,-4.868819892406464,0.05652489606291056,0.05753170792013407,1.0,0.037839445867575705,1.25724595785141
2025_15_ARI_HOU,2025,REG,15,2025-12-14,Sunday,13:00,ARI,20.0,HOU,40.0,Home,20.0,60.0,0.0,2025121402,60054.0,,202512140htx,28629.0,401772903,6945.0,7,7,455.0,-625.0,10.5,-110.0,-110.0,42.5,-112.0,-108.0,0,closed,astroturf,,,00-0033119,00-0039163,Jacoby Brissett,C.J. Stroud,Jonathan Gannon,DeMeco Ryans,Clete Blakeman,HOU00,NRG Stadium,1.0,0.24421339,0.0,-0.046388652,2.0,2.0,0.24830012,11.928565,-0.01952831307426095,-0.10681149084120989,1.5,-0.048884585266932845,-1.8943458199501038,-0.046388652,2.0,0.24421339,0.0,-2.0,0.012079453,1.1547099,-0.0742162074893713,0.12878343953343574,-0.5,-0.04341414989903569,4.578723728656769,0.05468789441511035,-0.23559493037464563,2.0,-0.005470435367897153,-6.473069548606873
2025_15_NYJ_JAX,2025,REG,15,2025-12-14,Sunday,13:00,NYJ,20.0,JAX,48.0,Home,28.0,68.0,0.0,2025121403,60055.0,,202512140jax,28630.0,401772797,6946.0,7,7,675.0,-1050.0,13.5,-105.0,-115.0,40.5,-115.0,-105.0,0,outdoors,grass,70.0,11.0,00-0040398,00-0036971,Brady Cook,Trevor Lawrence,Aaron Glenn,Liam Coen,Shawn Smith,JAX00,TIAA Bank Stadium,1.0,0.31546354,1.0,-0.05818937,3.0,2.0,0.32737184,12.163384,0.03400127403438091,-0.2305564470589161,0.0,-0.0010229286272078753,-0.9316323399543762,-0.05818937,3.0,0.31546354,1.0,-2.0,-0.15684514,3.1095357,-0.07733259256929159,0.11051611043512821,-1.75,-0.17471082461997867,-7.62687948346138,0.1113338666036725,-0.3410725574940443,1.75,0.1736878959927708,6.695247143507004
2025_15_LAC_KC,2025,REG,15,2025-12-14,Sunday,13:00,LAC,16.0,KC,13.0,Home,-3.0,29.0,0.0,2025121404,60056.0,,202512140kan,28631.0,401772798,6947.0,6,7,210.0,-258.0,5.5,100.0,-120.0,41.5,-108.0,-112.0,1,outdoors,grass,,,00-0036355,00-0033873,Justin Herbert,Patrick Mahomes,Jim Harbaugh,Andy Reid,Shawn Hochuli,KAN00,GEHA Field at Arrowhead Stadium,0.0,-0.036028016,2.0,0.033337217,1.0,-1.0,-0.10570821,-3.6651723,-0.005897314986214042,0.05211708648130298,-1.25,0.004094351315870881,-2.9350209534168243,0.033337217,1.0,-0.036028016,2.0,1.0,-0.045161467,5.869502,-0.09732522163540125,-0.1136220283806324,1.0,-0.181991595774889,-7.64142370223999,0.09142790664918721,0.16573911486193538,-2.25,0.18608594709075987,4.706402748823166
2025_15_BUF_NE,2025,REG,15,2025-12-14,Sunday,13:00,BUF,35.0,NE,31.0,Home,-4.0,66.0,0.0,2025121405,60057.0,,202512140nwe,28632.0,401772795,6948.0,7,13,-142.0,120.0,-2.5,-110.0,-110.0,49.5,-105.0,-115.0,1,outdoors,fieldturf,32.0,6.0,00-0034857,00-0039851,Josh Allen,Drake Maye,Sean McDermott,Mike Vrabel,John Hussey,BOS00,Gillette Stadium,0.0,0.19428197,1.0,0.23044097,0.0,-1.0,0.24429785,-0.53153646,0.10186857730150223,-0.06263117492198944,0.25,0.1293330883490853,5.760264225304127,0.23044097,0.0,0.19428197,1.0,1.0,0.26106778,10.3897505,0.13757959194481373,-0.014578470028936863,-0.25,0.10854881256818771,0.9905351400375366,-0.0357110146433115,-0.04805270489305258,0.5,0.020784275780897588,4.76972908526659
2025_15_WAS_NYG,2025,REG,15,2025-12-14,Sunday,13:00,WAS,29.0,NYG,21.0,Home,-8.0,50.0,0.0,2025121406,60058.0,,202512140nyg,28633.0,401772905,6949.0,7,13,124.0,-148.0,2.5,-105.0,-115.0,46.5,-115.0,-105.0,1,outdoors,fieldturf,27.0,13.0,00-0032268,00-0040691,Marcus Mariota,Jaxson Dart,Dan Quinn,Brian Daboll,Bill Vinovich,NYC01,MetLife Stadium,0.0,-0.13536145,1.0,-0.013124948,2.0,1.0,0.020273345,-4.5602984,0.00633541739807697,0.13771709892898798,-1.0,0.041283174767158926,1.2316531091928482,-0.013124948,2.0,-0.13536145,1.0,-1.0,0.0025248355,4.1520944,-0.025590415811166167,0.22036643512547016,-0.75,-0.028901811689138412,0.5740444660186768,0.03192583320924314,-0.08264933619648218,-0.25,0.07018498645629734,0.6576086431741714
2025_15_LV_PHI,2025,REG,15,2025-12-14,Sunday,13:00,LV,0.0,PHI,31.0,Home,31.0,31.0,0.0,2025121407,60059.0,,202512140phi,28634.0,401772906,6950.0,7,6,650.0,-1000.0,12.5,-108.0,-112.0,37.5,-118.0,-102.0,0,outdoors,grass,30.0,20.0,00-0038102,00-0036389,Kenny Pickett,Jalen Hurts,Pete Carroll,Nick Sirianni,Clay Martin,PHI00,Lincoln Financial Field,1.0,0.25130004,0.0,-0.29016557,1.0,1.0,0.24604145,17.572514,-0.09106100304052234,-0.09098276728764176,-0.25,-0.11674623191356659,-3.3625520914793015,-0.29016557,1.0,0.25130004,0.0,-1.0,-0.41019967,-10.1300745,-0.1632759859203361,0.037019358947873116,0.25,-0.2460350263863802,4.424451306462288,0.07221498287981376,-0.12800212623551488,-0.5,0.1292887944728136,-7.787003397941589
2025_15_GB_DEN,2025,REG,15,2025-12-14,Sunday,16:25,GB,26.0,DEN,34.0,Home,8.0,60.0,0.0,2025121408,60060.0,,202512140den,28635.0,401772800,6951.0,7,7,-122.0,102.0,-1.5,-108.0,-112.0,42.5,-115.0,-105.0,0,outdoors,grass,65.0,3.0,00-0036264,00-0039732,Jordan Love,Bo Nix,Matt LaFleur,Sean Payton,Brad Rogers,DEN00,Empower Field at Mile High,1.0,0.13754104,1.0,0.0595195,2.0,1.0,0.16455615,8.582598,-0.005524272099137306,-0.0654718661098741,0.0,0.02965275663882494,0.2937430739402771,0.0595195,2.0,0.13754104,1.0,-1.0,0.022322195,6.805002,0.20807995460927486,0.025022754445672035,0.75,0.22568179946392775,4.883735850453377,-0.21360422670841217,-0.09049462055554613,-0.75,-0.1960290428251028,-4.5899927765131
2025_15_DET_LA,2025,REG,15,2025-12-14,Sunday,16:25,DET,34.0,LA,41.0,Home,7.0,75.0,0.0,2025121409,60061.0,,202512140ram,28638.0,401772909,6952.0,10,7,200.0,-245.0,5.5,-105.0,-115.0,54.5,-105.0,-115.0,0,dome,matrixturf,,,00-0033106,00-0026498,Jared Goff,Matthew Stafford,Dan Campbell,Sean McVay,Alan Eck,LAX01,SoFi Stadium,1.0,0.18539298,1.0,0.13620314,0.0,-1.0,0.19723623,-0.5515404,0.09379012882709503,-0.09639945067465305,0.75,0.12502672895789146,-1.0882266163825989,0.13620314,0.0,0.18539298,1.0,1.0,0.15598294,-0.59446084,0.037868015468120575,0.0659199059009552,0.5,0.029902668669819832,-5.201881647109985,0.05592211335897446,-0.16231935657560825,0.25,0.09512406028807163,4.1136550307273865
2025_15_CAR_NO,2025,REG,15,2025-12-14,Sunday,16:25,CAR,17.0,NO,20.0,Home,3.0,37.0,0.0,2025121410,60062.0,,202512140nor,28636.0,401772908,6953.0,14,7,-148.0,124.0,-2.5,-118.0,-102.0,41.5,-108.0,-112.0,1,dome,sportturf,,,00-0039150,00-0040743,Bryce Young,Tyler Shough,Dave Canales,Kellen Moore,Alex Moore,NOR00,Mercedes-Benz Superdome,1.0,0.09930981,0.0,0.08758814,1.0,1.0,0.10643883,4.0508876,-0.08613825356587768,-0.09836486540734768,0.25,-0.06490673497319221,3.6159932613372803,0.08758814,1.0,0.09930981,0.0,-1.0,0.110130146,7.088887,-0.01871247962117195,0.06988993047707481,0.5,-0.06374642625451088,2.784228026866913,-0.06742577394470572,-0.1682547958844225,-0.25,-0.0011603087186813354,0.8317652344703674
2025_15_IND_SEA,2025,REG,15,2025-12-14,Sunday,16:25,IND,16.0,SEA,18.0,Home,2.0,34.0,0.0,2025121411,60063.0,,202512140sea,28637.0,401772799,6954.0,7,7,650.0,-1000.0,13.5,-105.0,-115.0,41.5,-108.0,-112.0,0,outdoors,fieldturf,51.0,9.0,00-0022942,00-0034869,Philip Rivers,Sam Darnold,Shane Steichen,Mike Macdonald,Adrian Hill,SEA00,Lumen Field,1.0,0.058374416,0.0,0.043582734,1.0,1.0,-0.04144017,0.5525343,0.038122443947941065,-0.2417771676555276,1.0,0.016178209334611893,-3.520267198327929,0.043582734,1.0,0.058374416,0.0,-1.0,-0.097994514,-0.4007952,-0.007841358426958323,0.03655694215558469,0.0,-0.03952821367420256,-2.843081586062908,0.04596380237489939,-0.2783341098111123,1.0,0.055706423008814454,-0.6771856122650206
2025_15_TEN_SF,2025,REG,15,2025-12-14,Sunday,16:25,TEN,24.0,SF,37.0,Home,13.0,61.0,0.0,2025121412,60064.0,,202512140sfo,28639.0,401772907,6955.0,7,14,600.0,-900.0,12.5,-108.0,-112.0,44.5,-112.0,-108.0,0,outdoors,grass,54.0,4.0,00-0040676,00-0037834,Cam Ward,Brock Purdy,Brian Callahan,Kyle Shanahan,Craig Wrolstad,SFO01,Levi's Stadium,1.0,0.26011142,1.0,0.14061745,0.0,-1.0,0.24785541,20.512005,0.10317590313934488,-0.048858072608709335,0.0,0.08134906741906889,8.999377310276031,0.14061745,0.0,0.26011142,1.0,1.0,0.23221758,-2.7442489,-0.13091202499344945,-0.000474302563816309,-0.5,-0.16048758348915726,-2.3407088220119476,0.23408792813279433,-0.048383770044893026,0.5,0.24183665090822615,11.34008613228798
2025_15_MIN_DAL,2025,REG,15,2025-12-14,Sunday,20:20,MIN,34.0,DAL,26.0,Home,-8.0,60.0,0.0,2025121413,60065.0,,202512140dal,28640.0,401772933,6956.0,7,10,215.0,-265.0,5.5,-110.0,-110.0,47.5,-102.0,-118.0,0,closed,matrixturf,,,00-0039923,00-0033077,J.J. McCarthy,Dak Prescott,Kevin O'Connell,Brian Schottenheimer,Scott Novak,DAL00,AT&T Stadium,0.0,0.03442738,0.0,0.2181318,1.0,1.0,0.11130291,-4.0636954,0.10346018942072988,0.06613152520731091,-1.5,0.08256220421753824,4.064746707677841,0.2181318,1.0,0.03442738,0.0,-1.0,0.22620071,1.6888685,-0.16937699913978577,-0.0880886479280889,-1.25,-0.25380680710077286,-5.867332972586155,0.27283718856051564,0.15422017313539982,-0.25,0.3363690113183111,9.932079680263996
2025_15_MIA_PIT,2025,REG,15,2025-12-15,Monday,20:15,MIA,15.0,PIT,28.0,Home,13.0,43.0,0.0,2025121500,60066.0,,202512150pit,28641.0,401772823,6957.0,8,8,145.0,-175.0,3.0,-102.0,-118.0,42.5,-105.0,-115.0,0,outdoors,grass,17.0,7.0,00-0036212,00-0023459,Tua Tagovailoa,Aaron Rodgers,Mike McDaniel,Mike Tomlin,Land Clark,PIT00,Acrisure Stadium,1.0,0.18466589,0.0,0.035681285,1.0,1.0,0.22322518,10.425291,0.003440932254306972,0.00012595555745065212,0.75,0.011227655282709748,-3.214772656559944,0.035681285,1.0,0.18466589,0.0,-1.0,-0.040278737,15.509115,0.10079098306596279,-0.10256442916579545,1.25,0.09107931284233928,-0.6241819262504578,-0.09735005081165582,0.1026903847232461,-0.5,-0.07985165755962953,-2.5905907303094864
2025_16_LA_SEA,2025,REG,16,2025-12-18,Thursday,20:15,LA,37.0,SEA,38.0,Home,1.0,75.0,1.0,2025121800,60067.0,,202512180sea,28642.0,401772949,6958.0,4,4,102.0,-122.0,1.5,-110.0,-110.0,42.5,-105.0,-115.0,1,outdoors,fieldturf,51.0,17.0,00-0026498,00-0034869,Matthew Stafford,Sam Darnold,Sean McVay,Mike Macdonald,Brad Allen,SEA00,Lumen Field,1.0,0.055195022,3.0,0.080666326,0.0,-3.0,0.031875435,1.3444933,0.08800216903910041,-0.18026782758533955,2.0,0.05573196057230234,-3.3867731168866158,0.080666326,0.0,0.055195022,3.0,3.0,0.24381708,-2.7446258,0.1907520294189453,-0.027062544599175453,-0.25,0.21780627593398094,2.916256606578827,-0.1027498603798449,-0.1532052829861641,2.25,-0.1620743153616786,-6.303029723465443
2025_16_PHI_WAS,2025,REG,16,2025-12-20,Saturday,17:00,PHI,29.0,WAS,18.0,Home,-11.0,47.0,0.0,2025122001,60069.0,,202512200was,28644.0,401772612,6960.0,6,6,-380.0,300.0,-7.0,-120.0,100.0,43.5,-110.0,-110.0,1,outdoors,grass,42.0,7.0,00-0036389,00-0032268,Jalen Hurts,Marcus Mariota,Nick Sirianni,Dan Quinn,Craig Wrolstad,WAS00,FedExField,0.0,-0.05031995,1.0,0.12982278,1.0,0.0,-0.12504454,-8.998668,-0.06730846059508622,0.07436901144683361,-1.0,-0.0715639857808128,-1.9505318403244019,0.12982278,1.0,-0.05031995,1.0,0.0,0.2896811,7.5476665,0.008860309142619371,-0.08973576361313462,-0.25,0.002125818282365799,3.480372741818428,-0.07616876973770559,0.16410477505996823,-0.75,-0.0736898040631786,-5.43090458214283
2025_16_GB_CHI,2025,REG,16,2025-12-20,Saturday,20:20,GB,16.0,CHI,22.0,Home,6.0,38.0,1.0,2025122000,60068.0,,202512200chi,28643.0,401772613,6959.0,6,6,-102.0,-118.0,1.5,-115.0,-105.0,45.5,-115.0,-105.0,1,outdoors,grass,37.0,6.0,00-0036264,00-0039918,Jordan Love,Caleb Williams,Matt LaFleur,Ben Johnson,Alex Kemp,CHI98,Soldier Field,1.0,0.15089318,0.0,0.07258585,1.0,1.0,0.100636564,0.6091311,0.048352172365412116,-0.06432346918154508,1.0,0.05397246568463743,-3.275252729654312,0.07258585,1.0,0.15089318,0.0,-1.0,0.060884792,8.126535,0.14958944730460644,0.028640907257795334,0.0,0.14385897619649768,6.201101139187813,-0.10123727493919432,-0.09296437643934041,1.0,-0.08988651051186025,-9.476353868842125
2025_16_TB_CAR,2025,REG,16,2025-12-21,Sunday,13:00,TB,20.0,CAR,23.0,Home,3.0,43.0,0.0,2025122103,60071.0,,202512210car,28646.0,401772912,6962.0,10,7,-155.0,130.0,-3.0,100.0,-120.0,44.5,-108.0,-112.0,1,outdoors,grass,61.0,8.0,00-0034855,00-0039150,Baker Mayfield,Bryce Young,Todd Bowles,Dave Canales,Shawn Smith,CAR00,Bank of America Stadium,1.0,0.14537135,0.0,0.112205245,1.0,1.0,0.10059069,6.729626,0.04039658419787884,0.08164552080415888,1.0,0.06864196062088013,3.866994857788086,0.112205245,1.0,0.14537135,0.0,-1.0,0.10685434,1.3597064,-0.07110468180326279,0.03554213186725974,0.0,-0.12278158124536276,-9.191080912947655,0.11150126600114163,0.04610338893689914,1.0,0.19142354186624289,13.05807577073574
2025_16_BUF_CLE,2025,REG,16,2025-12-21,Sunday,13:00,BUF,23.0,CLE,20.0,Home,-3.0,43.0,0.0,2025122104,60072.0,,202512210cle,28647.0,401772802,6963.0,7,7,-575.0,425.0,-10.5,-110.0,-110.0,41.5,-118.0,-102.0,0,outdoors,grass,25.0,16.0,00-0034857,00-0040668,Josh Allen,Shedeur Sanders,Sean McDermott,Kevin Stefanski,Bill Vinovich,CLE00,FirstEnergy Stadium,0.0,-0.07457434,2.0,-0.0015350966,0.0,-2.0,-0.09587976,1.3728877,-0.22999339550733566,-0.07306999294087291,-1.25,-0.2341623678803444,-3.5260570347309113,-0.0015350966,0.0,-0.07457434,2.0,2.0,0.060782894,-0.8783014,0.11520138569176197,-0.0018680812790989876,-0.25,0.11295588314533234,3.7911331951618195,-0.34519478119909763,-0.07120191166177392,-1.0,-0.3471182510256767,-7.317190229892731
2025_16_LAC_DAL,2025,REG,16,2025-12-21,Sunday,13:00,LAC,34.0,DAL,17.0,Home,-17.0,51.0,0.0,2025122105,60073.0,,202512210dal,28648.0,401772910,6964.0,7,7,102.0,-122.0,1.5,-115.0,-105.0,50.5,-102.0,-118.0,0,closed,matrixturf,,,00-0036355,00-0033077,Justin Herbert,Dak Prescott,Jim Harbaugh,Brian Schottenheimer,Alan Eck,DAL00,AT&T Stadium,0.0,-0.004186895,1.0,0.27269164,0.0,-1.0,0.034226995,5.0298963,0.08238394325599074,0.1556912031956017,-1.25,0.07696880376897752,0.869327038526535,0.27269164,0.0,-0.004186895,1.0,1.0,0.44644672,18.787428,-0.07584241311997175,-0.04884305689483881,1.0,-0.17265117820352316,-2.6482772827148438,0.1582263563759625,0.2045342600904405,-2.25,0.24961998197250068,3.517604321241379
2025_16_CIN_MIA,2025,REG,16,2025-12-21,Sunday,13:00,CIN,45.0,MIA,21.0,Home,-24.0,66.0,0.0,2025122113,60081.0,,202512210mia,28656.0,401772934,6972.0,7,6,-205.0,170.0,-3.5,-120.0,100.0,48.5,-112.0,-108.0,0,outdoors,grass,81.0,7.0,00-0036442,00-0040234,Joe Burrow,Quinn Ewers,Zac Taylor,Mike McDaniel,John Hussey,MIA00,Hard Rock Stadium,0.0,-0.05558094,3.0,0.3352459,0.0,-3.0,-0.057436943,1.551685,0.041487909853458405,-0.05104953399859369,0.75,0.0029305466450750828,1.777671992778778,0.3352459,0.0,-0.05558094,3.0,3.0,0.37215388,16.09077,-0.017209047451615334,0.043426431715488434,0.5,-0.09648311196360737,-0.5519059896469116,0.05869695730507374,-0.09447596571408212,0.25,0.09941365860868245,2.3295779824256897
2025_16_NYJ_NO,2025,REG,16,2025-12-21,Sunday,13:00,NYJ,6.0,NO,29.0,Home,23.0,35.0,0.0,2025122106,60074.0,,202512210nor,28649.0,401772801,6965.0,7,7,240.0,-298.0,6.5,-105.0,-115.0,39.5,-105.0,-115.0,0,dome,sportturf,,,00-0028118,00-0040743,Tyrod Taylor,Tyler Shough,Aaron Glenn,Kellen Moore,Clay Martin,NOR00,Mercedes-Benz Superdome,1.0,0.025169736,1.0,-0.29820818,2.0,1.0,-0.0057961848,-0.22829746,-0.07438266323879361,-0.03925580158829689,-0.25,-0.07873794808983803,2.03598153591156,-0.29820818,2.0,0.025169736,1.0,-1.0,-0.35651037,-11.822787,-0.0789030659943819,0.15871645510196686,-2.0,-0.19264776399359107,-5.0829963982105255,0.004520402755588293,-0.19797225669026375,1.75,0.11390981590375304,7.118977934122086
2025_16_MIN_NYG,2025,REG,16,2025-12-21,Sunday,13:00,MIN,16.0,NYG,13.0,Home,-3.0,29.0,0.0,2025122107,60075.0,,202512210nyg,28650.0,401772911,6966.0,7,7,-148.0,124.0,-2.5,-118.0,-102.0,41.5,-115.0,-105.0,0,outdoors,fieldturf,46.0,20.0,00-0039923,00-0040691,J.J. McCarthy,Jaxson Dart,Kevin O'Connell,Brian Daboll,Alex Moore,NYC01,MetLife Stadium,0.0,-0.1754352,1.0,-0.09691914,2.0,1.0,-0.37904695,-17.342953,-0.027386577799916267,0.12626965390518308,-0.5,0.04515348048880696,-1.1873593181371689,-0.09691914,2.0,-0.1754352,1.0,-1.0,-0.056712892,2.0158715,-0.0689111202955246,-0.058606444392353296,-1.0,-0.14912397041916847,-1.6340442076325417,0.04152454249560833,0.18487609829753637,0.5,0.19427745090797544,0.44668488949537277
2025_16_KC_TEN,2025,REG,16,2025-12-21,Sunday,13:00,KC,9.0,TEN,26.0,Home,17.0,35.0,0.0,2025122108,60076.0,,202512210oti,28651.0,401772803,6967.0,7,7,-185.0,154.0,-3.5,100.0,-120.0,37.5,-110.0,-110.0,0,outdoors,grass,51.0,8.0,00-0035289,00-0040676,Gardner Minshew,Cam Ward,Andy Reid,Brian Callahan,Clete Blakeman,NAS00,Nissan Stadium,1.0,0.035265516,0.0,-0.20851503,0.0,0.0,0.044660974,10.437356,-0.08239769702777267,0.061655446887016296,0.0,-0.07249057909939438,-2.5278415381908417,-0.20851503,0.0,0.035265516,0.0,0.0,-0.31250393,-12.681263,-0.025828332407400012,0.042818345595151186,-1.25,-0.033671804470941424,-3.1539996564388275,-0.05656936462037265,0.01883710129186511,1.25,-0.03881877462845296,0.6261581182479858
2025_16_ATL_ARI,2025,REG,16,2025-12-21,Sunday,16:05,ATL,26.0,ARI,19.0,Home,-7.0,45.0,0.0,2025122109,60077.0,,202512210crd,28652.0,401772914,6968.0,10,7,-148.0,124.0,-2.5,-115.0,-105.0,48.5,-105.0,-115.0,0,closed,grass,,,00-0029604,00-0033119,Kirk Cousins,Jacoby Brissett,Raheem Morris,Jonathan Gannon,Land Clark,PHO00,State Farm Stadium,0.0,0.0054006674,1.0,0.10517641,2.0,1.0,-0.004239508,-13.592559,-0.06894239503890276,0.12740196405502502,-0.25,-0.05575997568666935,1.7583959996700287,0.10517641,2.0,0.0054006674,1.0,-1.0,0.05303283,-6.8635645,-0.005399571731686592,0.064212616533041,0.0,-0.019160045310854912,0.3209822475910187,-0.06354282330721617,0.06318934752198402,-0.25,-0.03659993037581444,1.43741375207901
2025_16_JAX_DEN,2025,REG,16,2025-12-21,Sunday,16:05,JAX,34.0,DEN,20.0,Home,-14.0,54.0,0.0,2025122110,60078.0,,202512210den,28653.0,401772913,6969.0,7,7,145.0,-175.0,3.5,-120.0,100.0,46.5,-108.0,-112.0,0,outdoors,grass,62.0,3.0,00-0036971,00-0039732,Trevor Lawrence,Bo Nix,Liam Coen,Sean Payton,Shawn Hochuli,DEN00,Empower Field at Mile High,0.0,-0.030567853,2.0,0.17628373,0.0,-2.0,-0.033010777,-3.1327457,0.11391718126833439,0.043357103189919144,0.5,0.13386100996285677,4.237302124500275,0.17628373,0.0,-0.030567853,2.0,2.0,0.08766055,5.51107,0.07704051770269871,-0.16520375572144985,0.5,0.060921891359612346,2.5016772747039795,0.03687666356563568,0.208560858911369,0.0,0.07293911860324442,1.7356248497962952
2025_16_PIT_DET,2025,REG,16,2025-12-21,Sunday,16:25,PIT,29.0,DET,24.0,Home,-5.0,53.0,0.0,2025122111,60079.0,,202512210det,28654.0,401772806,6970.0,6,7,330.0,-425.0,7.5,-105.0,-115.0,52.5,-115.0,-105.0,0,dome,fieldturf,,,00-0023459,00-0033106,Aaron Rodgers,Jared Goff,Mike Tomlin,Dan Campbell,Carl Cheffers,DET00,Ford Field,0.0,0.04481545,0.0,0.11077432,1.0,1.0,0.101312146,-7.1892595,0.14570719748735428,0.14936445280909538,1.0,0.1690895352512598,2.1673764288425446,0.11077432,1.0,0.04481545,0.0,-1.0,0.21174517,-1.3820024,0.012105126748792827,0.04032533406279981,0.5,0.017215280851814896,-0.741461992263794,0.13360207073856145,0.10903911874629557,0.5,0.1518742543994449,2.9088384211063385
2025_16_LV_HOU,2025,REG,16,2025-12-21,Sunday,16:25,LV,21.0,HOU,23.0,Home,2.0,44.0,0.0,2025122112,60080.0,,202512210htx,28655.0,401772805,6971.0,7,7,900.0,-1600.0,14.5,-115.0,-105.0,39.5,-110.0,-110.0,0,closed,astroturf,,,00-0030565,00-0039163,Geno Smith,C.J. Stroud,Pete Carroll,DeMeco Ryans,Scott Novak,HOU00,NRG Stadium,1.0,-0.025964256,0.0,-0.05689063,1.0,1.0,-0.15858798,-1.5157658,0.03862692788243294,-0.10504868719726801,1.75,0.029932238394394517,1.0940622091293335,-0.05689063,1.0,-0.025964256,0.0,-1.0,-0.042477768,4.9434147,-0.20079065015306696,0.07016127742826939,0.0,-0.29420344717800617,2.698513701558113,0.2394175780354999,-0.1752099646255374,1.75,0.3241356855724007,-1.6044514924287796
2025_16_NE_BAL,2025,REG,16,2025-12-21,Sunday,20:20,NE,28.0,BAL,24.0,Home,-4.0,52.0,0.0,2025122102,60070.0,,202512210rav,28645.0,401772804,6961.0,7,7,154.0,-185.0,3.5,-115.0,-105.0,48.5,-112.0,-108.0,0,outdoors,grass,40.0,2.0,00-0039851,00-0034796,Drake Maye,Lamar Jackson,Mike Vrabel,John Harbaugh,Brad Rogers,BAL00,M&T Bank Stadium,0.0,0.049034424,2.0,0.12686631,2.0,0.0,0.10519733,16.258057,0.002439337782561779,-0.023975388146936893,-0.5,-0.042280337074771523,-0.9695866703987122,0.12686631,2.0,0.049034424,2.0,0.0,0.22312593,12.496598,0.11405917257070541,-0.020677510648965836,0.25,0.14593386853812262,7.091806270182133,-0.11161983478814363,-0.003297877497971058,-0.75,-0.18821420561289415,-8.061392940580845
2025_16_SF_IND,2025,REG,16,2025-12-22,Monday,20:15,SF,48.0,IND,27.0,Home,-21.0,75.0,0.0,2025122200,60082.0,,202512220clt,28657.0,401772824,6973.0,8,8,-225.0,185.0,-4.5,-105.0,-115.0,46.5,-118.0,-102.0,0,closed,fieldturf,,,00-0037834,00-0022942,Brock Purdy,Philip Rivers,Kyle Shanahan,Shane Steichen,Ron Torbert,IND00,Lucas Oil Stadium,0.0,-0.06287422,2.0,0.2966547,1.0,-1.0,-0.036780555,-3.313935,-0.023056732024997473,0.0486721268389374,0.0,-0.101774180540815,-3.7114447206258774,0.2966547,1.0,-0.06287422,2.0,1.0,0.40269685,12.416314,0.14103365729533834,-0.09732438623905182,0.25,0.11165452751447447,10.383671343326569,-0.16409038932033582,0.14599651307798922,-0.25,-0.21342870805528946,-14.095116063952446
2025_17_DAL_WAS,2025,REG,17,2025-12-25,Thursday,13:00,DAL,30.0,WAS,23.0,Home,-7.0,53.0,0.0,2025122500,60083.0,,202512250was,28658.0,401772710,6974.0,4,5,-500.0,380.0,-8.5,-120.0,100.0,50.5,-108.0,-112.0,1,outdoors,grass,50.0,7.0,00-0033077,00-0026300,Dak Prescott,Josh Johnson,Brian Schottenheimer,Dan Quinn,Brad Rogers,WAS00,FedExField,0.0,0.19734605,0.0,0.18938124,0.0,0.0,0.19653274,4.837957,-0.08252778323367238,0.08362233638763428,-1.0,-0.12048198899719864,-4.773390769958496,0.18938124,0.0,0.19734605,0.0,0.0,0.21278325,-10.961621,0.07665033813100308,0.21968384087085724,-1.0,0.09091469855047762,1.7592438161373138,-0.15917812136467546,-0.13606150448322296,0.0,-0.21139668754767627,-6.53263458609581
2025_17_DET_MIN,2025,REG,17,2025-12-25,Thursday,16:30,DET,10.0,MIN,23.0,Home,13.0,33.0,0.0,2025122501,60084.0,,202512250min,28659.0,401772711,6975.0,4,4,-360.0,285.0,-7.0,-120.0,100.0,45.5,-115.0,-105.0,1,dome,sportturf,,,00-0033106,00-0040494,Jared Goff,Max Brosmer,Dan Campbell,Kevin O'Connell,Shawn Smith,MIN01,U.S. Bank Stadium,1.0,-0.16333301,0.0,-0.34626254,6.0,6.0,-0.27737513,-9.389923,-0.04149903170764446,-0.12706252979114652,-1.0,-0.055957178585231304,-0.07905177026987076,-0.34626254,6.0,-0.16333301,0.0,-6.0,-0.46371797,-9.006533,0.117951650172472,0.14919551461935043,1.25,0.15732031874358654,1.0919555723667145,-0.15945068188011646,-0.27625804441049695,-2.25,-0.21327749732881784,-1.1710073426365852
2025_17_DEN_KC,2025,REG,17,2025-12-25,Thursday,20:15,DEN,20.0,KC,13.0,Home,-7.0,33.0,0.0,2025122502,60085.0,,202512250kan,28660.0,401772622,6976.0,4,4,-1100.0,700.0,-13.5,-105.0,-115.0,37.5,100.0,-120.0,1,outdoors,grass,,,00-0039732,00-0037324,Bo Nix,Chris Oladokun,Sean Payton,Andy Reid,Bill Vinovich,KAN00,GEHA Field at Arrowhead Stadium,0.0,-0.012114434,0.0,0.09943964,1.0,1.0,-0.1994588,-1.7960478,-0.08171906787902117,0.048359351232647896,-0.75,-0.11528845503926277,-6.612910687923431,0.09943964,1.0,-0.012114434,0.0,-1.0,0.09653451,3.618197,0.08864217298105359,0.0765040228725411,-0.25,0.11742181424051523,3.101625084877014,-0.17036124086007476,-0.028144671639893204,-0.5,-0.232710269279778,-9.714535772800446
2025_17_HOU_LAC,2025,REG,17,2025-12-27,Saturday,16:30,HOU,20.0,LAC,16.0,Home,-4.0,36.0,0.0,2025122700,60089.0,,202512270sdg,28664.0,401772951,6982.0,6,6,-102.0,-118.0,1.5,-115.0,-105.0,40.5,-105.0,-115.0,0,dome,matrixturf,,,00-0039163,00-0036355,C.J. Stroud,Justin Herbert,DeMeco Ryans,Jim Harbaugh,Craig Wrolstad,LAX01,SoFi Stadium,0.0,-0.16955163,1.0,-0.06615555,2.0,1.0,-0.21530567,1.151917,0.07223052997142076,-0.0857164227636531,1.25,0.06679736915975809,5.12256932258606,-0.06615555,2.0,-0.16955163,1.0,-1.0,-0.15143053,-7.463045,0.04263967461884022,-0.10249783005565405,1.25,0.006351124728098512,2.589883178472519,0.029590855352580547,0.01678140729200095,0.0,0.06044624443165958,2.5326861441135406
2025_17_BAL_GB,2025,REG,17,2025-12-27,Saturday,20:00,BAL,41.0,GB,24.0,Home,-17.0,65.0,0.0,2025122701,60088.0,,202512270gnb,28663.0,401772953,6980.0,6,7,120.0,-142.0,2.5,-108.0,-112.0,38.5,-115.0,-105.0,0,outdoors,grass,36.0,10.0,00-0035993,00-0038128,Tyler Huntley,Malik Willis,John Harbaugh,Matt LaFleur,Alan Eck,GNB00,Lambeau Field,0.0,0.08932483,2.0,0.28778416,0.0,-2.0,0.110561274,12.379835,0.14313862472772598,0.11800607666373253,-0.5,0.152956401463598,6.955834344029427,0.28778416,0.0,0.08932483,2.0,2.0,0.36709923,10.441548,-0.006881768815219402,0.03451734688133001,-1.0,-0.00359629956074059,2.8051501512527466,0.15002039354294538,0.08348872978240252,0.5,0.1565527010243386,4.15068419277668
2025_17_SEA_CAR,2025,REG,17,2025-12-28,Sunday,13:00,SEA,27.0,CAR,10.0,Home,-17.0,37.0,0.0,2025122800,60086.0,,202512280car,28661.0,401772952,6977.0,10,7,-305.0,245.0,-6.5,-118.0,-102.0,42.5,-110.0,-110.0,0,outdoors,grass,43.0,2.0,00-0034869,00-0039150,Sam Darnold,Bryce Young,Mike Macdonald,Dave Canales,Carl Cheffers,CAR00,Bank of America Stadium,0.0,-0.39014822,2.0,-0.032528732,2.0,0.0,-0.5107223,-7.1114407,0.050731273368000984,0.09890192135208054,1.0,0.0619172602891922,5.006125807762146,-0.032528732,2.0,-0.39014822,2.0,0.0,-0.053588904,0.7474059,0.07631690287962556,-0.15110490005463362,1.25,-0.008908985182642937,-3.5780434384942055,-0.025585629511624575,0.25000682140671415,-0.25,0.07082624547183514,8.584169246256351
2025_17_ARI_CIN,2025,REG,17,2025-12-28,Sunday,13:00,ARI,14.0,CIN,37.0,Home,23.0,51.0,0.0,2025122801,60087.0,,202512280cin,28662.0,401772954,6978.0,7,7,275.0,-345.0,7.0,-110.0,-110.0,52.5,-105.0,-115.0,0,outdoors,fieldturf,65.0,9.0,00-0033119,00-0036442,Jacoby Brissett,Joe Burrow,Jonathan Gannon,Zac Taylor,Clay Martin,CIN00,Paycor Stadium,1.0,0.2964716,0.0,0.013898574,0.0,0.0,0.34023976,11.870385,0.07973747234791517,0.011929155327379704,1.25,0.04489893408026546,4.938671112060547,0.013898574,0.0,0.2964716,0.0,0.0,-0.045414288,-5.6690097,-0.04298739728983492,0.167636401267373,-1.0,-0.020081769907847047,-2.4583713710308075,0.12272486963775009,-0.1557072459399933,2.25,0.06498070398811251,7.397042483091354
2025_17_PIT_CLE,2025,REG,17,2025-12-28,Sunday,13:00,PIT,6.0,CLE,13.0,Home,7.0,19.0,0.0,2025122805,60091.0,,202512280cle,28666.0,401772807,6979.0,7,7,-205.0,170.0,-4.5,-108.0,-112.0,35.5,-112.0,-108.0,1,outdoors,grass,45.0,14.0,00-0023459,00-0040668,Aaron Rodgers,Shedeur Sanders,Mike Tomlin,Kevin Stefanski,John Hussey,CLE00,FirstEnergy Stadium,1.0,-0.14836554,2.0,-0.20981103,0.0,-2.0,-0.23366147,7.933485,-0.19539206847548485,0.013160387199604884,-1.5,-0.20356253162026405,-1.6499214172363281,-0.20981103,0.0,-0.14836554,2.0,2.0,-0.20442885,-9.123149,0.0408000648021698,0.04952407535165548,0.25,0.06988885998725891,-3.3040589094161987,-0.23619213327765465,-0.0363636881520506,-1.75,-0.27345139160752296,1.6541374921798706
2025_17_JAX_IND,2025,REG,17,2025-12-28,Sunday,13:00,JAX,23.0,IND,17.0,Home,-6.0,40.0,0.0,2025122806,60092.0,,202512280clt,28667.0,401772915,6981.0,7,6,-225.0,185.0,-3.5,-115.0,-105.0,48.5,-108.0,-112.0,1,closed,fieldturf,,,00-0036971,00-0022942,Trevor Lawrence,Philip Rivers,Liam Coen,Shane Steichen,Brad Allen,IND00,Lucas Oil Stadium,0.0,-0.08159394,2.0,0.040442605,2.0,0.0,-0.20558241,-9.688687,-0.04205066058784723,0.11907382495701313,-0.75,-0.10990625154227018,-3.2533965557813644,0.040442605,2.0,-0.08159394,2.0,0.0,0.0058535854,-0.22523385,0.1350517850369215,-0.14824088802561164,2.0,0.12985863047651947,4.620664119720459,-0.17710244562476873,0.26731471298262477,-2.75,-0.23976488201878965,-7.874060675501823
2025_17_TB_MIA,2025,REG,17,2025-12-28,Sunday,13:00,TB,17.0,MIA,20.0,Home,3.0,37.0,0.0,2025122807,60093.0,,202512280mia,28668.0,401772916,6984.0,7,7,-250.0,205.0,-5.5,-108.0,-112.0,44.5,-118.0,-102.0,0,outdoors,grass,80.0,3.0,00-0034855,00-0040234,Baker Mayfield,Quinn Ewers,Todd Bowles,Mike McDaniel,Scott Novak,MIA00,Hard Rock Stadium,1.0,0.046276927,0.0,0.00804355,3.0,3.0,0.107628345,0.3921715,0.00439030583947897,0.030122607946395874,0.0,-0.006466184742748737,1.649947613477707,0.00804355,3.0,0.046276927,0.0,-3.0,0.0350677,9.299012,0.042934450568282045,0.053917819168418646,0.25,0.011411442421376705,-4.205322250723839,-0.038544144728803076,-0.023795211222022772,-0.25,-0.017877627164125443,5.855269864201546
2025_17_NE_NYJ,2025,REG,17,2025-12-28,Sunday,13:00,NE,42.0,NYJ,10.0,Home,-32.0,52.0,0.0,2025122808,60094.0,,202512280nyj,28669.0,401772808,6985.0,7,7,-950.0,625.0,-12.5,-120.0,100.0,42.5,-112.0,-108.0,1,outdoors,fieldturf,29.0,4.0,00-0039851,00-0028118,Drake Maye,Tyrod Taylor,Mike Vrabel,Aaron Glenn,Alex Kemp,NYC01,MetLife Stadium,0.0,-0.09967391,1.0,0.37799957,0.0,-1.0,-0.1983082,-5.962891,-0.12667895294725895,0.14342917641624808,-1.75,-0.23923647543415427,-7.6749915182590485,0.37799957,0.0,-0.09967391,1.0,1.0,0.48764405,26.035622,0.11511020921170712,0.004557964392006397,0.0,0.16000077704666182,6.831029035151005,-0.24178916215896606,0.13887121202424169,-1.75,-0.3992372524808161,-14.506020553410053
2025_17_NO_TEN,2025,REG,17,2025-12-28,Sunday,13:00,NO,34.0,TEN,26.0,Home,-8.0,60.0,0.0,2025122809,60095.0,,202512280oti,28670.0,401772809,6986.0,7,7,-120.0,100.0,-1.5,-110.0,-110.0,39.5,-118.0,-102.0,0,outdoors,grass,71.0,14.0,00-0040743,00-0040676,Tyler Shough,Cam Ward,Kellen Moore,Brian Callahan,Adrian Hill,NAS00,Nissan Stadium,0.0,-0.036281466,1.0,0.099595144,1.0,0.0,-0.18078528,-0.2921864,-0.06458497187122703,-0.015957333147525787,0.0,-0.060003611259162426,-1.1366985738277435,0.099595144,1.0,-0.036281466,1.0,0.0,0.24544762,19.82363,-0.005712098442018032,-0.09709122031927109,0.25,-0.011481100227683783,2.8426131643354893,-0.058872873429208994,0.0811338871717453,-0.25,-0.04852251103147864,-3.979311738163233
2025_17_NYG_LV,2025,REG,17,2025-12-28,Sunday,16:05,NYG,34.0,LV,10.0,Home,-24.0,44.0,0.0,2025122804,60090.0,,202512280rai,28665.0,401772950,6983.0,7,7,-162.0,136.0,-3.0,-102.0,-118.0,40.5,-112.0,-108.0,0,dome,grass,,,00-0040691,00-0030565,Jaxson Dart,Geno Smith,Brian Daboll,Pete Carroll,Land Clark,VEG00,Allegiant Stadium,0.0,-0.11499816,2.0,0.26545936,0.0,-2.0,-0.21468708,9.189722,-0.12839915318181738,0.11691512446850538,-0.5,-0.20952846575528383,3.7976255416870117,0.26545936,0.0,-0.11499816,2.0,2.0,0.23922357,4.899843,-0.10201248526573181,0.028669486287981272,0.25,-0.0875692474655807,-5.648305594921112,-0.02638666791608557,0.08824563818052411,-0.75,-0.12195921828970313,9.445931136608124
2025_17_PHI_BUF,2025,REG,17,2025-12-28,Sunday,16:25,PHI,13.0,BUF,12.0,Home,-1.0,25.0,0.0,2025122810,60096.0,,202512280buf,28671.0,401772917,6987.0,8,7,142.0,-170.0,3.0,-108.0,-112.0,45.5,-115.0,-105.0,0,outdoors,a_turf,38.0,6.0,00-0036389,00-0034857,Jalen Hurts,Josh Allen,Nick Sirianni,Sean McDermott,Ron Torbert,BUF00,New Era Field,0.0,-0.08238105,1.0,-0.060795166,0.0,-1.0,-0.120713145,-0.393229,0.13159112600260414,-0.010007854551076889,1.0,0.16920502111315727,3.378761112689972,-0.060795166,0.0,-0.08238105,1.0,1.0,-0.119592786,-2.0993915,0.03713573142886162,-0.10700263269245625,-0.75,0.0590580003336072,3.734877184033394,0.09445539457374252,0.09699477814137936,1.75,0.11014702077955008,-0.35611607134342194
2025_17_CHI_SF,2025,REG,17,2025-12-28,Sunday,20:20,CHI,38.0,SF,42.0,Home,4.0,80.0,0.0,2025122811,60097.0,,202512280sfo,28672.0,401772935,6988.0,8,6,170.0,-205.0,3.5,-105.0,-115.0,51.5,-112.0,-108.0,0,outdoors,grass,53.0,5.0,00-0039918,00-0037834,Caleb Williams,Brock Purdy,Ben Johnson,Kyle Shanahan,Alex Moore,SFO01,Levi's Stadium,1.0,0.2614772,1.0,0.26027247,0.0,-1.0,0.28495282,5.033049,0.15276251028262777,-0.09617196582257748,-0.25,0.1645314507477451,10.972332775592804,0.26027247,0.0,0.2614772,1.0,1.0,0.36257836,-2.6844049,0.08407034631818533,-0.04517564922571182,1.25,0.07568534091114998,-2.141877144575119,0.06869216396444244,-0.050996316596865654,-1.5,0.08884610983659513,13.114209920167923
2025_17_LA_ATL,2025,REG,17,2025-12-29,Monday,20:15,LA,24.0,ATL,27.0,Home,3.0,51.0,0.0,2025122900,60098.0,,202512290atl,28673.0,401772825,6989.0,11,8,-380.0,300.0,-7.5,-102.0,-118.0,48.5,-105.0,-115.0,0,closed,fieldturf,,,00-0026498,00-0029604,Matthew Stafford,Kirk Cousins,Sean McVay,Raheem Morris,Clete Blakeman,ATL97,Mercedes-Benz Stadium,1.0,-0.035230186,0.0,-0.053575218,3.0,3.0,0.115643814,0.496986,0.037611156702041626,0.12794091424439102,-0.5,0.022151369601488113,-3.1908008754253387,-0.053575218,3.0,-0.035230186,0.0,-3.0,-0.10361725,-3.0521252,0.19295146130025387,0.07272403221577406,0.0,0.25485775619745255,1.051047921180725,-0.15534030459821224,0.055216882028616965,-0.5,-0.23270638659596443,-4.241848796606064
2025_18_CAR_TB,2025,REG,18,2026-01-03,Saturday,16:30,CAR,14.0,TB,16.0,Home,2.0,30.0,0.0,2026010300,60114.0,,202601030tam,28688.0,401772969,7005.0,6,6,130.0,-155.0,3.0,-115.0,-105.0,43.5,-118.0,-102.0,1,outdoors,grass,69.0,11.0,00-0039150,00-0034855,Bryce Young,Baker Mayfield,Dave Canales,Todd Bowles,Brad Allen,TAM00,Raymond James Stadium,1.0,-0.021895668,1.0,-0.05357899,3.0,2.0,0.006040092,5.47834,0.04513508453965187,0.08012450253590941,-1.0,0.004670267924666405,-1.7354714572429657,-0.05357899,3.0,-0.021895668,1.0,-2.0,-0.021426277,11.256303,0.003680257126688957,0.09070451837033033,0.75,-0.015600752085447311,3.878123641014099,0.041454827412962914,-0.01058001583442092,-1.75,0.020271020010113716,-5.613595098257065
2025_18_SEA_SF,2025,REG,18,2026-01-03,Saturday,20:00,SEA,13.0,SF,3.0,Home,-10.0,16.0,0.0,2026010301,60113.0,,202601030sfo,28687.0,401772961,7004.0,6,6,-148.0,124.0,-2.5,-120.0,100.0,47.5,-105.0,-115.0,1,outdoors,grass,57.0,8.0,00-0034869,00-0037834,Sam Darnold,Brock Purdy,Mike Macdonald,Kyle Shanahan,Bill Vinovich,SFO01,Levi's Stadium,0.0,-0.31928542,1.0,-0.025877034,0.0,-1.0,-0.3589907,3.17153,0.2180665908381343,0.019382191821932793,-0.25,0.23610662342980504,11.861756682395935,-0.025877034,0.0,-0.31928542,1.0,1.0,0.068671755,6.931529,0.07492589112371206,-0.1232479540631175,0.0,0.02216506004333496,0.5950465127825737,0.14314069971442223,0.1426301458850503,-0.25,0.21394156338647008,11.266710169613361
2025_18_NO_ATL,2025,REG,18,2026-01-04,Sunday,13:00,NO,17.0,ATL,19.0,Home,2.0,36.0,0.0,2026010400,60099.0,,202601040atl,28689.0,401772966,6990.0,7,6,170.0,-205.0,4.5,-115.0,-105.0,43.5,-112.0,-108.0,1,closed,fieldturf,,,00-0040743,00-0029604,Tyler Shough,Kirk Cousins,Kellen Moore,Raheem Morris,Ron Torbert,ATL97,Mercedes-Benz Stadium,1.0,-0.12437928,1.0,-0.16176698,2.0,1.0,-0.24802166,-6.6036406,0.0005513271316885948,0.08147781959269196,0.0,0.007505685091018677,-2.8590891137719154,-0.16176698,2.0,-0.12437928,1.0,-1.0,-0.11437933,-1.6913325,0.04839317221194506,-0.08550823293626308,0.5,0.0910705835558474,5.348742429167032,-0.04784184508025646,0.16698605252895504,-0.5,-0.08356489846482873,-8.207831542938948
2025_18_CLE_CIN,2025,REG,18,2026-01-04,Sunday,13:00,CLE,20.0,CIN,18.0,Home,-2.0,38.0,0.0,2026010403,60102.0,,202601040cin,28676.0,401772964,6993.0,7,7,350.0,-455.0,9.5,-112.0,-108.0,47.5,-118.0,-102.0,1,outdoors,fieldturf,37.0,0.0,00-0040668,00-0036442,Shedeur Sanders,Joe Burrow,Kevin Stefanski,Zac Taylor,Alex Kemp,CIN00,Paycor Stadium,0.0,-0.13369058,2.0,-0.094906144,1.0,-1.0,-0.11326668,6.8125987,0.13913919031620026,0.07902680244296789,0.25,0.13054552674293518,9.400838255882263,-0.094906144,1.0,-0.13369058,2.0,1.0,-0.12539846,-11.779613,-0.16736172139644623,-0.0527981304039713,-2.0,-0.21312841400504112,0.0017007887363433838,0.3065009117126465,0.1318249328469392,2.25,0.3436739407479763,9.39913746714592
2025_18_IND_HOU,2025,REG,18,2026-01-04,Sunday,13:00,IND,30.0,HOU,38.0,Home,8.0,68.0,0.0,2026010405,60104.0,,202601040htx,28678.0,401772962,6995.0,7,8,400.0,-535.0,9.5,-110.0,-110.0,37.5,-108.0,-112.0,1,closed,astroturf,,,00-0040206,00-0039163,Riley Leonard,C.J. Stroud,Shane Steichen,DeMeco Ryans,Land Clark,HOU00,NRG Stadium,1.0,0.08609361,0.0,0.009661887,3.0,3.0,-0.018900342,-12.23063,0.016873539425432682,-0.13175213430076838,1.25,-0.034279970452189445,-0.7880809605121613,0.009661887,3.0,0.08609361,0.0,-3.0,-0.07294241,2.2241688,-0.04931554291397333,0.1199572291225195,-1.0,-0.13221957441419363,-3.463206574320793,0.06618908233940601,-0.25170936342328787,2.25,0.09793960396200418,2.675125613808632
2025_18_TEN_JAX,2025,REG,18,2026-01-04,Sunday,13:00,TEN,7.0,JAX,41.0,Home,34.0,48.0,0.0,2026010406,60105.0,,202601040jax,28679.0,401772970,6996.0,7,7,525.0,-750.0,12.5,-110.0,-110.0,46.5,-112.0,-108.0,1,outdoors,grass,55.0,8.0,00-0040676,00-0036971,Cam Ward,Trevor Lawrence,Brian Callahan,Liam Coen,Scott Novak,JAX00,TIAA Bank Stadium,1.0,0.27071035,0.0,-0.24424265,1.0,1.0,0.21885934,13.267306,0.15413676854223013,-0.06668197689577937,1.5,0.12807419511955231,3.514469191431999,-0.24424265,1.0,0.27071035,0.0,-1.0,-0.34853637,-9.166356,0.028302057180553675,0.017915785312652588,0.5,0.0008450308814644814,-0.7913988009095192,0.12583471136167645,-0.08459776220843196,1.0,0.12722916423808783,4.305867992341518
2025_18_GB_MIN,2025,REG,18,2026-01-04,Sunday,13:00,GB,3.0,MIN,16.0,Home,13.0,19.0,0.0,2026010409,60108.0,,202601040min,28682.0,401772968,6999.0,8,10,470.0,-650.0,12.5,-108.0,-112.0,37.5,-118.0,-102.0,1,dome,sportturf,,,00-0038582,00-0039923,Clayton Tune,J.J. McCarthy,Matt LaFleur,Kevin O'Connell,John Hussey,MIN01,U.S. Bank Stadium,1.0,0.030399177,1.0,-0.20390534,0.0,-1.0,-0.042727638,1.7802639,0.043061716482043266,-0.20688699465245008,1.75,0.050373208709061146,-1.38530782610178,-0.20390534,0.0,0.030399177,1.0,1.0,-0.32896394,-16.779064,0.10704783722758293,0.17127199470996857,-1.0,0.10840289620682597,9.837530136108398,-0.06398612074553967,-0.37815898936241865,2.75,-0.058029687497764826,-11.222837962210178
2025_18_DAL_NYG,2025,REG,18,2026-01-04,Sunday,13:00,DAL,17.0,NYG,34.0,Home,17.0,51.0,0.0,2026010411,60110.0,,202601040nyg,28684.0,401772963,7001.0,10,7,-166.0,140.0,-3.0,-115.0,-105.0,50.5,-115.0,-105.0,1,outdoors,fieldturf,33.0,7.0,00-0033077,00-0040691,Dak Prescott,Jaxson Dart,Brian Schottenheimer,Brian Daboll,Adrian Hill,NYC01,MetLife Stadium,1.0,0.160943,1.0,-0.06423489,2.0,1.0,0.13465807,4.8829813,-0.06351016461849213,-0.03903946420177817,0.75,-0.05693144677206874,-3.3719562888145447,-0.06423489,2.0,0.160943,1.0,-1.0,-0.12970592,-5.3700557,0.07163712556939572,0.22605925053358078,-0.75,0.08621277497150004,-2.1908426582813263,-0.13514729018788785,-0.26509871473535895,1.5,-0.14314422174356878,-1.1811136305332184
2025_18_NYJ_BUF,2025,REG,18,2026-01-04,Sunday,16:25,NYJ,8.0,BUF,35.0,Home,27.0,43.0,0.0,2026010401,60100.0,,202601040buf,28674.0,401772967,6991.0,7,7,550.0,-800.0,12.5,-112.0,-108.0,39.5,-115.0,-105.0,1,outdoors,a_turf,27.0,13.0,00-0040398,00-0033869,Brady Cook,Mitchell Trubisky,Aaron Glenn,Sean McDermott,Alan Eck,BUF00,New Era Field,1.0,0.23818672,0.0,-0.18283027,0.0,0.0,0.354583,12.694397,0.09549710122519173,0.05884088762104511,0.75,0.11401050165295601,5.400494039058685,-0.18283027,0.0,0.23818672,0.0,0.0,-0.25580803,-19.890871,-0.18466672115027905,0.20967678679153323,-1.75,-0.2911257855594158,-8.757382154464722,0.2801638223754708,-0.15083589917048812,2.5,0.4051362872123718,14.157876193523407
2025_18_DET_CHI,2025,REG,18,2026-01-04,Sunday,16:25,DET,19.0,CHI,16.0,Home,-3.0,35.0,0.0,2026010402,60101.0,,202601040chi,28675.0,401772965,6992.0,10,7,150.0,-180.0,3.5,-110.0,-110.0,51.5,-115.0,-105.0,1,outdoors,grass,33.0,4.0,00-0033106,00-0039918,Jared Goff,Caleb Williams,Dan Campbell,Ben Johnson,Brad Rogers,CHI98,Soldier Field,0.0,0.031278968,1.0,0.1171616,1.0,0.0,-0.019359931,0.05988213,0.13664553128182888,0.043461401015520096,1.25,0.15584362298250198,0.3037976324558258,0.1171616,1.0,0.031278968,1.0,0.0,0.1443469,5.4194374,0.012705892324447632,0.04994026571512222,-0.25,0.031705815345048904,-1.800041526556015,0.12393963895738125,-0.006478864699602127,1.5,0.12413780763745308,2.103839159011841
2025_18_LAC_DEN,2025,REG,18,2026-01-04,Sunday,16:25,LAC,3.0,DEN,19.0,Home,16.0,22.0,0.0,2026010404,60103.0,,202601040den,28677.0,401772956,6994.0,8,10,900.0,-1600.0,14.5,-108.0,-112.0,37.5,-105.0,-115.0,1,outdoors,grass,66.0,8.0,00-0037012,00-0039732,Trey Lance,Bo Nix,Jim Harbaugh,Sean Payton,Clete Blakeman,DEN00,Empower Field at Mile High,1.0,-0.13036138,0.0,-0.32338786,2.0,2.0,-0.18474616,-12.681854,0.08208688581362367,0.05507256981218234,-0.5,0.09583876561373472,5.011944890022278,-0.32338786,2.0,-0.13036138,0.0,-2.0,-0.41350368,-11.003399,-0.00025487784296274185,-0.06146983813960105,1.5,-0.021577528677880764,2.546512722969055,0.08234176365658641,0.11654240795178339,-2.0,0.11741629429161549,2.4654321670532227
2025_18_ARI_LA,2025,REG,18,2026-01-04,Sunday,16:25,ARI,20.0,LA,37.0,Home,17.0,57.0,0.0,2026010407,60106.0,,202601040ram,28681.0,401772955,6997.0,7,6,800.0,-1350.0,14.5,-115.0,-105.0,49.5,-108.0,-112.0,1,dome,matrixturf,,,00-0033119,00-0026498,Jacoby Brissett,Matthew Stafford,Jonathan Gannon,Sean McVay,Carl Cheffers,LAX01,SoFi Stadium,1.0,0.19186057,0.0,0.017737944,2.0,2.0,0.23612738,-1.8891861,0.13359971903264523,0.020939044654369354,0.0,0.19399839639663696,-0.5732845067977905,0.017737944,2.0,0.19186057,0.0,-2.0,0.036187623,14.167318,-0.02487530221696943,0.24194404669106007,-0.5,-0.024859226075932384,-6.638542503118515,0.15847502124961466,-0.2210050020366907,0.5,0.21885762247256935,6.0652579963207245
2025_18_KC_LV,2025,REG,18,2026-01-04,Sunday,16:25,KC,12.0,LV,14.0,Home,2.0,26.0,0.0,2026010408,60107.0,,202601040rai,28680.0,401772957,6998.0,10,7,-225.0,185.0,-3.5,-112.0,-108.0,36.5,-118.0,-102.0,1,dome,grass,,,00-0037324,00-0038102,Chris Oladokun,Kenny Pickett,Andy Reid,Pete Carroll,Craig Wrolstad,VEG00,Allegiant Stadium,1.0,-0.34741628,2.0,-0.3338436,2.0,0.0,-0.49023992,-27.368004,-0.11636322078993544,0.1531824627891183,-1.0,-0.18030316848307848,3.0557563304901123,-0.3338436,2.0,-0.34741628,2.0,0.0,-0.46820608,-12.000795,-0.1277087782509625,0.020860739052295685,-0.75,-0.22764157876372337,-8.248671621084213,0.011345557461027056,0.1323217237368226,-0.25,0.047338410280644894,11.304427951574326
2025_18_MIA_NE,2025,REG,18,2026-01-04,Sunday,16:25,MIA,10.0,NE,38.0,Home,28.0,48.0,0.0,2026010410,60109.0,,202601040nwe,28683.0,401772958,7000.0,7,7,650.0,-1000.0,14.0,-112.0,-108.0,44.5,-112.0,-108.0,1,outdoors,fieldturf,29.0,6.0,00-0040234,00-0039851,Quinn Ewers,Drake Maye,Mike McDaniel,Mike Vrabel,Clay Martin,BOS00,Gillette Stadium,1.0,0.1838458,0.0,-0.2355725,2.0,2.0,0.35990873,21.223797,0.19200806133449078,-0.007225470617413521,0.25,0.2810199595987797,13.444713026285172,-0.2355725,2.0,0.1838458,0.0,-2.0,-0.34409288,0.9687211,0.03661289159208536,0.061339979991316795,0.5,0.05416697170585394,2.0659406781196594,0.15539516974240541,-0.06856545060873032,-0.25,0.22685298789292574,11.378772348165512
2025_18_WAS_PHI,2025,REG,18,2026-01-04,Sunday,16:25,WAS,24.0,PHI,17.0,Home,-7.0,41.0,0.0,2026010412,60111.0,,202601040phi,28685.0,401772959,7002.0,10,7,150.0,-180.0,3.0,-105.0,-115.0,38.5,-108.0,-112.0,1,outdoors,grass,35.0,9.0,00-0026300,00-0038400,Josh Johnson,Tanner McKee,Dan Quinn,Nick Sirianni,Shawn Hochuli,PHI00,Lincoln Financial Field,0.0,-0.070182875,1.0,0.042180896,2.0,1.0,-0.10292985,-1.3910787,0.04520468972623348,-0.14009082783013582,-0.25,0.03828448802232742,3.0682038068771362,0.042180896,2.0,-0.070182875,1.0,-1.0,-0.025166323,6.251352,-0.051594116259366274,0.0995524488389492,-1.0,-0.08952941431198269,-4.3694188594818115,0.09679880598559976,-0.23964327666908503,0.75,0.12781390233431011,7.437622666358948
2025_18_BAL_PIT,2025,REG,18,2026-01-04,Sunday,20:20,BAL,24.0,PIT,26.0,Home,2.0,50.0,0.0,2026010413,60112.0,,202601040pit,28686.0,401772960,7003.0,8,7,-225.0,185.0,-4.5,-105.0,-115.0,41.5,-110.0,-110.0,1,outdoors,grass,25.0,3.0,00-0034796,00-0023459,Lamar Jackson,Aaron Rodgers,John Harbaugh,Mike Tomlin,Shawn Smith,PIT00,Acrisure Stadium,1.0,0.08159924,0.0,0.09930183,1.0,1.0,0.05849586,1.2173847,0.07239484041929245,-0.0030660731717944145,0.75,0.12484392523765564,1.0607150793075562,0.09930183,1.0,0.08159924,0.0,-1.0,0.13874553,2.5776792,0.12868727464228868,0.04213237389922142,0.5,0.1732044282834977,7.115275979042053,-0.056292434222996235,-0.045198447071015835,0.25,-0.04836050304584205,-6.054560899734497
2026_01_NE_SEA,2026,REG,1,2026-09-09,Wednesday,20:20,NE,10.0,SEA,13.0,Home,3.0,23.0,0.0,2026090900,60178.0,,202609090sea,30606.0,401872656,7019.0,7,7,140.0,-166.0,3.0,-102.0,-118.0,44.5,-112.0,-108.0,0,outdoors,fieldturf,74.0,6.0,00-0039851,00-0034869,Drake Maye,Sam Darnold,Mike Vrabel,Mike Macdonald,Adrian Hill,SEA00,Lumen Field,1.0,,,,,,,,0.013790918048471212,-0.14629614632576704,-0.25,0.0013795290142297745,2.393990620970726,,,,,,,,0.2207484133541584,-0.01394275389611721,0.5,0.32874413952231407,14.806120067834854,-0.2069574953056872,-0.13235339242964983,-0.75,-0.3273646105080843,-12.412129446864128
2026_01_SF_LA,2026,REG,1,2026-09-10,Thursday,20:35,SF,27.0,LA,7.0,Neutral,-20.0,34.0,0.0,2026091100,60179.0,,202609100ram,30607.0,401872657,7020.0,7,7,180.0,-218.0,3.5,-105.0,-115.0,47.5,-105.0,-115.0,1,dome,grass,57.0,4.0,00-0037834,00-0026498,Brock Purdy,Matthew Stafford,Kyle Shanahan,Sean McVay,Alex Kemp,MEL00,Melbourne Cricket Ground,0.0,,,,,,,,0.10108616389334202,0.043476480059325695,0.25,0.14339085668325424,-2.059369385242462,,,,,,,,0.12473947554826736,0.07803466590121388,-0.5,0.14412859454751015,10.283224523067474,-0.023653311654925346,-0.03455818584188819,0.75,-0.0007377378642559052,-12.342593908309937
2026_01_CHI_CAR,2026,REG,1,2026-09-13,Sunday,13:00,CHI,59.0,CAR,37.0,Home,-22.0,96.0,0.0,2026091300,60180.0,,202609130car,30609.0,401872661,7021.0,7,7,-166.0,140.0,-3.0,-112.0,-108.0,47.5,-115.0,-105.0,0,outdoors,grass,89.0,2.0,00-0039918,00-0039150,Caleb Williams,Bryce Young,Ben Johnson,Dave Canales,Brad Allen,CAR00,Bank of America Stadium,0.0,,,,,,,,-0.05269193183630705,0.03927266364917159,-0.5,-0.08035692991688848,4.490843892097473,,,,,,,,0.11724787391722202,0.02106150984764099,1.25,0.1239835862070322,-0.1446668291464448,-0.16993980575352907,0.0182111538015306,-1.75,-0.20434051612392068,4.635510721243918
2026_01_TB_CIN,2026,REG,1,2026-09-13,Sunday,13:00,TB,27.0,CIN,33.0,Home,6.0,60.0,0.0,2026091301,60181.0,,202609130cin,30610.0,401872925,7022.0,7,7,170.0,-205.0,3.5,-102.0,-118.0,50.5,-112.0,-108.0,0,outdoors,fieldturf,85.0,7.0,00-0034855,00-0036442,Baker Mayfield,Joe Burrow,Todd Bowles,Zac Taylor,John Hussey,CIN00,Paycor Stadium,1.0,,,,,,,,0.06160377338528633,-0.0035656271502375603,0.25,0.0725066140294075,9.35154676437378,,,,,,,,0.06344402441754937,0.07435525488108397,-0.5,0.05076735920738429,3.7540595829486847,-0.0018402510322630405,-0.07792088203132153,0.75,0.021739254822023213,5.597487181425095
2026_01_NO_DET,2026,REG,1,2026-09-13,Sunday,13:00,NO,30.0,DET,31.0,Home,1.0,61.0,1.0,2026091302,60182.0,,202609130det,30611.0,401872923,7023.0,7,7,260.0,-325.0,7.0,-110.0,-110.0,49.5,-105.0,-115.0,0,dome,fieldturf,,,00-0040743,00-0033106,Tyler Shough,Jared Goff,Kellen Moore,Dan Campbell,Alan Eck,DET00,Ford Field,1.0,,,,,,,,-0.012020587921142578,0.04102831333875656,-1.0,-0.015518996864557266,-2.8427039086818695,,,,,,,,0.01557692838832736,-0.09282019548118114,0.25,0.05792773375287652,5.488721761852503,-0.02759751630946994,0.1338485088199377,-1.25,-0.07344673061743379,-8.331425670534372
2026_01_BUF_HOU,2026,REG,1,2026-09-13,Sunday,13:00,BUF,36.0,HOU,31.0,Home,-5.0,67.0,0.0,2026091303,60183.0,,202609130htx,30612.0,401872660,7024.0,7,7,-112.0,-108.0,-1.5,-105.0,-115.0,44.5,-110.0,-110.0,0,closed,astroturf,,,00-0034857,00-0039163,Josh Allen,C.J. Stroud,Sean McDermott,DeMeco Ryans,Alex Moore,HOU00,Reliant Stadium,0.0,,,,,,,,0.059546797536313534,-0.0657922551035881,1.25,-0.02015468291938305,-2.320218950510025,,,,,,,,0.09617788685136475,-0.030979452654719353,0.5,0.13893013074994087,5.453154265880585,-0.03663108931505121,-0.03481280244886875,0.75,-0.15908481366932392,-7.77337321639061
2026_01_BAL_IND,2026,REG,1,2026-09-13,Sunday,13:00,BAL,41.0,IND,23.0,Home,-18.0,64.0,0.0,2026091304,60184.0,,202609130clt,30613.0,401872659,7025.0,7,7,-162.0,136.0,-3.0,-108.0,-112.0,48.5,-118.0,-102.0,0,closed,fieldturf,,,00-0034796,00-0035710,Lamar Jackson,Daniel Jones,Jesse Minter,Shane Steichen,Scott Novak,IND00,Lucas Oil Stadium,0.0,,,,,,,,-0.02280588448047638,0.12039133347570896,-1.25,-0.10332497302442789,-2.7948121950030327,,,,,,,,0.13961160369217396,0.011544639244675636,0.5,0.20462358184158802,9.019088506698608,-0.16241748817265034,0.10884669423103333,-1.75,-0.3079485548660159,-11.813900701701641
2026_01_CLE_JAX,2026,REG,1,2026-09-13,Sunday,13:00,CLE,10.0,JAX,34.0,Home,24.0,44.0,0.0,2026091305,60185.0,,202609130jax,30614.0,401872922,7026.0,7,7,360.0,-470.0,8.5,-105.0,-115.0,40.5,-118.0,-102.0,0,outdoors,grass,89.0,3.0,00-0033537,00-0036971,Deshaun Watson,Trevor Lawrence,Todd Monken,Liam Coen,Craig Wrolstad,JAX00,EverBank Stadium,1.0,,,,,,,,0.20072505716234446,-0.10364845348522067,1.25,0.15993632923346013,7.679131671786308,,,,,,,,-0.171206159517169,-0.07962245898670517,-1.5,-0.23024611175060272,-1.7592626512050629,0.37193121667951345,-0.0240259944985155,2.75,0.39018244098406285,9.438394322991371
2026_01_ATL_PIT,2026,REG,1,2026-09-13,Sunday,13:00,ATL,13.0,PIT,20.0,Home,7.0,33.0,0.0,2026091306,60186.0,,202609130pit,30615.0,401872658,7027.0,7,7,240.0,-298.0,6.5,-108.0,-112.0,40.5,-108.0,-112.0,0,outdoors,grass,77.0,4.0,00-0033662,00-0023459,Cooper Rush,Aaron Rodgers,Raheem Morris,Mike McCarthy,Brad Rogers,PIT00,Acrisure Stadium,1.0,,,,,,,,0.041807105764746666,0.007858255878090858,0.75,0.07225933950394392,0.28438112139701843,,,,,,,,0.026229671202600002,-0.013629638939164579,0.75,0.03450413793325424,-1.3180734887719154,0.015577434562146664,0.021487894817255437,0.0,0.03775520157068968,1.6024546101689339
2026_01_NYJ_TEN,2026,REG,1,2026-09-13,Sunday,13:00,NYJ,23.0,TEN,10.0,Home,-13.0,33.0,0.0,2026091307,60187.0,,202609130oti,30616.0,401872924,7028.0,7,7,-102.0,-118.0,1.5,-115.0,-105.0,39.5,-110.0,-110.0,0,outdoors,grass,90.0,2.0,00-0030565,00-0040676,Geno Smith,Cam Ward,Aaron Glenn,Robert Saleh,Land Clark,NAS00,Nissan Stadium,0.0,,,,,,,,-0.0261602895334363,0.10547547042369843,0.0,-0.06311077531427145,-0.4413588419556618,,,,,,,,-0.15972543321549892,0.2392048924230039,-1.0,-0.24186793342232704,-8.641753435134888,0.13356514368206263,-0.1337294219993055,1.0,0.1787571581080556,8.200394593179226
2026_01_ARI_LAC,2026,REG,1,2026-09-13,Sunday,16:25,ARI,26.0,LAC,14.0,Home,-12.0,40.0,0.0,2026091308,60188.0,,202609130sdg,30617.0,401872926,7029.0,7,7,350.0,-455.0,8.5,-102.0,-118.0,47.5,-118.0,-102.0,0,dome,matrixturf,,,00-0033119,00-0036355,Jacoby Brissett,Justin Herbert,Jonathan Gannon,Jim Harbaugh,Ron Torbert,LAX01,SoFi Stadium,0.0,,,,,,,,-0.04672765824943781,-0.05918296065647155,0.25,-0.05688102450221777,3.7013620138168335,,,,,,,,-0.0023378668120130897,0.20943049155175686,-0.75,-0.00034667993895709515,-0.9848850667476654,-0.04438979143742472,-0.2686134522082284,1.0,-0.056534344563260674,4.686247080564499
2026_01_MIA_LV,2026,REG,1,2026-09-13,Sunday,16:25,MIA,13.0,LV,27.0,Home,14.0,40.0,0.0,2026091309,60189.0,,202609130rai,30618.0,401872928,7030.0,7,7,142.0,-170.0,3.0,-110.0,-110.0,40.5,-110.0,-110.0,0,dome,grass,,,00-0038128,00-0029604,Malik Willis,Kirk Cousins,Jeff Hafley,Klint Kubliak,Clete Blakeman,VEG00,Allegiant Stadium,1.0,,,,,,,,-0.20236766152083874,0.03923788759857416,-1.0,-0.2894011093303561,-5.841235399246216,,,,,,,,-0.05229880753904581,0.1779502872377634,-0.75,-0.08354505244642496,4.60542319715023,-0.15006885398179293,-0.13871239963918924,-0.25,-0.20585605688393116,-10.446658596396446
2026_01_GB_MIN,2026,REG,1,2026-09-13,Sunday,16:25,GB,22.0,MIN,39.0,Home,17.0,61.0,0.0,2026091310,60190.0,,202609130min,30619.0,401872927,7031.0,7,7,105.0,-125.0,1.5,-105.0,-115.0,46.5,-118.0,-102.0,1,dome,sportturf,,,00-0036264,00-0035228,Jordan Love,Kyler Murray,Matt LaFleur,Kevin O'Connell,Shawn Hochuli,MIN01,U.S. Bank Stadium,1.0,,,,,,,,-0.002930295653641224,-0.17279392760246992,0.75,-0.037653736770153046,-0.9762297868728638,,,,,,,,0.0043812096118927,0.1516543896868825,-0.75,-0.0337989185936749,2.6330771446228027,-0.007311505265533924,-0.3244483172893524,1.5,-0.0038548181764781475,-3.6093069314956665
2026_01_WAS_PHI,2026,REG,1,2026-09-13,Sunday,16:25,WAS,22.0,PHI,24.0,Home,2.0,46.0,0.0,2026091311,60191.0,,202609130phi,30620.0,401872929,7032.0,7,7,200.0,-245.0,6.0,-110.0,-110.0,43.5,-105.0,-115.0,1,outdoors,grass,82.0,7.0,00-0039910,00-0036389,Jayden Daniels,Jalen Hurts,Dan Quinn,Nick Sirianni,Shawn Smith,PHI00,Lincoln Financial Field,1.0,,,,,,,,0.0625361930578947,-0.0951714189723134,0.75,0.0782999787479639,5.407427489757538,,,,,,,,0.044020510744303465,0.028414923697710037,-0.5,0.01221167843323201,1.5606838464736938,0.018515682313591242,-0.12358634267002344,1.25,0.0660883003147319,3.846743643283844
2026_01_DAL_NYG,2026,REG,1,2026-09-13,Sunday,20:20,DAL,20.0,NYG,28.0,Home,8.0,48.0,0.0,2026091312,60192.0,,202609130nyg,30608.0,401872930,7033.0,7,7,-166.0,140.0,-3.0,-112.0,-108.0,47.5,-105.0,-115.0,1,outdoors,fieldturf,80.0,7.0,00-0033077,00-0040691,Dak Prescott,Jaxson Dart,Brian Schottenheimer,John Harbaugh,Carl Cheffers,NYC01,MetLife Stadium,1.0,,,,,,,,0.02890142798423767,-0.07231928547844291,1.25,0.003777008969336748,-3.0301066637039185,,,,,,,,0.03884670871775597,0.2122781202197075,-0.25,0.05715180840343237,-3.8413690328598022,-0.009945280733518302,-0.2845974056981504,1.5,-0.05337479943409562,0.8112623691558838
2026_01_DEN_KC,2026,REG,1,2026-09-14,Monday,20:15,DEN,10.0,KC,31.0,Home,21.0,41.0,0.0,2026091400,60193.0,,202609140kan,30621.0,401872931,7034.0,7,7,110.0,-130.0,2.5,-112.0,-108.0,42.5,-110.0,-110.0,1,outdoors,grass,91.0,13.0,00-0039732,00-0033873,Bo Nix,Patrick Mahomes,Sean Payton,Andy Reid,Clay Martin,KAN00,GEHA Field at Arrowhead Stadium,1.0,,,,,,,,-0.14762526797130704,-0.04484347626566887,0.0,-0.27146925404667854,-7.535819619894028,,,,,,,,0.019012863282114267,-0.024924765806645155,0.0,0.010833430103957653,-0.9034513235092163,-0.1666381312534213,-0.019918710459023714,0.0,-0.2823026841506362,-6.632368296384811
2026_02_DET_BUF,2026,REG,2,2026-09-17,Thursday,20:15,DET,31.0,BUF,41.0,Home,10.0,72.0,0.0,2026091700,60194.0,,202609170buf,30635.0,401872932,7035.0,4,4,195.0,-238.0,5.5,-115.0,-105.0,54.5,-102.0,-118.0,0,outdoors,grass,67.0,4.0,00-0033106,00-0034857,Jared Goff,Josh Allen,Dan Campbell,Sean McDermott,Ron Torbert,BUF00,Highmark Stadium,1.0,,,,,,,,0.09617788685136475,-0.030979452654719353,0.5,0.13893013074994087,5.453154265880585,,,,,,,,-0.012020587921142578,0.04102831333875656,-1.0,-0.015518996864557266,-2.8427039086818695,0.10819847477250732,-0.07200776599347591,1.5,0.15444912761449814,8.295858174562454
2026_02_CAR_ATL,2026,REG,2,2026-09-20,Sunday,13:00,CAR,34.0,ATL,3.0,Home,-31.0,37.0,0.0,2026092000,60195.0,,202609200atl,30622.0,401872933,7036.0,7,7,-155.0,130.0,-2.5,-120.0,100.0,43.5,-110.0,-110.0,1,closed,fieldturf,,,00-0039150,00-0036212,Bryce Young,Tua Tagovailoa,Dave Canales,Raheem Morris,Alex Moore,ATL97,Mercedes-Benz Stadium,0.0,,,,,,,,0.026229671202600002,-0.013629638939164579,0.75,0.03450413793325424,-1.3180734887719154,,,,,,,,-0.05269193183630705,0.03927266364917159,-0.5,-0.08035692991688848,4.490843892097473,0.07892160303890705,-0.05290230258833617,1.25,0.11486106785014272,-5.808917380869389
2026_02_NO_BAL,2026,REG,2,2026-09-20,Sunday,13:00,NO,24.0,BAL,17.0,Home,-7.0,41.0,0.0,2026092001,60196.0,,202609200rav,30623.0,401872938,7037.0,7,7,295.0,-375.0,8.5,-115.0,-105.0,45.5,-115.0,-105.0,0,outdoors,grass,79.0,10.0,00-0040743,00-0034796,Tyler Shough,Lamar Jackson,Kellen Moore,Jesse Minter,Clete Blakeman,BAL00,M&T Bank Stadium,0.0,,,,,,,,0.13961160369217396,0.011544639244675636,0.5,0.20462358184158802,9.019088506698608,,,,,,,,0.01557692838832736,-0.09282019548118114,0.25,0.05792773375287652,5.488721761852503,0.1240346753038466,0.10436483472585678,0.25,0.1466958480887115,3.5303667448461056
2026_02_MIN_CHI,2026,REG,2,2026-09-20,Sunday,13:00,MIN,9.0,CHI,3.0,Home,-6.0,12.0,0.0,2026092002,60197.0,,202609200chi,30624.0,401872937,7038.0,7,7,180.0,-218.0,4.5,-108.0,-112.0,46.5,-105.0,-115.0,1,outdoors,grass,68.0,8.0,00-0032950,00-0039918,Carson Wentz,Caleb Williams,Kevin O'Connell,Ben Johnson,Land Clark,CHI98,Soldier Field,0.0,,,,,,,,0.11724787391722202,0.02106150984764099,1.25,0.1239835862070322,-0.1446668291464448,,,,,,,,-0.002930295653641224,-0.17279392760246992,0.75,-0.037653736770153046,-0.9762297868728638,0.12017816957086325,0.1938554374501109,0.5,0.16163732297718525,0.831562957726419
2026_02_CIN_HOU,2026,REG,2,2026-09-20,Sunday,13:00,CIN,20.0,HOU,6.0,Home,-14.0,26.0,0.0,2026092003,60198.0,,202609200htx,30625.0,401872934,7039.0,7,7,124.0,-148.0,3.0,-118.0,-102.0,45.5,-110.0,-110.0,0,closed,astroturf,,,00-0036442,00-0039163,Joe Burrow,C.J. Stroud,Zac Taylor,DeMeco Ryans,Adrian Hill,HOU00,Reliant Stadium,0.0,,,,,,,,0.059546797536313534,-0.0657922551035881,1.25,-0.02015468291938305,-2.320218950510025,,,,,,,,0.06160377338528633,-0.0035656271502375603,0.25,0.0725066140294075,9.35154676437378,-0.0020569758489727974,-0.062226627953350544,1.0,-0.09266129694879055,-11.671765714883804
2026_02_PIT_NE,2026,REG,2,2026-09-20,Sunday,13:00,PIT,3.0,NE,20.0,Home,17.0,23.0,0.0,2026092004,60199.0,,202609200nwe,30626.0,401872946,7040.0,7,11,185.0,-225.0,4.5,-102.0,-118.0,41.5,-115.0,-105.0,0,outdoors,fieldturf,63.0,7.0,00-0023459,00-0039851,Aaron Rodgers,Drake Maye,Mike McCarthy,Mike Vrabel,Carl Cheffers,BOS00,Gillette Stadium,1.0,,,,,,,,0.2207484133541584,-0.01394275389611721,0.5,0.32874413952231407,14.806120067834854,,,,,,,,0.041807105764746666,0.007858255878090858,0.75,0.07225933950394392,0.28438112139701843,0.17894130758941174,-0.02180100977420807,-0.25,0.25648480001837015,14.521738946437836
2026_02_GB_NYJ,2026,REG,2,2026-09-20,Sunday,13:00,GB,20.0,NYJ,17.0,Home,-3.0,37.0,1.0,2026092005,60200.0,,202609200nyj,30627.0,401872936,7041.0,7,7,-185.0,154.0,-3.5,-108.0,-112.0,44.5,-110.0,-110.0,0,outdoors,fieldturf,69.0,7.0,00-0036264,00-0030565,Jordan Love,Geno Smith,Matt LaFleur,Aaron Glenn,Scott Novak,NYC01,MetLife Stadium,0.0,,,,,,,,-0.15972543321549892,0.2392048924230039,-1.0,-0.24186793342232704,-8.641753435134888,,,,,,,,0.0043812096118927,0.1516543896868825,-0.75,-0.0337989185936749,2.6330771446228027,-0.16410664282739162,0.08755050273612142,-0.25,-0.20806901482865214,-11.27483057975769
2026_02_CLE_TB,2026,REG,2,2026-09-20,Sunday,13:00,CLE,23.0,TB,19.0,Home,-4.0,42.0,0.0,2026092006,60201.0,,202609200tam,30628.0,401872935,7042.0,7,7,330.0,-425.0,8.5,-115.0,-105.0,41.5,-112.0,-108.0,0,outdoors,grass,86.0,4.0,00-0033537,00-0034855,Deshaun Watson,Baker Mayfield,Todd Monken,Todd Bowles,Brad Rogers,TAM00,Raymond James Stadium,0.0,,,,,,,,0.06344402441754937,0.07435525488108397,-0.5,0.05076735920738429,3.7540595829486847,,,,,,,,-0.171206159517169,-0.07962245898670517,-1.5,-0.23024611175060272,-1.7592626512050629,0.23465018393471837,0.15397771386778913,1.0,0.281013470957987,5.513322234153748
2026_02_PHI_TEN,2026,REG,2,2026-09-20,Sunday,13:00,PHI,24.0,TEN,20.0,Home,-4.0,44.0,0.0,2026092007,60202.0,,202609200oti,30629.0,401872939,7043.0,7,7,-325.0,260.0,-7.0,-115.0,-105.0,39.5,-108.0,-112.0,0,outdoors,grass,92.0,5.0,00-0036389,00-0040676,Jalen Hurts,Cam Ward,Nick Sirianni,Robert Saleh,Clay Martin,NAS00,Nissan Stadium,0.0,,,,,,,,-0.0261602895334363,0.10547547042369843,0.0,-0.06311077531427145,-0.4413588419556618,,,,,,,,0.0625361930578947,-0.0951714189723134,0.75,0.0782999787479639,5.407427489757538,-0.088696482591331,0.20064688939601183,-0.75,-0.14141075406223536,-5.8487863317132
2026_02_JAX_DEN,2026,REG,2,2026-09-20,Sunday,16:05,JAX,13.0,DEN,20.0,Home,7.0,33.0,0.0,2026092008,60203.0,,202609200den,30630.0,401872940,7044.0,7,6,124.0,-148.0,2.5,-105.0,-115.0,45.5,-110.0,-110.0,0,outdoors,grass,73.0,12.0,00-0036971,00-0039732,Trevor Lawrence,Bo Nix,Liam Coen,Sean Payton,John Hussey,DEN00,Empower Field at Mile High,1.0,,,,,,,,0.019012863282114267,-0.024924765806645155,0.0,0.010833430103957653,-0.9034513235092163,,,,,,,,0.20072505716234446,-0.10364845348522067,1.25,0.15993632923346013,7.679131671786308,-0.1817121938802302,0.07872368767857552,-1.25,-0.14910289912950248,-8.582582995295525
2026_02_LV_LAC,2026,REG,2,2026-09-20,Sunday,16:05,LV,26.0,LAC,14.0,Home,-12.0,40.0,0.0,2026092009,60204.0,,202609200sdg,30631.0,401872941,7045.0,7,7,260.0,-325.0,6.5,102.0,-122.0,43.5,-110.0,-110.0,1,dome,matrixturf,,,00-0029604,00-0036355,Kirk Cousins,Justin Herbert,Klint Kubliak,Jim Harbaugh,Bill Vinovich,LAX01,SoFi Stadium,0.0,,,,,,,,-0.04672765824943781,-0.05918296065647155,0.25,-0.05688102450221777,3.7013620138168335,,,,,,,,-0.20236766152083874,0.03923788759857416,-1.0,-0.2894011093303561,-5.841235399246216,0.15564000327140093,-0.09842084825504571,1.25,0.23252008482813835,9.54259741306305
2026_02_SEA_ARI,2026,REG,2,2026-09-20,Sunday,16:25,SEA,31.0,ARI,7.0,Home,-24.0,38.0,0.0,2026092010,60205.0,,202609200crd,30632.0,401872943,7046.0,11,7,-218.0,180.0,-3.5,-120.0,100.0,40.5,-105.0,-115.0,1,closed,grass,,,00-0035704,00-0033119,Drew Lock,Jacoby Brissett,Mike Macdonald,Jonathan Gannon,Alan Eck,PHO00,State Farm Stadium,0.0,,,,,,,,-0.0023378668120130897,0.20943049155175686,-0.75,-0.00034667993895709515,-0.9848850667476654,,,,,,,,0.013790918048471212,-0.14629614632576704,-0.25,0.0013795290142297745,2.393990620970726,-0.016128784860484302,0.3557266378775239,-0.5,-0.0017262089531868696,-3.3788756877183914
2026_02_WAS_DAL,2026,REG,2,2026-09-20,Sunday,16:25,WAS,20.0,DAL,37.0,Home,17.0,57.0,0.0,2026092011,60206.0,,202609200dal,30633.0,401872944,7047.0,7,7,180.0,-218.0,3.5,100.0,-120.0,51.5,-115.0,-105.0,1,closed,matrixturf,,,00-0039910,00-0033077,Jayden Daniels,Dak Prescott,Dan Quinn,Brian Schottenheimer,Shawn Hochuli,DAL00,AT&T Stadium,1.0,,,,,,,,0.03884670871775597,0.2122781202197075,-0.25,0.05715180840343237,-3.8413690328598022,,,,,,,,0.044020510744303465,0.028414923697710037,-0.5,0.01221167843323201,1.5606838464736938,-0.0051738020265474916,0.18386319652199745,0.25,0.04494012997020036,-5.402052879333496
2026_02_MIA_SF,2026,REG,2,2026-09-20,Sunday,16:25,MIA,13.0,SF,35.0,Home,22.0,48.0,0.0,2026092012,60207.0,,202609200sfo,30634.0,401872942,7048.0,7,10,600.0,-900.0,12.5,-105.0,-115.0,44.5,-105.0,-115.0,0,outdoors,grass,69.0,5.0,00-0038128,00-0037834,Malik Willis,Brock Purdy,Jeff Hafley,Kyle Shanahan,Shawn Smith,SFO01,Levi's Stadium,1.0,,,,,,,,0.12473947554826736,0.07803466590121388,-0.5,0.14412859454751015,10.283224523067474,,,,,,,,-0.05229880753904581,0.1779502872377634,-0.75,-0.08354505244642496,4.60542319715023,0.17703828308731318,-0.09991562133654952,0.25,0.2276736469939351,5.677801325917244
2026_02_IND_KC,2026,REG,2,2026-09-20,Sunday,20:20,IND,30.0,KC,33.0,Home,3.0,63.0,1.0,2026092013,60208.0,,202609200kan,30636.0,401872945,7049.0,7,6,215.0,-265.0,6.0,-112.0,-108.0,46.5,-118.0,-102.0,0,outdoors,grass,71.0,10.0,00-0035710,00-0033873,Daniel Jones,Patrick Mahomes,Shane Steichen,Andy Reid,Craig Wrolstad,KAN00,GEHA Field at Arrowhead Stadium,1.0,,,,,,,,-0.14762526797130704,-0.04484347626566887,0.0,-0.27146925404667854,-7.535819619894028,,,,,,,,-0.02280588448047638,0.12039133347570896,-1.25,-0.10332497302442789,-2.7948121950030327,-0.12481938349083066,-0.16523480974137783,1.25,-0.16814428102225065,-4.741007424890995
2026_02_NYG_LA,2026,REG,2,2026-09-21,Monday,20:15,NYG,6.0,LA,28.0,Home,22.0,34.0,0.0,2026092100,60209.0,,202609210ram,30637.0,401872947,7050.0,8,11,240.0,-298.0,6.5,-105.0,-115.0,47.5,-110.0,-110.0,0,dome,matrixturf,,,00-0040691,00-0026498,Jaxson Dart,Matthew Stafford,John Harbaugh,Sean McVay,Brad Allen,LAX01,SoFi Stadium,1.0,,,,,,,,0.10108616389334202,0.043476480059325695,0.25,0.14339085668325424,-2.059369385242462,,,,,,,,0.02890142798423767,-0.07231928547844291,1.25,0.003777008969336748,-3.0301066637039185,0.07218473590910435,0.1157957655377686,-1.0,0.1396138477139175,0.9707372784614563
2026_03_ATL_GB,2026,REG,3,2026-09-24,Thursday,20:15,ATL,,GB,,Home,,,,2026092400,,,202609240gnb,,401872948,7051.0,4,4,205.0,-250.0,5.5,-115.0,-105.0,42.5,-102.0,-118.0,0,outdoors,grass,,,00-0039917,00-0036264,Michael Penix Jr.,Jordan Love,Raheem Morris,Matt LaFleur,,GNB00,Lambeau Field,,,,,,,,,0.0043812096118927,0.1516543896868825,-0.75,-0.0337989185936749,2.6330771446228027,,,,,,,,0.026229671202600002,-0.013629638939164579,0.75,0.03450413793325424,-1.3180734887719154,-0.021848461590707302,0.16528402862604707,-1.5,-0.06830305652692914,3.951150633394718
2026_03_LAC_BUF,2026,REG,3,2026-09-27,Sunday,13:00,LAC,,BUF,,Home,,,,2026092700,,,202609270buf,,401872953,7052.0,7,10,270.0,-340.0,7.0,-105.0,-115.0,50.5,-115.0,-105.0,0,outdoors,a_turf,,,00-0036355,00-0034857,Justin Herbert,Josh Allen,Jim Harbaugh,Sean McDermott,,BUF00,Highmark Stadium,,,,,,,,,0.09617788685136475,-0.030979452654719353,0.5,0.13893013074994087,5.453154265880585,,,,,,,,-0.04672765824943781,-0.05918296065647155,0.25,-0.05688102450221777,3.7013620138168335,0.14290554510080256,0.028203508001752198,0.25,0.19581115525215864,1.7517922520637512
2026_03_CAR_CLE,2026,REG,3,2026-09-27,Sunday,13:00,CAR,,CLE,,Home,,,,2026092701,,,202609270cle,,401872949,7053.0,7,7,-155.0,130.0,-2.5,-120.0,100.0,42.5,-112.0,-108.0,0,outdoors,grass,,,00-0039150,00-0033537,Bryce Young,Deshaun Watson,Dave Canales,Todd Monken,,CLE00,Huntington Bank Field,,,,,,,,,-0.171206159517169,-0.07962245898670517,-1.5,-0.23024611175060272,-1.7592626512050629,,,,,,,,-0.05269193183630705,0.03927266364917159,-0.5,-0.08035692991688848,4.490843892097473,-0.11851422768086195,-0.11889512263587676,-1.0,-0.14988918183371425,-6.250106543302536
2026_03_NYJ_DET,2026,REG,3,2026-09-27,Sunday,13:00,NYJ,,DET,,Home,,,,2026092702,,,202609270det,,401872954,7054.0,7,10,245.0,-305.0,6.5,-105.0,-115.0,47.5,-112.0,-108.0,0,dome,fieldturf,,,00-0030565,00-0033106,Geno Smith,Jared Goff,Aaron Glenn,Dan Campbell,,DET00,Ford Field,,,,,,,,,-0.012020587921142578,0.04102831333875656,-1.0,-0.015518996864557266,-2.8427039086818695,,,,,,,,-0.15972543321549892,0.2392048924230039,-1.0,-0.24186793342232704,-8.641753435134888,0.14770484529435635,-0.19817657908424735,0.0,0.22634893655776978,5.799049526453018
2026_03_HOU_IND,2026,REG,3,2026-09-27,Sunday,13:00,HOU,,IND,,Home,,,,2026092703,,,202609270clt,,401872951,7055.0,7,7,-142.0,120.0,-2.5,-115.0,-105.0,42.5,-108.0,-112.0,1,,fieldturf,,,00-0039163,00-0035710,C.J. Stroud,Daniel Jones,DeMeco Ryans,Shane Steichen,,IND00,Lucas Oil Stadium,,,,,,,,,-0.02280588448047638,0.12039133347570896,-1.25,-0.10332497302442789,-2.7948121950030327,,,,,,,,0.059546797536313534,-0.0657922551035881,1.25,-0.02015468291938305,-2.320218950510025,-0.08235268201678991,0.18618358857929707,-2.5,-0.08317029010504484,-0.47459324449300766
2026_03_NE_JAX,2026,REG,3,2026-09-27,Sunday,13:00,NE,,JAX,,Home,,,,2026092704,,,202609270jax,,401872957,7056.0,7,7,124.0,-148.0,3.0,-118.0,-102.0,45.5,-115.0,-105.0,0,outdoors,grass,,,00-0039851,00-0036971,Drake Maye,Trevor Lawrence,Mike Vrabel,Liam Coen,,JAX00,EverBank Stadium,,,,,,,,,0.20072505716234446,-0.10364845348522067,1.25,0.15993632923346013,7.679131671786308,,,,,,,,0.2207484133541584,-0.01394275389611721,0.5,0.32874413952231407,14.806120067834854,-0.020023356191813946,-0.08970569958910346,0.75,-0.16880781028885394,-7.126988396048546
2026_03_KC_MIA,2026,REG,3,2026-09-27,Sunday,13:00,KC,,MIA,,Home,,,,2026092705,,,202609270mia,,401872952,7057.0,7,7,-675.0,490.0,-11.5,-108.0,-112.0,46.5,-115.0,-105.0,0,outdoors,grass,,,00-0033873,00-0038128,Patrick Mahomes,Malik Willis,Andy Reid,Jeff Hafley,,MIA00,Hard Rock Stadium,,,,,,,,,-0.05229880753904581,0.1779502872377634,-0.75,-0.08354505244642496,4.60542319715023,,,,,,,,-0.14762526797130704,-0.04484347626566887,0.0,-0.27146925404667854,-7.535819619894028,0.09532646043226123,0.22279376350343227,-0.75,0.18792420160025358,12.141242817044258
2026_03_TEN_NYG,2026,REG,3,2026-09-27,Sunday,13:00,TEN,,NYG,,Home,,,,2026092706,,,202609270nyg,,401872956,7058.0,7,6,120.0,-142.0,2.5,-102.0,-118.0,39.5,-108.0,-112.0,0,outdoors,fieldturf,,,00-0040676,00-0031503,Cam Ward,Jameis Winston,Robert Saleh,John Harbaugh,,NYC01,MetLife Stadium,,,,,,,,,0.02890142798423767,-0.07231928547844291,1.25,0.003777008969336748,-3.0301066637039185,,,,,,,,-0.0261602895334363,0.10547547042369843,0.0,-0.06311077531427145,-0.4413588419556618,0.05506171751767397,-0.17779475590214133,1.25,0.0668877842836082,-2.5887478217482567
2026_03_CIN_PIT,2026,REG,3,2026-09-27,Sunday,13:00,CIN,,PIT,,Home,,,,2026092707,,,202609270pit,,401872950,7059.0,7,7,-192.0,160.0,-3.5,-115.0,-105.0,42.5,-110.0,-110.0,1,outdoors,grass,,,00-0036442,00-0023459,Joe Burrow,Aaron Rodgers,Zac Taylor,Mike McCarthy,,PIT00,Acrisure Stadium,,,,,,,,,0.041807105764746666,0.007858255878090858,0.75,0.07225933950394392,0.28438112139701843,,,,,,,,0.06160377338528633,-0.0035656271502375603,0.25,0.0725066140294075,9.35154676437378,-0.019796667620539665,0.011423883028328419,0.5,-0.0002472745254635811,-9.06716564297676
2026_03_SEA_WAS,2026,REG,3,2026-09-27,Sunday,13:00,SEA,,WAS,,Home,,,,2026092708,,,202609270was,,401872955,7060.0,7,7,-340.0,270.0,-7.0,-112.0,-108.0,40.5,-118.0,-102.0,0,outdoors,grass,,,00-0035704,00-0039910,Drew Lock,Jayden Daniels,Mike Macdonald,Dan Quinn,,WAS00,Northwest Stadium,,,,,,,,,0.044020510744303465,0.028414923697710037,-0.5,0.01221167843323201,1.5606838464736938,,,,,,,,0.013790918048471212,-0.14629614632576704,-0.25,0.0013795290142297745,2.393990620970726,0.030229592695832253,0.17471107002347708,-0.25,0.010832149419002235,-0.8333067744970322
2026_03_ARI_SF,2026,REG,3,2026-09-27,Sunday,16:05,ARI,,SF,,Home,,,,2026092709,,,202609270sfo,,401872958,7061.0,7,7,350.0,-455.0,8.5,-112.0,-108.0,47.5,-105.0,-115.0,1,outdoors,grass,,,00-0033119,00-0037834,Jacoby Brissett,Brock Purdy,Jonathan Gannon,Kyle Shanahan,,SFO01,Levi's Stadium,,,,,,,,,0.12473947554826736,0.07803466590121388,-0.5,0.14412859454751015,10.283224523067474,,,,,,,,-0.0023378668120130897,0.20943049155175686,-0.75,-0.00034667993895709515,-0.9848850667476654,0.12707734236028045,-0.13139582565054297,0.25,0.14447527448646724,11.26810958981514
2026_03_MIN_TB,2026,REG,3,2026-09-27,Sunday,16:05,MIN,,TB,,Home,,,,2026092710,,,202609270tam,,401872959,7062.0,7,7,-122.0,102.0,-1.5,-108.0,-112.0,42.5,-110.0,-110.0,0,outdoors,grass,,,00-0035228,00-0034855,Kyler Murray,Baker Mayfield,Kevin O'Connell,Todd Bowles,,TAM00,Raymond James Stadium,,,,,,,,,0.06344402441754937,0.07435525488108397,-0.5,0.05076735920738429,3.7540595829486847,,,,,,,,-0.002930295653641224,-0.17279392760246992,0.75,-0.037653736770153046,-0.9762297868728638,0.0663743200711906,0.2471491824835539,-1.25,0.08842109597753733,4.7302893698215485
2026_03_BAL_DAL,2026,REG,3,2026-09-27,Sunday,16:25,BAL,,DAL,,Neutral,,,,2026092711,,,202609270dal,,401872960,7063.0,7,7,-180.0,150.0,-3.5,-110.0,-110.0,52.5,-108.0,-112.0,0,,matrixturf,,,00-0034796,00-0033077,Lamar Jackson,Dak Prescott,Jesse Minter,Brian Schottenheimer,,RIO00,Maracana Stadium,,,,,,,,,0.03884670871775597,0.2122781202197075,-0.25,0.05715180840343237,-3.8413690328598022,,,,,,,,0.13961160369217396,0.011544639244675636,0.5,0.20462358184158802,9.019088506698608,-0.10076489497441798,0.20073348097503185,-0.75,-0.14747177343815565,-12.86045753955841
2026_03_LV_NO,2026,REG,3,2026-09-27,Sunday,16:25,LV,,NO,,Home,,,,2026092712,,,202609270nor,,401872961,7064.0,7,7,154.0,-185.0,3.0,102.0,-122.0,43.5,-110.0,-110.0,0,dome,sportturf,,,00-0029604,00-0040743,Kirk Cousins,Tyler Shough,Klint Kubliak,Kellen Moore,,NOR00,Caesars Superdome,,,,,,,,,0.01557692838832736,-0.09282019548118114,0.25,0.05792773375287652,5.488721761852503,,,,,,,,-0.20236766152083874,0.03923788759857416,-1.0,-0.2894011093303561,-5.841235399246216,0.2179445899091661,-0.1320580830797553,1.25,0.34732884308323264,11.329957161098719
2026_03_LA_DEN,2026,REG,3,2026-09-27,Sunday,20:20,LA,,DEN,,Home,,,,2026092713,,,202609270den,,401872962,7065.0,6,7,-135.0,114.0,-2.5,-112.0,-108.0,44.5,-105.0,-115.0,0,outdoors,grass,,,00-0026498,00-0039732,Matthew Stafford,Bo Nix,Sean McVay,Sean Payton,,DEN00,Empower Field at Mile High,,,,,,,,,0.019012863282114267,-0.024924765806645155,0.0,0.010833430103957653,-0.9034513235092163,,,,,,,,0.10108616389334202,0.043476480059325695,0.25,0.14339085668325424,-2.059369385242462,-0.08207330061122775,-0.06840124586597085,-0.25,-0.1325574265792966,1.1559180617332458
2026_03_PHI_CHI,2026,REG,3,2026-09-28,Monday,20:15,PHI,,CHI,,Home,,,,2026092800,,,202609280chi,,401872963,7066.0,8,8,-225.0,185.0,-4.5,-115.0,-105.0,41.5,-115.0,-105.0,0,outdoors,grass,,,00-0036389,00-0028986,Jalen Hurts,Case Keenum,Nick Sirianni,Ben Johnson,,CHI98,Soldier Field,,,,,,,,,0.11724787391722202,0.02106150984764099,1.25,0.1239835862070322,-0.1446668291464448,,,,,,,,0.0625361930578947,-0.0951714189723134,0.75,0.0782999787479639,5.407427489757538,0.054711680859327316,0.1162329288199544,0.5,0.0456836074590683,-5.552094318903983
2026_04_PIT_CLE,2026,REG,4,2026-10-01,Thursday,20:15,PIT,,CLE,,Home,,,,2026100100,,,202610010cle,,401872964,7067.0,4,4,-155.0,130.0,-3.0,-105.0,-115.0,38.5,-110.0,-110.0,1,outdoors,grass,,,00-0023459,00-0033537,Aaron Rodgers,Deshaun Watson,Mike McCarthy,Todd Monken,,CLE00,Huntington Bank Field,,,,,,,,,-0.171206159517169,-0.07962245898670517,-1.5,-0.23024611175060272,-1.7592626512050629,,,,,,,,0.041807105764746666,0.007858255878090858,0.75,0.07225933950394392,0.28438112139701843,-0.21301326528191566,-0.08748071486479603,-2.25,-0.30250545125454664,-2.0436437726020813
2026_04_IND_WAS,2026,REG,4,2026-10-04,Sunday,09:30,IND,,WAS,,Neutral,,,,2026100400,,,202610040was,,401872965,7068.0,7,7,-205.0,170.0,-4.5,-110.0,-110.0,46.5,-110.0,-110.0,0,outdoors,grass,,,00-0035710,00-0039910,Daniel Jones,Jayden Daniels,Shane Steichen,Dan Quinn,,LON02,Tottenham Hotspur Stadium,,,,,,,,,0.044020510744303465,0.028414923697710037,-0.5,0.01221167843323201,1.5606838464736938,,,,,,,,-0.02280588448047638,0.12039133347570896,-1.25,-0.10332497302442789,-2.7948121950030327,0.06682639522477984,-0.09197640977799892,0.75,0.1155366514576599,4.3554960414767265
2026_04_TEN_BAL,2026,REG,4,2026-10-04,Sunday,13:00,TEN,,BAL,,Home,,,,2026100401,,,202610040rav,,401872973,7069.0,7,7,440.0,-600.0,10.5,-110.0,-110.0,44.5,-110.0,-110.0,0,outdoors,grass,,,00-0040676,00-0034796,Cam Ward,Lamar Jackson,Robert Saleh,Jesse Minter,,BAL00,M&T Bank Stadium,,,,,,,,,0.13961160369217396,0.011544639244675636,0.5,0.20462358184158802,9.019088506698608,,,,,,,,-0.0261602895334363,0.10547547042369843,0.0,-0.06311077531427145,-0.4413588419556618,0.16577189322561026,-0.09393083117902279,0.5,0.26773435715585947,9.46044734865427
2026_04_NE_BUF,2026,REG,4,2026-10-04,Sunday,13:00,NE,,BUF,,Home,,,,2026100402,,,202610040buf,,401872971,7070.0,7,7,210.0,-258.0,5.5,-110.0,-110.0,49.5,-110.0,-110.0,1,outdoors,a_turf,,,00-0039851,00-0034857,Drake Maye,Josh Allen,Mike Vrabel,Sean McDermott,,BUF00,Highmark Stadium,,,,,,,,,0.09617788685136475,-0.030979452654719353,0.5,0.13893013074994087,5.453154265880585,,,,,,,,0.2207484133541584,-0.01394275389611721,0.5,0.32874413952231407,14.806120067834854,-0.12457052650279365,-0.017036698758602142,0.0,-0.1898140087723732,-9.35296580195427
2026_04_NYJ_CHI,2026,REG,4,2026-10-04,Sunday,13:00,NYJ,,CHI,,Home,,,,2026100403,,,202610040chi,,401872972,7071.0,7,6,145.0,-175.0,3.5,-118.0,-102.0,43.5,-110.0,-110.0,0,outdoors,grass,,,00-0030565,00-0038416,Geno Smith,Tyson Bagent,Aaron Glenn,Ben Johnson,,CHI98,Soldier Field,,,,,,,,,0.11724787391722202,0.02106150984764099,1.25,0.1239835862070322,-0.1446668291464448,,,,,,,,-0.15972543321549892,0.2392048924230039,-1.0,-0.24186793342232704,-8.641753435134888,0.27697330713272095,-0.21814338257536292,2.25,0.36585151962935925,8.497086605988443
2026_04_JAX_CIN,2026,REG,4,2026-10-04,Sunday,13:00,JAX,,CIN,,Home,,,,2026100404,,,202610040cin,,401872969,7072.0,7,7,136.0,-162.0,3.0,-110.0,-110.0,49.5,-110.0,-110.0,0,outdoors,fieldturf,,,00-0036971,00-0036442,Trevor Lawrence,Joe Burrow,Liam Coen,Zac Taylor,,CIN00,Paycor Stadium,,,,,,,,,0.06160377338528633,-0.0035656271502375603,0.25,0.0725066140294075,9.35154676437378,,,,,,,,0.20072505716234446,-0.10364845348522067,1.25,0.15993632923346013,7.679131671786308,-0.13912128377705812,0.10008282633498311,-1.0,-0.08742971520405263,1.672415092587471
2026_04_DAL_HOU,2026,REG,4,2026-10-04,Sunday,13:00,DAL,,HOU,,Home,,,,2026100405,,,202610040htx,,401872967,7073.0,7,7,136.0,-162.0,3.0,-110.0,-110.0,47.5,-110.0,-110.0,0,,astroturf,,,00-0033077,00-0039163,Dak Prescott,C.J. Stroud,Brian Schottenheimer,DeMeco Ryans,,HOU00,Reliant Stadium,,,,,,,,,0.059546797536313534,-0.0657922551035881,1.25,-0.02015468291938305,-2.320218950510025,,,,,,,,0.03884670871775597,0.2122781202197075,-0.25,0.05715180840343237,-3.8413690328598022,0.02070008881855756,-0.2780703753232956,1.5,-0.07730649132281542,1.5211500823497772
2026_04_ARI_NYG,2026,REG,4,2026-10-04,Sunday,13:00,ARI,,NYG,,Home,,,,2026100406,,,202610040nyg,,401872966,7074.0,7,7,120.0,-142.0,2.5,-105.0,-115.0,43.5,-110.0,-110.0,0,outdoors,fieldturf,,,00-0033119,00-0031503,Jacoby Brissett,Jameis Winston,Jonathan Gannon,John Harbaugh,,NYC01,MetLife Stadium,,,,,,,,,0.02890142798423767,-0.07231928547844291,1.25,0.003777008969336748,-3.0301066637039185,,,,,,,,-0.0023378668120130897,0.20943049155175686,-0.75,-0.00034667993895709515,-0.9848850667476654,0.03123929479625076,-0.28174977703019977,2.0,0.004123688908293843,-2.045221596956253
2026_04_LA_PHI,2026,REG,4,2026-10-04,Sunday,13:00,LA,,PHI,,Home,,,,2026100407,,,202610040phi,,401872970,7075.0,7,6,-135.0,114.0,-2.5,-105.0,-115.0,45.5,-110.0,-110.0,0,outdoors,grass,,,00-0026498,00-0036389,Matthew Stafford,Jalen Hurts,Sean McVay,Nick Sirianni,,PHI00,Lincoln Financial Field,,,,,,,,,0.0625361930578947,-0.0951714189723134,0.75,0.0782999787479639,5.407427489757538,,,,,,,,0.10108616389334202,0.043476480059325695,0.25,0.14339085668325424,-2.059369385242462,-0.03854997083544731,-0.1386478990316391,0.5,-0.06509087793529034,7.466796875
2026_04_GB_TB,2026,REG,4,2026-10-04,Sunday,13:00,GB,,TB,,Home,,,,2026100408,,,202610040tam,,401872968,7076.0,10,7,-118.0,-102.0,-1.5,-105.0,-115.0,45.5,-110.0,-110.0,0,outdoors,grass,,,00-0036264,00-0034855,Jordan Love,Baker Mayfield,Matt LaFleur,Todd Bowles,,TAM00,Raymond James Stadium,,,,,,,,,0.06344402441754937,0.07435525488108397,-0.5,0.05076735920738429,3.7540595829486847,,,,,,,,0.0043812096118927,0.1516543896868825,-0.75,-0.0337989185936749,2.6330771446228027,0.05906281480565667,-0.07729913480579853,0.25,0.08456627780105919,1.120982438325882
2026_04_MIA_MIN,2026,REG,4,2026-10-04,Sunday,16:05,MIA,,MIN,,Home,,,,2026100409,,,202610040min,,401872974,7077.0,7,7,490.0,-675.0,10.5,-110.0,-110.0,42.5,-110.0,-110.0,0,dome,sportturf,,,00-0038128,00-0035228,Malik Willis,Kyler Murray,Jeff Hafley,Kevin O'Connell,,MIN01,U.S. Bank Stadium,,,,,,,,,-0.002930295653641224,-0.17279392760246992,0.75,-0.037653736770153046,-0.9762297868728638,,,,,,,,-0.05229880753904581,0.1779502872377634,-0.75,-0.08354505244642496,4.60542319715023,0.04936851188540459,-0.3507442148402333,1.5,0.045891315676271915,-5.581652984023094
2026_04_KC_LV,2026,REG,4,2026-10-04,Sunday,16:25,KC,,LV,,Home,,,,2026100410,,,202610040rai,,401872976,7078.0,7,7,-250.0,205.0,-6.0,-110.0,-110.0,45.5,-110.0,-110.0,1,dome,grass,,,00-0033873,00-0029604,Patrick Mahomes,Kirk Cousins,Andy Reid,Klint Kubliak,,VEG00,Allegiant Stadium,,,,,,,,,-0.20236766152083874,0.03923788759857416,-1.0,-0.2894011093303561,-5.841235399246216,,,,,,,,-0.14762526797130704,-0.04484347626566887,0.0,-0.27146925404667854,-7.535819619894028,-0.0547423935495317,0.08408136386424303,-1.0,-0.017931855283677578,1.694584220647812
2026_04_LAC_SEA,2026,REG,4,2026-10-04,Sunday,16:25,LAC,,SEA,,Home,,,,2026100411,,,202610040sea,,401872977,7079.0,7,7,235.0,-290.0,6.5,-110.0,-110.0,42.5,-110.0,-110.0,0,outdoors,fieldturf,,,00-0036355,00-0035704,Justin Herbert,Drew Lock,Jim Harbaugh,Mike Macdonald,,SEA00,Lumen Field,,,,,,,,,0.013790918048471212,-0.14629614632576704,-0.25,0.0013795290142297745,2.393990620970726,,,,,,,,-0.04672765824943781,-0.05918296065647155,0.25,-0.05688102450221777,3.7013620138168335,0.06051857629790902,-0.08711318566929549,-0.5,0.058260553516447544,-1.3073713928461075
2026_04_DEN_SF,2026,REG,4,2026-10-04,Sunday,16:25,DEN,,SF,,Home,,,,2026100412,,,202610040sfo,,401872975,7080.0,7,7,170.0,-205.0,4.5,-115.0,-105.0,45.5,-110.0,-110.0,0,outdoors,grass,,,00-0039732,00-0037834,Bo Nix,Brock Purdy,Sean Payton,Kyle Shanahan,,SFO01,Levi's Stadium,,,,,,,,,0.12473947554826736,0.07803466590121388,-0.5,0.14412859454751015,10.283224523067474,,,,,,,,0.019012863282114267,-0.024924765806645155,0.0,0.010833430103957653,-0.9034513235092163,0.1057266122661531,0.10295943170785904,-0.5,0.1332951644435525,11.18667584657669
2026_04_DET_CAR,2026,REG,4,2026-10-04,Sunday,20:20,DET,,CAR,,Home,,,,2026100413,,,202610040car,,401872978,7081.0,7,7,-155.0,130.0,-3.0,100.0,-120.0,49.5,-110.0,-110.0,0,outdoors,grass,,,00-0033106,00-0039150,Jared Goff,Bryce Young,Dan Campbell,Dave Canales,,CAR00,Bank of America Stadium,,,,,,,,,-0.05269193183630705,0.03927266364917159,-0.5,-0.08035692991688848,4.490843892097473,,,,,,,,-0.012020587921142578,0.04102831333875656,-1.0,-0.015518996864557266,-2.8427039086818695,-0.04067134391516447,-0.0017556496895849705,0.5,-0.06483793305233121,7.333547800779343
2026_04_ATL_NO,2026,REG,4,2026-10-05,Monday,20:15,ATL,,NO,,Home,,,,2026100500,,,202610050nor,,401872979,7082.0,11,8,154.0,-185.0,3.5,-110.0,-110.0,45.5,-105.0,-115.0,1,dome,sportturf,,,00-0039917,00-0040743,Michael Penix Jr.,Tyler Shough,Raheem Morris,Kellen Moore,,NOR00,Caesars Superdome,,,,,,,,,0.01557692838832736,-0.09282019548118114,0.25,0.05792773375287652,5.488721761852503,,,,,,,,0.026229671202600002,-0.013629638939164579,0.75,0.03450413793325424,-1.3180734887719154,-0.010652742814272642,-0.07919055654201657,-0.5,0.023423595819622278,6.806795250624418
2026_05_TB_DAL,2026,REG,5,2026-10-08,Thursday,20:15,TB,,DAL,,Home,,,,2026100800,,,202610080dal,,401872980,7083.0,4,4,,,,,,,,,0,,matrixturf,,,,,,,Todd Bowles,Brian Schottenheimer,,DAL00,AT&T Stadium,,,,,,,,,0.03884670871775597,0.2122781202197075,-0.25,0.05715180840343237,-3.8413690328598022,,,,,,,,0.06344402441754937,0.07435525488108397,-0.5,0.05076735920738429,3.7540595829486847,-0.0245973156997934,0.13792286533862352,0.25,0.006384449196048081,-7.595428615808487
2026_05_PHI_JAX,2026,REG,5,2026-10-11,Sunday,09:30,PHI,,JAX,,Home,,,,2026101100,,,202610110jax,,401872981,7084.0,7,7,,,,,,,,,0,outdoors,grass,,,,,,,Nick Sirianni,Liam Coen,,JAX00,Tottenham Hotspur Stadium,,,,,,,,,0.20072505716234446,-0.10364845348522067,1.25,0.15993632923346013,7.679131671786308,,,,,,,,0.0625361930578947,-0.0951714189723134,0.75,0.0782999787479639,5.407427489757538,0.13818886410444975,-0.008477034512907267,0.5,0.08163635048549622,2.2717041820287704
2026_05_CIN_MIA,2026,REG,5,2026-10-11,Sunday,13:00,CIN,,MIA,,Home,,,,2026101101,,,202610110mia,,401872982,7085.0,7,7,,,,,,,,,0,outdoors,grass,,,,,,,Zac Taylor,Jeff Hafley,,MIA00,Hard Rock Stadium,,,,,,,,,-0.05229880753904581,0.1779502872377634,-0.75,-0.08354505244642496,4.60542319715023,,,,,,,,0.06160377338528633,-0.0035656271502375603,0.25,0.0725066140294075,9.35154676437378,-0.11390258092433214,0.18151591438800097,-1.0,-0.15605166647583246,-4.746123567223549
2026_05_LV_NE,2026,REG,5,2026-10-11,Sunday,13:00,LV,,NE,,Home,,,,2026101102,,,202610110nwe,,401872986,7086.0,7,7,,,,,,,,,0,outdoors,fieldturf,,,,,,,Klint Kubliak,Mike Vrabel,,BOS00,Gillette Stadium,,,,,,,,,0.2207484133541584,-0.01394275389611721,0.5,0.32874413952231407,14.806120067834854,,,,,,,,-0.20236766152083874,0.03923788759857416,-1.0,-0.2894011093303561,-5.841235399246216,0.42311607487499714,-0.05318064149469137,1.5,0.6181452488526702,20.64735546708107
2026_05_MIN_NO,2026,REG,5,2026-10-11,Sunday,13:00,MIN,,NO,,Home,,,,2026101103,,,202610110nor,,401872987,7087.0,7,6,,,,,,,,,0,dome,sportturf,,,,,,,Kevin O'Connell,Kellen Moore,,NOR00,Caesars Superdome,,,,,,,,,0.01557692838832736,-0.09282019548118114,0.25,0.05792773375287652,5.488721761852503,,,,,,,,-0.002930295653641224,-0.17279392760246992,0.75,-0.037653736770153046,-0.9762297868728638,0.018507224041968584,0.07997373212128878,-0.5,0.09558147052302957,6.464951548725367
2026_05_CLE_NYJ,2026,REG,5,2026-10-11,Sunday,13:00,CLE,,NYJ,,Home,,,,2026101104,,,202610110nyj,,401872983,7088.0,10,7,,,,,,,,,0,outdoors,fieldturf,,,,,,,Todd Monken,Aaron Glenn,,NYC01,MetLife Stadium,,,,,,,,,-0.15972543321549892,0.2392048924230039,-1.0,-0.24186793342232704,-8.641753435134888,,,,,,,,-0.171206159517169,-0.07962245898670517,-1.5,-0.23024611175060272,-1.7592626512050629,0.011480726301670074,0.3188273514097091,0.5,-0.01162182167172432,-6.882490783929825
2026_05_IND_PIT,2026,REG,5,2026-10-11,Sunday,13:00,IND,,PIT,,Home,,,,2026101105,,,202610110pit,,401872985,7089.0,7,10,,,,,,,,,0,outdoors,grass,,,,,,,Shane Steichen,Mike McCarthy,,PIT00,Acrisure Stadium,,,,,,,,,0.041807105764746666,0.007858255878090858,0.75,0.07225933950394392,0.28438112139701843,,,,,,,,-0.02280588448047638,0.12039133347570896,-1.25,-0.10332497302442789,-2.7948121950030327,0.06461299024522305,-0.1125330775976181,2.0,0.1755843125283718,3.079193316400051
2026_05_HOU_TEN,2026,REG,5,2026-10-11,Sunday,13:00,HOU,,TEN,,Home,,,,2026101106,,,202610110oti,,401872984,7090.0,7,7,,,,,,,,,1,outdoors,grass,,,,,,,DeMeco Ryans,Robert Saleh,,NAS00,Nissan Stadium,,,,,,,,,-0.0261602895334363,0.10547547042369843,0.0,-0.06311077531427145,-0.4413588419556618,,,,,,,,0.059546797536313534,-0.0657922551035881,1.25,-0.02015468291938305,-2.320218950510025,-0.08570708706974983,0.17126772552728653,-1.25,-0.0429560923948884,1.8788601085543633
2026_05_NYG_WAS,2026,REG,5,2026-10-11,Sunday,13:00,NYG,,WAS,,Home,,,,2026101107,,,202610110was,,401872988,7091.0,7,7,,,,,,,,,1,outdoors,grass,,,,,,,John Harbaugh,Dan Quinn,,WAS00,Northwest Stadium,,,,,,,,,0.044020510744303465,0.028414923697710037,-0.5,0.01221167843323201,1.5606838464736938,,,,,,,,0.02890142798423767,-0.07231928547844291,1.25,0.003777008969336748,-3.0301066637039185,0.015119082760065794,0.10073420917615294,-1.75,0.008434669463895261,4.590790510177612
2026_05_DEN_LAC,2026,REG,5,2026-10-11,Sunday,16:05,DEN,,LAC,,Home,,,,2026101108,,,202610110sdg,,401872989,7092.0,7,7,,,,,,,,,1,dome,matrixturf,,,,,,,Sean Payton,Jim Harbaugh,,LAX01,SoFi Stadium,,,,,,,,,-0.04672765824943781,-0.05918296065647155,0.25,-0.05688102450221777,3.7013620138168335,,,,,,,,0.019012863282114267,-0.024924765806645155,0.0,0.010833430103957653,-0.9034513235092163,-0.06574052153155208,-0.034258194849826396,0.25,-0.06771445460617542,4.60481333732605
2026_05_DET_ARI,2026,REG,5,2026-10-11,Sunday,16:25,DET,,ARI,,Home,,,,2026101109,,,202610110crd,,401872991,7093.0,7,7,,,,,,,,,0,,grass,,,,,,,Dan Campbell,Jonathan Gannon,,PHO00,State Farm Stadium,,,,,,,,,-0.0023378668120130897,0.20943049155175686,-0.75,-0.00034667993895709515,-0.9848850667476654,,,,,,,,-0.012020587921142578,0.04102831333875656,-1.0,-0.015518996864557266,-2.8427039086818695,0.009682721109129488,0.1684021782130003,0.25,0.015172316925600171,1.857818841934204
2026_05_CHI_GB,2026,REG,5,2026-10-11,Sunday,16:25,CHI,,GB,,Home,,,,2026101110,,,202610110gnb,,401872990,7094.0,7,7,,,,,,,,,1,outdoors,grass,,,,,,,Ben Johnson,Matt LaFleur,,GNB00,Lambeau Field,,,,,,,,,0.0043812096118927,0.1516543896868825,-0.75,-0.0337989185936749,2.6330771446228027,,,,,,,,0.11724787391722202,0.02106150984764099,1.25,0.1239835862070322,-0.1446668291464448,-0.11286666430532932,0.1305928798392415,-2.0,-0.1577825048007071,2.7777439737692475
2026_05_SF_SEA,2026,REG,5,2026-10-11,Sunday,16:25,SF,,SEA,,Home,,,,2026101111,,,202610110sea,,401872992,7095.0,7,7,,,,,,,,,1,outdoors,fieldturf,,,,,,,Kyle Shanahan,Mike Macdonald,,SEA00,Lumen Field,,,,,,,,,0.013790918048471212,-0.14629614632576704,-0.25,0.0013795290142297745,2.393990620970726,,,,,,,,0.12473947554826736,0.07803466590121388,-0.5,0.14412859454751015,10.283224523067474,-0.11094855749979615,-0.22433081222698092,0.25,-0.14274906553328037,-7.889233902096748
2026_05_BAL_ATL,2026,REG,5,2026-10-11,Sunday,20:20,BAL,,ATL,,Home,,,,2026101112,,,202610110atl,,401872993,7096.0,7,6,,,,,,,,,0,,fieldturf,,,,,,,Jesse Minter,Raheem Morris,,ATL97,Mercedes-Benz Stadium,,,,,,,,,0.026229671202600002,-0.013629638939164579,0.75,0.03450413793325424,-1.3180734887719154,,,,,,,,0.13961160369217396,0.011544639244675636,0.5,0.20462358184158802,9.019088506698608,-0.11338193248957396,-0.025174278183840215,0.25,-0.17011944390833378,-10.337161995470524
2026_05_BUF_LA,2026,REG,5,2026-10-12,Monday,20:15,BUF,,LA,,Home,,,,2026101200,,,202610120ram,,401872994,7097.0,8,8,,,,,,,,,0,dome,matrixturf,,,,,,,Sean McDermott,Sean McVay,,LAX01,SoFi Stadium,,,,,,,,,0.10108616389334202,0.043476480059325695,0.25,0.14339085668325424,-2.059369385242462,,,,,,,,0.09617788685136475,-0.030979452654719353,0.5,0.13893013074994087,5.453154265880585,0.0049082770419772714,0.07445593271404505,-0.25,0.00446072593331337,-7.512523651123047
2026_06_SEA_DEN,2026,REG,6,2026-10-15,Thursday,20:15,SEA,,DEN,,Home,,,,2026101500,,,202610150den,,401872995,7098.0,4,4,,,,,,,,,0,outdoors,grass,,,,,,,Mike Macdonald,Sean Payton,,DEN00,Empower Field at Mile High,,,,,,,,,0.019012863282114267,-0.024924765806645155,0.0,0.010833430103957653,-0.9034513235092163,,,,,,,,0.013790918048471212,-0.14629614632576704,-0.25,0.0013795290142297745,2.393990620970726,0.005221945233643055,0.12137138051912189,0.25,0.009453901089727879,-3.2974419444799423
2026_06_HOU_JAX,2026,REG,6,2026-10-18,Sunday,09:30,HOU,,JAX,,Neutral,,,,2026101800,,,202610180jax,,401872996,7099.0,7,7,,,,,,,,,1,outdoors,grass,,,,,,,DeMeco Ryans,Liam Coen,,LON00,Wembley Stadium,,,,,,,,,0.20072505716234446,-0.10364845348522067,1.25,0.15993632923346013,7.679131671786308,,,,,,,,0.059546797536313534,-0.0657922551035881,1.25,-0.02015468291938305,-2.320218950510025,0.14117825962603092,-0.037856198381632566,0.0,0.18009101215284318,9.999350622296333
2026_06_CHI_ATL,2026,REG,6,2026-10-18,Sunday,13:00,CHI,,ATL,,Home,,,,2026101801,,,202610180atl,,401872999,7100.0,7,7,,,,,,,,,0,,fieldturf,,,,,,,Ben Johnson,Raheem Morris,,ATL97,Mercedes-Benz Stadium,,,,,,,,,0.026229671202600002,-0.013629638939164579,0.75,0.03450413793325424,-1.3180734887719154,,,,,,,,0.11724787391722202,0.02106150984764099,1.25,0.1239835862070322,-0.1446668291464448,-0.09101820271462202,-0.03469114878680557,-0.5,-0.08947944827377796,-1.1734066596254706
2026_06_BAL_CLE,2026,REG,6,2026-10-18,Sunday,13:00,BAL,,CLE,,Home,,,,2026101802,,,202610180cle,,401872997,7101.0,7,7,,,,,,,,,1,outdoors,grass,,,,,,,Jesse Minter,Todd Monken,,CLE00,Huntington Bank Field,,,,,,,,,-0.171206159517169,-0.07962245898670517,-1.5,-0.23024611175060272,-1.7592626512050629,,,,,,,,0.13961160369217396,0.011544639244675636,0.5,0.20462358184158802,9.019088506698608,-0.31081776320934296,-0.0911670982313808,-2.0,-0.43486969359219074,-10.778351157903671
2026_06_TEN_IND,2026,REG,6,2026-10-18,Sunday,13:00,TEN,,IND,,Home,,,,2026101803,,,202610180clt,,401873003,7102.0,7,7,,,,,,,,,1,,fieldturf,,,,,,,Robert Saleh,Shane Steichen,,IND00,Lucas Oil Stadium,,,,,,,,,-0.02280588448047638,0.12039133347570896,-1.25,-0.10332497302442789,-2.7948121950030327,,,,,,,,-0.0261602895334363,0.10547547042369843,0.0,-0.06311077531427145,-0.4413588419556618,0.003354405052959919,0.014915863052010536,-1.25,-0.04021419771015644,-2.353453353047371
2026_06_NYJ_NE,2026,REG,6,2026-10-18,Sunday,13:00,NYJ,,NE,,Home,,,,2026101804,,,202610180nwe,,401873001,7103.0,7,7,,,,,,,,,1,outdoors,fieldturf,,,,,,,Aaron Glenn,Mike Vrabel,,BOS00,Gillette Stadium,,,,,,,,,0.2207484133541584,-0.01394275389611721,0.5,0.32874413952231407,14.806120067834854,,,,,,,,-0.15972543321549892,0.2392048924230039,-1.0,-0.24186793342232704,-8.641753435134888,0.3804738465696573,-0.2531476463191211,1.5,0.5706120729446411,23.447873502969742
2026_06_NO_NYG,2026,REG,6,2026-10-18,Sunday,13:00,NO,,NYG,,Home,,,,2026101805,,,202610180nyg,,401873000,7104.0,7,7,,,,,,,,,0,outdoors,fieldturf,,,,,,,Kellen Moore,John Harbaugh,,NYC01,MetLife Stadium,,,,,,,,,0.02890142798423767,-0.07231928547844291,1.25,0.003777008969336748,-3.0301066637039185,,,,,,,,0.01557692838832736,-0.09282019548118114,0.25,0.05792773375287652,5.488721761852503,0.01332449959591031,0.020500910002738237,1.0,-0.05415072478353977,-8.518828425556421
2026_06_CAR_PHI,2026,REG,6,2026-10-18,Sunday,13:00,CAR,,PHI,,Home,,,,2026101806,,,202610180phi,,401872998,7105.0,14,7,,,,,,,,,0,outdoors,grass,,,,,,,Dave Canales,Nick Sirianni,,PHI00,Lincoln Financial Field,,,,,,,,,0.0625361930578947,-0.0951714189723134,0.75,0.0782999787479639,5.407427489757538,,,,,,,,-0.05269193183630705,0.03927266364917159,-0.5,-0.08035692991688848,4.490843892097473,0.11522812489420176,-0.134444082621485,1.25,0.15865690866485238,0.9165835976600647
2026_06_PIT_TB,2026,REG,6,2026-10-18,Sunday,13:00,PIT,,TB,,Home,,,,2026101807,,,202610180tam,,401873002,7106.0,7,10,,,,,,,,,0,outdoors,grass,,,,,,,Mike McCarthy,Todd Bowles,,TAM00,Raymond James Stadium,,,,,,,,,0.06344402441754937,0.07435525488108397,-0.5,0.05076735920738429,3.7540595829486847,,,,,,,,0.041807105764746666,0.007858255878090858,0.75,0.07225933950394392,0.28438112139701843,0.021636918652802706,0.0664969990029931,-1.25,-0.021491980296559632,3.4696784615516663
2026_06_ARI_LA,2026,REG,6,2026-10-18,Sunday,16:05,ARI,,LA,,Home,,,,2026101808,,,202610180ram,,401873004,7107.0,7,6,,,,,,,,,1,dome,matrixturf,,,,,,,Jonathan Gannon,Sean McVay,,LAX01,SoFi Stadium,,,,,,,,,0.10108616389334202,0.043476480059325695,0.25,0.14339085668325424,-2.059369385242462,,,,,,,,-0.0023378668120130897,0.20943049155175686,-0.75,-0.00034667993895709515,-0.9848850667476654,0.10342403070535511,-0.16595401149243116,1.0,0.14373753662221134,-1.0744843184947968
2026_06_LAC_KC,2026,REG,6,2026-10-18,Sunday,16:25,LAC,,KC,,Home,,,,2026101809,,,202610180kan,,401873006,7108.0,7,14,,,,,,,,,1,outdoors,grass,,,,,,,Jim Harbaugh,Andy Reid,,KAN00,GEHA Field at Arrowhead Stadium,,,,,,,,,-0.14762526797130704,-0.04484347626566887,0.0,-0.27146925404667854,-7.535819619894028,,,,,,,,-0.04672765824943781,-0.05918296065647155,0.25,-0.05688102450221777,3.7013620138168335,-0.10089760972186923,0.014339484390802681,-0.25,-0.21458822954446077,-11.237181633710861
2026_06_BUF_LV,2026,REG,6,2026-10-18,Sunday,16:25,BUF,,LV,,Home,,,,2026101810,,,202610180rai,,401873005,7109.0,6,7,,,,,,,,,0,dome,grass,,,,,,,Sean McDermott,Klint Kubliak,,VEG00,Allegiant Stadium,,,,,,,,,-0.20236766152083874,0.03923788759857416,-1.0,-0.2894011093303561,-5.841235399246216,,,,,,,,0.09617788685136475,-0.030979452654719353,0.5,0.13893013074994087,5.453154265880585,-0.2985455483722035,0.07021734025329351,-1.5,-0.428331240080297,-11.2943896651268
2026_06_DAL_GB,2026,REG,6,2026-10-18,Sunday,20:20,DAL,,GB,,Home,,,,2026101811,,,202610180gnb,,401873007,7110.0,10,7,,,,,,,,,0,outdoors,grass,,,,,,,Brian Schottenheimer,Matt LaFleur,,GNB00,Lambeau Field,,,,,,,,,0.0043812096118927,0.1516543896868825,-0.75,-0.0337989185936749,2.6330771446228027,,,,,,,,0.03884670871775597,0.2122781202197075,-0.25,0.05715180840343237,-3.8413690328598022,-0.03446549910586327,-0.06062373053282499,-0.5,-0.09095072699710727,6.474446177482605
2026_06_WAS_SF,2026,REG,6,2026-10-19,Monday,20:15,WAS,,SF,,Home,,,,2026101900,,,202610190sfo,,401873008,7111.0,8,8,,,,,,,,,0,outdoors,grass,,,,,,,Dan Quinn,Kyle Shanahan,,SFO01,Levi's Stadium,,,,,,,,,0.12473947554826736,0.07803466590121388,-0.5,0.14412859454751015,10.283224523067474,,,,,,,,0.044020510744303465,0.028414923697710037,-0.5,0.01221167843323201,1.5606838464736938,0.0807189648039639,0.04961974220350385,0.0,0.13191691611427814,8.72254067659378
2026_07_NE_CHI,2026,REG,7,2026-10-22,Thursday,20:15,NE,,CHI,,Home,,,,2026102200,,,202610220chi,,401873010,7112.0,4,4,,,,,,,,,0,outdoors,grass,,,,,,,Mike Vrabel,Ben Johnson,,CHI98,Soldier Field,,,,,,,,,0.11724787391722202,0.02106150984764099,1.25,0.1239835862070322,-0.1446668291464448,,,,,,,,0.2207484133541584,-0.01394275389611721,0.5,0.32874413952231407,14.806120067834854,-0.10350053943693638,0.0350042637437582,0.75,-0.20476055331528187,-14.950786896981299
2026_07_PIT_NO,2026,REG,7,2026-10-25,Sunday,09:30,PIT,,NO,,Neutral,,,,2026102500,,,202610250nor,,401873011,7113.0,7,7,,,,,,,,,0,dome,sportturf,,,,,,,Mike McCarthy,Kellen Moore,,PAR00,Stade de France,,,,,,,,,0.01557692838832736,-0.09282019548118114,0.25,0.05792773375287652,5.488721761852503,,,,,,,,0.041807105764746666,0.007858255878090858,0.75,0.07225933950394392,0.28438112139701843,-0.026230177376419306,-0.100678451359272,-0.5,-0.0143316057510674,5.204340640455484
2026_07_SF_ATL,2026,REG,7,2026-10-25,Sunday,13:00,SF,,ATL,,Home,,,,2026102501,,,202610250atl,,401873017,7114.0,6,7,,,,,,,,,0,,fieldturf,,,,,,,Kyle Shanahan,Raheem Morris,,ATL97,Mercedes-Benz Stadium,,,,,,,,,0.026229671202600002,-0.013629638939164579,0.75,0.03450413793325424,-1.3180734887719154,,,,,,,,0.12473947554826736,0.07803466590121388,-0.5,0.14412859454751015,10.283224523067474,-0.09850980434566736,-0.09166430484037846,1.25,-0.1096244566142559,-11.60129801183939
2026_07_CIN_BAL,2026,REG,7,2026-10-25,Sunday,13:00,CIN,,BAL,,Home,,,,2026102502,,,202610250rav,,401873012,7115.0,14,7,,,,,,,,,1,outdoors,grass,,,,,,,Zac Taylor,Jesse Minter,,BAL00,M&T Bank Stadium,,,,,,,,,0.13961160369217396,0.011544639244675636,0.5,0.20462358184158802,9.019088506698608,,,,,,,,0.06160377338528633,-0.0035656271502375603,0.25,0.0725066140294075,9.35154676437378,0.07800783030688763,0.015110266394913197,0.25,0.13211696781218052,-0.3324582576751709
2026_07_TB_CAR,2026,REG,7,2026-10-25,Sunday,13:00,TB,,CAR,,Home,,,,2026102503,,,202610250car,,401873018,7116.0,7,7,,,,,,,,,1,outdoors,grass,,,,,,,Todd Bowles,Dave Canales,,CAR00,Bank of America Stadium,,,,,,,,,-0.05269193183630705,0.03927266364917159,-0.5,-0.08035692991688848,4.490843892097473,,,,,,,,0.06344402441754937,0.07435525488108397,-0.5,0.05076735920738429,3.7540595829486847,-0.11613595625385642,-0.035082591231912374,0.0,-0.13112428912427276,0.7367843091487885
2026_07_NYG_HOU,2026,REG,7,2026-10-25,Sunday,13:00,NYG,,HOU,,Home,,,,2026102504,,,202610250htx,,401873016,7117.0,7,7,,,,,,,,,0,,astroturf,,,,,,,John Harbaugh,DeMeco Ryans,,HOU00,Reliant Stadium,,,,,,,,,0.059546797536313534,-0.0657922551035881,1.25,-0.02015468291938305,-2.320218950510025,,,,,,,,0.02890142798423767,-0.07231928547844291,1.25,0.003777008969336748,-3.0301066637039185,0.030645369552075863,0.006527030374854803,0.0,-0.023931691888719797,0.7098877131938934
2026_07_IND_MIN,2026,REG,7,2026-10-25,Sunday,13:00,IND,,MIN,,Home,,,,2026102505,,,202610250min,,401873014,7118.0,7,14,,,,,,,,,0,dome,sportturf,,,,,,,Shane Steichen,Kevin O'Connell,,MIN01,U.S. Bank Stadium,,,,,,,,,-0.002930295653641224,-0.17279392760246992,0.75,-0.037653736770153046,-0.9762297868728638,,,,,,,,-0.02280588448047638,0.12039133347570896,-1.25,-0.10332497302442789,-2.7948121950030327,0.019875588826835155,-0.2931852610781789,2.0,0.06567123625427485,1.818582408130169
2026_07_MIA_NYJ,2026,REG,7,2026-10-25,Sunday,13:00,MIA,,NYJ,,Home,,,,2026102506,,,202610250nyj,,401873015,7119.0,14,7,,,,,,,,,1,outdoors,fieldturf,,,,,,,Jeff Hafley,Aaron Glenn,,NYC01,MetLife Stadium,,,,,,,,,-0.15972543321549892,0.2392048924230039,-1.0,-0.24186793342232704,-8.641753435134888,,,,,,,,-0.05229880753904581,0.1779502872377634,-0.75,-0.08354505244642496,4.60542319715023,-0.10742662567645311,0.06125460518524051,-0.25,-0.15832288097590208,-13.247176632285118
2026_07_CLE_TEN,2026,REG,7,2026-10-25,Sunday,13:00,CLE,,TEN,,Home,,,,2026102507,,,202610250oti,,401873013,7120.0,7,7,,,,,,,,,0,outdoors,grass,,,,,,,Todd Monken,Robert Saleh,,NAS00,Nissan Stadium,,,,,,,,,-0.0261602895334363,0.10547547042369843,0.0,-0.06311077531427145,-0.4413588419556618,,,,,,,,-0.171206159517169,-0.07962245898670517,-1.5,-0.23024611175060272,-1.7592626512050629,0.1450458699837327,0.1850979294104036,1.5,0.16713533643633127,1.317903809249401
2026_07_DEN_ARI,2026,REG,7,2026-10-25,Sunday,16:05,DEN,,ARI,,Home,,,,2026102508,,,202610250crd,,401873019,7121.0,10,7,,,,,,,,,0,,grass,,,,,,,Sean Payton,Jonathan Gannon,,PHO00,State Farm Stadium,,,,,,,,,-0.0023378668120130897,0.20943049155175686,-0.75,-0.00034667993895709515,-0.9848850667476654,,,,,,,,0.019012863282114267,-0.024924765806645155,0.0,0.010833430103957653,-0.9034513235092163,-0.021350730094127357,0.234355257358402,-0.75,-0.011180110042914748,-0.0814337432384491
2026_07_GB_DET,2026,REG,7,2026-10-25,Sunday,16:25,GB,,DET,,Home,,,,2026102509,,,202610250det,,401873020,7122.0,7,14,,,,,,,,,1,dome,fieldturf,,,,,,,Matt LaFleur,Dan Campbell,,DET00,Ford Field,,,,,,,,,-0.012020587921142578,0.04102831333875656,-1.0,-0.015518996864557266,-2.8427039086818695,,,,,,,,0.0043812096118927,0.1516543896868825,-0.75,-0.0337989185936749,2.6330771446228027,-0.01640179753303528,-0.11062607634812593,-0.25,0.018279921729117632,-5.475781053304672
2026_07_LA_LV,2026,REG,7,2026-10-25,Sunday,16:25,LA,,LV,,Home,,,,2026102510,,,202610250rai,,401873021,7123.0,7,7,,,,,,,,,0,dome,grass,,,,,,,Sean McVay,Klint Kubliak,,VEG00,Allegiant Stadium,,,,,,,,,-0.20236766152083874,0.03923788759857416,-1.0,-0.2894011093303561,-5.841235399246216,,,,,,,,0.10108616389334202,0.043476480059325695,0.25,0.14339085668325424,-2.059369385242462,-0.30345382541418076,-0.0042385924607515335,-1.25,-0.43279196601361036,-3.7818660140037537
2026_07_KC_SEA,2026,REG,7,2026-10-25,Sunday,20:20,KC,,SEA,,Home,,,,2026102511,,,202610250sea,,401873022,7124.0,7,10,,,,,,,,,0,outdoors,fieldturf,,,,,,,Andy Reid,Mike Macdonald,,SEA00,Lumen Field,,,,,,,,,0.013790918048471212,-0.14629614632576704,-0.25,0.0013795290142297745,2.393990620970726,,,,,,,,-0.14762526797130704,-0.04484347626566887,0.0,-0.27146925404667854,-7.535819619894028,0.16141618601977825,-0.10145267006009817,-0.25,0.2728487830609083,9.929810240864754
2026_07_DAL_PHI,2026,REG,7,2026-10-26,Monday,20:15,DAL,,PHI,,Home,,,,2026102600,,,202610260phi,,401873009,7125.0,8,8,,,,,,,,,1,outdoors,grass,,,,,,,Brian Schottenheimer,Nick Sirianni,,PHI00,Lincoln Financial Field,,,,,,,,,0.0625361930578947,-0.0951714189723134,0.75,0.0782999787479639,5.407427489757538,,,,,,,,0.03884670871775597,0.2122781202197075,-0.25,0.05715180840343237,-3.8413690328598022,0.023689484340138733,-0.3074495391920209,1.0,0.021148170344531536,9.24879652261734
2026_08_CAR_GB,2026,REG,8,2026-10-29,Thursday,20:15,CAR,,GB,,Home,,,,2026102900,,,202610290gnb,,401873023,7126.0,4,4,,,,,,,,,0,outdoors,grass,,,,,,,Dave Canales,Matt LaFleur,,GNB00,Lambeau Field,,,,,,,,,0.0043812096118927,0.1516543896868825,-0.75,-0.0337989185936749,2.6330771446228027,,,,,,,,-0.05269193183630705,0.03927266364917159,-0.5,-0.08035692991688848,4.490843892097473,0.05707314144819975,0.1123817260377109,-0.25,0.04655801132321358,-1.8577667474746704
2026_08_BAL_BUF,2026,REG,8,2026-11-01,Sunday,13:00,BAL,,BUF,,Home,,,,2026110100,,,202611010buf,,401873026,7127.0,7,14,,,,,,,,,0,outdoors,a_turf,,,,,,,Jesse Minter,Sean McDermott,,BUF00,Highmark Stadium,,,,,,,,,0.09617788685136475,-0.030979452654719353,0.5,0.13893013074994087,5.453154265880585,,,,,,,,0.13961160369217396,0.011544639244675636,0.5,0.20462358184158802,9.019088506698608,-0.04343371684080921,-0.04252409189939499,0.0,-0.06569345109164715,-3.5659342408180237
2026_08_TEN_CIN,2026,REG,8,2026-11-01,Sunday,13:00,TEN,,CIN,,Home,,,,2026110101,,,202611010cin,,401873031,7128.0,7,7,,,,,,,,,0,outdoors,fieldturf,,,,,,,Robert Saleh,Zac Taylor,,CIN00,Paycor Stadium,,,,,,,,,0.06160377338528633,-0.0035656271502375603,0.25,0.0725066140294075,9.35154676437378,,,,,,,,-0.0261602895334363,0.10547547042369843,0.0,-0.06311077531427145,-0.4413588419556618,0.08776406291872263,-0.10904109757393599,0.25,0.13561738934367895,9.792905606329441
2026_08_ARI_DAL,2026,REG,8,2026-11-01,Sunday,13:00,ARI,,DAL,,Home,,,,2026110102,,,202611010dal,,401873024,7129.0,7,6,,,,,,,,,0,,matrixturf,,,,,,,Jonathan Gannon,Brian Schottenheimer,,DAL00,AT&T Stadium,,,,,,,,,0.03884670871775597,0.2122781202197075,-0.25,0.05715180840343237,-3.8413690328598022,,,,,,,,-0.0023378668120130897,0.20943049155175686,-0.75,-0.00034667993895709515,-0.9848850667476654,0.04118457552976906,0.00284762866795063,0.5,0.057498488342389464,-2.856483966112137
2026_08_MIN_DET,2026,REG,8,2026-11-01,Sunday,13:00,MIN,,DET,,Home,,,,2026110103,,,202611010det,,401873030,7130.0,7,7,,,,,,,,,1,dome,fieldturf,,,,,,,Kevin O'Connell,Dan Campbell,,DET00,Ford Field,,,,,,,,,-0.012020587921142578,0.04102831333875656,-1.0,-0.015518996864557266,-2.8427039086818695,,,,,,,,-0.002930295653641224,-0.17279392760246992,0.75,-0.037653736770153046,-0.9762297868728638,-0.009090292267501354,0.21382224094122648,-1.75,0.02213473990559578,-1.8664741218090057
2026_08_IND_JAX,2026,REG,8,2026-11-01,Sunday,13:00,IND,,JAX,,Home,,,,2026110104,,,202611010jax,,401873028,7131.0,7,14,,,,,,,,,1,outdoors,grass,,,,,,,Shane Steichen,Liam Coen,,JAX00,EverBank Stadium,,,,,,,,,0.20072505716234446,-0.10364845348522067,1.25,0.15993632923346013,7.679131671786308,,,,,,,,-0.02280588448047638,0.12039133347570896,-1.25,-0.10332497302442789,-2.7948121950030327,0.22353094164282084,-0.22403978696092963,2.5,0.263261302257888,10.473943866789341
2026_08_LV_NYJ,2026,REG,8,2026-11-01,Sunday,13:00,LV,,NYJ,,Home,,,,2026110105,,,202611010nyj,,401873029,7132.0,7,7,,,,,,,,,0,outdoors,fieldturf,,,,,,,Klint Kubliak,Aaron Glenn,,NYC01,MetLife Stadium,,,,,,,,,-0.15972543321549892,0.2392048924230039,-1.0,-0.24186793342232704,-8.641753435134888,,,,,,,,-0.20236766152083874,0.03923788759857416,-1.0,-0.2894011093303561,-5.841235399246216,0.04264222830533981,0.19996700482442975,0.0,0.04753317590802908,-2.800518035888672
2026_08_CLE_PIT,2026,REG,8,2026-11-01,Sunday,13:00,CLE,,PIT,,Home,,,,2026110106,,,202611010pit,,401873027,7133.0,7,7,,,,,,,,,1,outdoors,grass,,,,,,,Todd Monken,Mike McCarthy,,PIT00,Acrisure Stadium,,,,,,,,,0.041807105764746666,0.007858255878090858,0.75,0.07225933950394392,0.28438112139701843,,,,,,,,-0.171206159517169,-0.07962245898670517,-1.5,-0.23024611175060272,-1.7592626512050629,0.21301326528191566,0.08748071486479603,2.25,0.30250545125454664,2.0436437726020813
2026_08_ATL_TB,2026,REG,8,2026-11-01,Sunday,13:00,ATL,,TB,,Home,,,,2026110107,,,202611010tam,,401873025,7134.0,7,7,,,,,,,,,1,outdoors,grass,,,,,,,Raheem Morris,Todd Bowles,,TAM00,Raymond James Stadium,,,,,,,,,0.06344402441754937,0.07435525488108397,-0.5,0.05076735920738429,3.7540595829486847,,,,,,,,0.026229671202600002,-0.013629638939164579,0.75,0.03450413793325424,-1.3180734887719154,0.03721435321494937,0.08798489382024854,-1.25,0.016263221274130046,5.0721330717206
2026_08_LAC_LA,2026,REG,8,2026-11-01,Sunday,16:05,LAC,,LA,,Home,,,,2026110108,,,202611010ram,,401873032,7135.0,14,7,,,,,,,,,0,dome,matrixturf,,,,,,,Jim Harbaugh,Sean McVay,,LAX01,SoFi Stadium,,,,,,,,,0.10108616389334202,0.043476480059325695,0.25,0.14339085668325424,-2.059369385242462,,,,,,,,-0.04672765824943781,-0.05918296065647155,0.25,-0.05688102450221777,3.7013620138168335,0.14781382214277983,0.10265944071579725,0.0,0.200271881185472,-5.760731399059296
2026_08_KC_DEN,2026,REG,8,2026-11-01,Sunday,16:25,KC,,DEN,,Home,,,,2026110109,,,202611010den,,401873033,7136.0,7,7,,,,,,,,,1,outdoors,grass,,,,,,,Andy Reid,Sean Payton,,DEN00,Empower Field at Mile High,,,,,,,,,0.019012863282114267,-0.024924765806645155,0.0,0.010833430103957653,-0.9034513235092163,,,,,,,,-0.14762526797130704,-0.04484347626566887,0.0,-0.27146925404667854,-7.535819619894028,0.1666381312534213,0.019918710459023714,0.0,0.2823026841506362,6.632368296384811
2026_08_NE_MIA,2026,REG,8,2026-11-01,Sunday,16:25,NE,,MIA,,Home,,,,2026110110,,,202611010mia,,401873034,7137.0,10,7,,,,,,,,,1,outdoors,grass,,,,,,,Mike Vrabel,Jeff Hafley,,MIA00,Hard Rock Stadium,,,,,,,,,-0.05229880753904581,0.1779502872377634,-0.75,-0.08354505244642496,4.60542319715023,,,,,,,,0.2207484133541584,-0.01394275389611721,0.5,0.32874413952231407,14.806120067834854,-0.2730472208932042,0.19189304113388062,-1.25,-0.41228919196873903,-10.200696870684624
2026_08_PHI_WAS,2026,REG,8,2026-11-01,Sunday,20:20,PHI,,WAS,,Home,,,,2026110111,,,202611010was,,401873035,7138.0,6,13,,,,,,,,,1,outdoors,grass,,,,,,,Nick Sirianni,Dan Quinn,,WAS00,Northwest Stadium,,,,,,,,,0.044020510744303465,0.028414923697710037,-0.5,0.01221167843323201,1.5606838464736938,,,,,,,,0.0625361930578947,-0.0951714189723134,0.75,0.0782999787479639,5.407427489757538,-0.018515682313591242,0.12358634267002344,-1.25,-0.0660883003147319,-3.846743643283844
2026_08_CHI_SEA,2026,REG,8,2026-11-02,Monday,20:15,CHI,,SEA,,Home,,,,2026110200,,,202611020sea,,401873036,7139.0,11,8,,,,,,,,,0,outdoors,fieldturf,,,,,,,Ben Johnson,Mike Macdonald,,SEA00,Lumen Field,,,,,,,,,0.013790918048471212,-0.14629614632576704,-0.25,0.0013795290142297745,2.393990620970726,,,,,,,,0.11724787391722202,0.02106150984764099,1.25,0.1239835862070322,-0.1446668291464448,-0.10345695586875081,-0.16735765617340803,-1.5,-0.12260405719280243,2.538657450117171
2026_09_JAX_BAL,2026,REG,9,2026-11-05,Thursday,20:15,JAX,,BAL,,Home,,,,2026110500,,,202611050rav,,401873037,7140.0,4,4,,,,,,,,,0,outdoors,grass,,,,,,,Liam Coen,Jesse Minter,,BAL00,M&T Bank Stadium,,,,,,,,,0.13961160369217396,0.011544639244675636,0.5,0.20462358184158802,9.019088506698608,,,,,,,,0.20072505716234446,-0.10364845348522067,1.25,0.15993632923346013,7.679131671786308,-0.0611134534701705,0.11519309272989631,-0.75,0.04468725260812789,1.3399568349123
2026_09_CIN_ATL,2026,REG,9,2026-11-08,Sunday,09:30,CIN,,ATL,,Neutral,,,,2026110800,,,202611080atl,,401873038,7141.0,7,7,,,,,,,,,0,,fieldturf,,,,,,,Zac Taylor,Raheem Morris,,MAD01,Bernabeu,,,,,,,,,0.026229671202600002,-0.013629638939164579,0.75,0.03450413793325424,-1.3180734887719154,,,,,,,,0.06160377338528633,-0.0035656271502375603,0.25,0.0725066140294075,9.35154676437378,-0.03537410218268633,-0.010064011788927019,0.5,-0.03800247609615326,-10.669620253145695
2026_09_DEN_CAR,2026,REG,9,2026-11-08,Sunday,13:00,DEN,,CAR,,Home,,,,2026110801,,,202611080car,,401873041,7142.0,7,10,,,,,,,,,0,outdoors,grass,,,,,,,Sean Payton,Dave Canales,,CAR00,Bank of America Stadium,,,,,,,,,-0.05269193183630705,0.03927266364917159,-0.5,-0.08035692991688848,4.490843892097473,,,,,,,,0.019012863282114267,-0.024924765806645155,0.0,0.010833430103957653,-0.9034513235092163,-0.07170479511842132,0.06419742945581675,-0.5,-0.09119036002084613,5.3942952156066895
2026_09_DAL_IND,2026,REG,9,2026-11-08,Sunday,13:00,DAL,,IND,,Home,,,,2026110802,,,202611080clt,,401873040,7143.0,7,7,,,,,,,,,0,,fieldturf,,,,,,,Brian Schottenheimer,Shane Steichen,,IND00,Lucas Oil Stadium,,,,,,,,,-0.02280588448047638,0.12039133347570896,-1.25,-0.10332497302442789,-2.7948121950030327,,,,,,,,0.03884670871775597,0.2122781202197075,-0.25,0.05715180840343237,-3.8413690328598022,-0.06165259319823235,-0.09188678674399853,-1.0,-0.16047678142786026,1.0465568378567696
2026_09_NYJ_KC,2026,REG,9,2026-11-08,Sunday,13:00,NYJ,,KC,,Home,,,,2026110803,,,202611080kan,,401873045,7144.0,7,7,,,,,,,,,0,outdoors,grass,,,,,,,Aaron Glenn,Andy Reid,,KAN00,GEHA Field at Arrowhead Stadium,,,,,,,,,-0.14762526797130704,-0.04484347626566887,0.0,-0.27146925404667854,-7.535819619894028,,,,,,,,-0.15972543321549892,0.2392048924230039,-1.0,-0.24186793342232704,-8.641753435134888,0.012100165244191885,-0.2840483686886728,1.0,-0.0296013206243515,1.10593381524086
2026_09_DET_MIA,2026,REG,9,2026-11-08,Sunday,13:00,DET,,MIA,,Home,,,,2026110804,,,202611080mia,,401873042,7145.0,7,7,,,,,,,,,0,outdoors,grass,,,,,,,Dan Campbell,Jeff Hafley,,MIA00,Hard Rock Stadium,,,,,,,,,-0.05229880753904581,0.1779502872377634,-0.75,-0.08354505244642496,4.60542319715023,,,,,,,,-0.012020587921142578,0.04102831333875656,-1.0,-0.015518996864557266,-2.8427039086818695,-0.04027821961790323,0.13692197389900684,0.25,-0.0680260555818677,7.4481271058321
2026_09_CLE_NO,2026,REG,9,2026-11-08,Sunday,13:00,CLE,,NO,,Home,,,,2026110805,,,202611080nor,,401873039,7146.0,7,14,,,,,,,,,0,dome,sportturf,,,,,,,Todd Monken,Kellen Moore,,NOR00,Caesars Superdome,,,,,,,,,0.01557692838832736,-0.09282019548118114,0.25,0.05792773375287652,5.488721761852503,,,,,,,,-0.171206159517169,-0.07962245898670517,-1.5,-0.23024611175060272,-1.7592626512050629,0.18678308790549636,-0.013197736494475976,1.75,0.28817384550347924,7.247984413057566
2026_09_NYG_PHI,2026,REG,9,2026-11-08,Sunday,13:00,NYG,,PHI,,Home,,,,2026110806,,,202611080phi,,401873044,7147.0,14,7,,,,,,,,,1,outdoors,grass,,,,,,,John Harbaugh,Nick Sirianni,,PHI00,Lincoln Financial Field,,,,,,,,,0.0625361930578947,-0.0951714189723134,0.75,0.0782999787479639,5.407427489757538,,,,,,,,0.02890142798423767,-0.07231928547844291,1.25,0.003777008969336748,-3.0301066637039185,0.033634765073657036,-0.022852133493870497,-0.5,0.07452296977862716,8.437534153461456
2026_09_LA_WAS,2026,REG,9,2026-11-08,Sunday,13:00,LA,,WAS,,Home,,,,2026110807,,,202611080was,,401873043,7148.0,7,7,,,,,,,,,0,outdoors,grass,,,,,,,Sean McVay,Dan Quinn,,WAS00,Northwest Stadium,,,,,,,,,0.044020510744303465,0.028414923697710037,-0.5,0.01221167843323201,1.5606838464736938,,,,,,,,0.10108616389334202,0.043476480059325695,0.25,0.14339085668325424,-2.059369385242462,-0.05706565314903855,-0.015061556361615658,-0.75,-0.13117917825002223,3.620053231716156
2026_09_HOU_LAC,2026,REG,9,2026-11-08,Sunday,16:05,HOU,,LAC,,Home,,,,2026110808,,,202611080sdg,,401873046,7149.0,14,7,,,,,,,,,0,dome,matrixturf,,,,,,,DeMeco Ryans,Jim Harbaugh,,LAX01,SoFi Stadium,,,,,,,,,-0.04672765824943781,-0.05918296065647155,0.25,-0.05688102450221777,3.7013620138168335,,,,,,,,0.059546797536313534,-0.0657922551035881,1.25,-0.02015468291938305,-2.320218950510025,-0.10627445578575134,0.006609294447116554,-1.0,-0.03672634158283472,6.0215809643268585
2026_09_LV_SF,2026,REG,9,2026-11-08,Sunday,16:05,LV,,SF,,Home,,,,2026110809,,,202611080sfo,,401873047,7150.0,7,14,,,,,,,,,0,outdoors,grass,,,,,,,Klint Kubliak,Kyle Shanahan,,SFO01,Levi's Stadium,,,,,,,,,0.12473947554826736,0.07803466590121388,-0.5,0.14412859454751015,10.283224523067474,,,,,,,,-0.20236766152083874,0.03923788759857416,-1.0,-0.2894011093303561,-5.841235399246216,0.3271071370691061,0.03879677830263972,0.5,0.43352970387786627,16.12445992231369
2026_09_GB_NE,2026,REG,9,2026-11-08,Sunday,16:25,GB,,NE,,Home,,,,2026110810,,,202611080nwe,,401873049,7151.0,10,7,,,,,,,,,0,outdoors,fieldturf,,,,,,,Matt LaFleur,Mike Vrabel,,BOS00,Gillette Stadium,,,,,,,,,0.2207484133541584,-0.01394275389611721,0.5,0.32874413952231407,14.806120067834854,,,,,,,,0.0043812096118927,0.1516543896868825,-0.75,-0.0337989185936749,2.6330771446228027,0.2163672037422657,-0.1655971435829997,1.25,0.36254305811598897,12.173042923212051
2026_09_ARI_SEA,2026,REG,9,2026-11-08,Sunday,16:25,ARI,,SEA,,Home,,,,2026110811,,,202611080sea,,401873048,7152.0,7,6,,,,,,,,,1,outdoors,fieldturf,,,,,,,Jonathan Gannon,Mike Macdonald,,SEA00,Lumen Field,,,,,,,,,0.013790918048471212,-0.14629614632576704,-0.25,0.0013795290142297745,2.393990620970726,,,,,,,,-0.0023378668120130897,0.20943049155175686,-0.75,-0.00034667993895709515,-0.9848850667476654,0.016128784860484302,-0.3557266378775239,0.5,0.0017262089531868696,3.3788756877183914
2026_09_TB_CHI,2026,REG,9,2026-11-08,Sunday,20:20,TB,,CHI,,Home,,,,2026110812,,,202611080chi,,401873050,7153.0,7,6,,,,,,,,,0,outdoors,grass,,,,,,,Todd Bowles,Ben Johnson,,CHI98,Soldier Field,,,,,,,,,0.11724787391722202,0.02106150984764099,1.25,0.1239835862070322,-0.1446668291464448,,,,,,,,0.06344402441754937,0.07435525488108397,-0.5,0.05076735920738429,3.7540595829486847,0.05380384949967265,-0.053293745033442974,1.75,0.07321622699964792,-3.8987264120951295
2026_09_BUF_MIN,2026,REG,9,2026-11-09,Monday,20:15,BUF,,MIN,,Home,,,,2026110900,,,202611090min,,401873051,7154.0,8,8,,,,,,,,,0,dome,sportturf,,,,,,,Sean McDermott,Kevin O'Connell,,MIN01,U.S. Bank Stadium,,,,,,,,,-0.002930295653641224,-0.17279392760246992,0.75,-0.037653736770153046,-0.9762297868728638,,,,,,,,0.09617788685136475,-0.030979452654719353,0.5,0.13893013074994087,5.453154265880585,-0.09910818250500597,-0.14181447494775057,0.25,-0.17658386752009392,-6.4293840527534485
2026_10_WAS_NYG,2026,REG,10,2026-11-12,Thursday,20:15,WAS,,NYG,,Home,,,,2026111200,,,202611120nyg,,401873052,7155.0,4,4,,,,,,,,,1,outdoors,fieldturf,,,,,,,Dan Quinn,John Harbaugh,,NYC01,MetLife Stadium,,,,,,,,,0.02890142798423767,-0.07231928547844291,1.25,0.003777008969336748,-3.0301066637039185,,,,,,,,0.044020510744303465,0.028414923697710037,-0.5,0.01221167843323201,1.5606838464736938,-0.015119082760065794,-0.10073420917615294,1.75,-0.008434669463895261,-4.590790510177612
2026_10_NE_DET,2026,REG,10,2026-11-15,Sunday,09:30,NE,,DET,,Neutral,,,,2026111500,,,202611150det,,401873053,7156.0,7,7,,,,,,,,,0,dome,fieldturf,,,,,,,Mike Vrabel,Dan Campbell,,MUN01,FC Bayern Munich Stadium,,,,,,,,,-0.012020587921142578,0.04102831333875656,-1.0,-0.015518996864557266,-2.8427039086818695,,,,,,,,0.2207484133541584,-0.01394275389611721,0.5,0.32874413952231407,14.806120067834854,-0.23276900127530098,0.05497106723487377,-1.5,-0.34426313638687134,-17.648823976516724
2026_10_KC_ATL,2026,REG,10,2026-11-15,Sunday,13:00,KC,,ATL,,Home,,,,2026111501,,,202611150atl,,401873058,7157.0,7,7,,,,,,,,,0,,fieldturf,,,,,,,Andy Reid,Raheem Morris,,ATL97,Mercedes-Benz Stadium,,,,,,,,,0.026229671202600002,-0.013629638939164579,0.75,0.03450413793325424,-1.3180734887719154,,,,,,,,-0.14762526797130704,-0.04484347626566887,0.0,-0.27146925404667854,-7.535819619894028,0.17385493917390704,0.03121383732650429,0.75,0.3059733919799328,6.217746131122112
2026_10_HOU_CLE,2026,REG,10,2026-11-15,Sunday,13:00,HOU,,CLE,,Home,,,,2026111502,,,202611150cle,,401873056,7158.0,7,7,,,,,,,,,0,outdoors,grass,,,,,,,DeMeco Ryans,Todd Monken,,CLE00,Huntington Bank Field,,,,,,,,,-0.171206159517169,-0.07962245898670517,-1.5,-0.23024611175060272,-1.7592626512050629,,,,,,,,0.059546797536313534,-0.0657922551035881,1.25,-0.02015468291938305,-2.320218950510025,-0.23075295705348253,-0.013830203883117065,-2.75,-0.21009142883121967,0.5609562993049622
2026_10_MIN_GB,2026,REG,10,2026-11-15,Sunday,13:00,MIN,,GB,,Home,,,,2026111503,,,202611150gnb,,401873060,7159.0,6,7,,,,,,,,,1,outdoors,grass,,,,,,,Kevin O'Connell,Matt LaFleur,,GNB00,Lambeau Field,,,,,,,,,0.0043812096118927,0.1516543896868825,-0.75,-0.0337989185936749,2.6330771446228027,,,,,,,,-0.002930295653641224,-0.17279392760246992,0.75,-0.037653736770153046,-0.9762297868728638,0.007311505265533924,0.3244483172893524,-1.5,0.0038548181764781475,3.6093069314956665
2026_10_MIA_IND,2026,REG,10,2026-11-15,Sunday,13:00,MIA,,IND,,Home,,,,2026111504,,,202611150clt,,401873059,7160.0,7,7,,,,,,,,,0,,fieldturf,,,,,,,Jeff Hafley,Shane Steichen,,IND00,Lucas Oil Stadium,,,,,,,,,-0.02280588448047638,0.12039133347570896,-1.25,-0.10332497302442789,-2.7948121950030327,,,,,,,,-0.05229880753904581,0.1779502872377634,-0.75,-0.08354505244642496,4.60542319715023,0.02949292305856943,-0.05755895376205444,-0.5,-0.01977992057800293,-7.400235392153263
2026_10_CAR_NO,2026,REG,10,2026-11-15,Sunday,13:00,CAR,,NO,,Home,,,,2026111505,,,202611150nor,,401873055,7161.0,7,7,,,,,,,,,1,dome,sportturf,,,,,,,Dave Canales,Kellen Moore,,NOR00,Caesars Superdome,,,,,,,,,0.01557692838832736,-0.09282019548118114,0.25,0.05792773375287652,5.488721761852503,,,,,,,,-0.05269193183630705,0.03927266364917159,-0.5,-0.08035692991688848,4.490843892097473,0.06826886022463441,-0.13209285913035274,0.75,0.138284663669765,0.9978778697550297
2026_10_BUF_NYJ,2026,REG,10,2026-11-15,Sunday,13:00,BUF,,NYJ,,Home,,,,2026111506,,,202611150nyj,,401873054,7162.0,6,7,,,,,,,,,1,outdoors,fieldturf,,,,,,,Sean McDermott,Aaron Glenn,,NYC01,MetLife Stadium,,,,,,,,,-0.15972543321549892,0.2392048924230039,-1.0,-0.24186793342232704,-8.641753435134888,,,,,,,,0.09617788685136475,-0.030979452654719353,0.5,0.13893013074994087,5.453154265880585,-0.25590332006686367,0.27018434507772326,-1.5,-0.3807980641722679,-14.094907701015472
2026_10_JAX_TEN,2026,REG,10,2026-11-15,Sunday,13:00,JAX,,TEN,,Home,,,,2026111507,,,202611150oti,,401873057,7163.0,10,14,,,,,,,,,1,outdoors,grass,,,,,,,Liam Coen,Robert Saleh,,NAS00,Nissan Stadium,,,,,,,,,-0.0261602895334363,0.10547547042369843,0.0,-0.06311077531427145,-0.4413588419556618,,,,,,,,0.20072505716234446,-0.10364845348522067,1.25,0.15993632923346013,7.679131671786308,-0.22688534669578075,0.2091239239089191,-1.25,-0.22304710454773158,-8.12049051374197
2026_10_LA_ARI,2026,REG,10,2026-11-15,Sunday,16:05,LA,,ARI,,Home,,,,2026111508,,,202611150crd,,401873061,7164.0,7,7,,,,,,,,,1,,grass,,,,,,,Sean McVay,Jonathan Gannon,,PHO00,State Farm Stadium,,,,,,,,,-0.0023378668120130897,0.20943049155175686,-0.75,-0.00034667993895709515,-0.9848850667476654,,,,,,,,0.10108616389334202,0.043476480059325695,0.25,0.14339085668325424,-2.059369385242462,-0.10342403070535511,0.16595401149243116,-1.0,-0.14373753662221134,1.0744843184947968
2026_10_SEA_LV,2026,REG,10,2026-11-15,Sunday,16:05,SEA,,LV,,Home,,,,2026111509,,,202611150rai,,401873062,7165.0,7,7,,,,,,,,,0,dome,grass,,,,,,,Mike Macdonald,Klint Kubliak,,VEG00,Allegiant Stadium,,,,,,,,,-0.20236766152083874,0.03923788759857416,-1.0,-0.2894011093303561,-5.841235399246216,,,,,,,,0.013790918048471212,-0.14629614632576704,-0.25,0.0013795290142297745,2.393990620970726,-0.21615857956930995,0.1855340339243412,-0.75,-0.2907806383445859,-8.235226020216942
2026_10_SF_DAL,2026,REG,10,2026-11-15,Sunday,16:25,SF,,DAL,,Home,,,,2026111510,,,202611150dal,,401873063,7166.0,7,7,,,,,,,,,0,,matrixturf,,,,,,,Kyle Shanahan,Brian Schottenheimer,,DAL00,AT&T Stadium,,,,,,,,,0.03884670871775597,0.2122781202197075,-0.25,0.05715180840343237,-3.8413690328598022,,,,,,,,0.12473947554826736,0.07803466590121388,-0.5,0.14412859454751015,10.283224523067474,-0.08589276683051139,0.1342434543184936,0.25,-0.08697678614407778,-14.124593555927277
2026_10_PIT_CIN,2026,REG,10,2026-11-15,Sunday,20:20,PIT,,CIN,,Home,,,,2026111511,,,202611150cin,,401873064,7167.0,14,7,,,,,,,,,1,outdoors,fieldturf,,,,,,,Mike McCarthy,Zac Taylor,,CIN00,Paycor Stadium,,,,,,,,,0.06160377338528633,-0.0035656271502375603,0.25,0.0725066140294075,9.35154676437378,,,,,,,,0.041807105764746666,0.007858255878090858,0.75,0.07225933950394392,0.28438112139701843,0.019796667620539665,-0.011423883028328419,-0.5,0.0002472745254635811,9.06716564297676
2026_10_LAC_BAL,2026,REG,10,2026-11-16,Monday,20:15,LAC,,BAL,,Home,,,,2026111600,,,202611160rav,,401873065,7168.0,8,11,,,,,,,,,0,outdoors,grass,,,,,,,Jim Harbaugh,Jesse Minter,,BAL00,M&T Bank Stadium,,,,,,,,,0.13961160369217396,0.011544639244675636,0.5,0.20462358184158802,9.019088506698608,,,,,,,,-0.04672765824943781,-0.05918296065647155,0.25,-0.05688102450221777,3.7013620138168335,0.18633926194161177,0.07072759990114719,0.25,0.2615046063438058,5.317726492881775
2026_11_IND_HOU,2026,REG,11,2026-11-19,Thursday,20:15,IND,,HOU,,Home,,,,2026111900,,,202611190htx,,401873066,7169.0,4,4,,,,,,,,,1,,astroturf,,,,,,,Shane Steichen,DeMeco Ryans,,HOU00,Reliant Stadium,,,,,,,,,0.059546797536313534,-0.0657922551035881,1.25,-0.02015468291938305,-2.320218950510025,,,,,,,,-0.02280588448047638,0.12039133347570896,-1.25,-0.10332497302442789,-2.7948121950030327,0.08235268201678991,-0.18618358857929707,2.5,0.08317029010504484,0.47459324449300766
2026_11_MIA_BUF,2026,REG,11,2026-11-22,Sunday,13:00,MIA,,BUF,,Home,,,,2026112200,,,202611220buf,,401873070,7170.0,7,7,,,,,,,,,1,outdoors,a_turf,,,,,,,Jeff Hafley,Sean McDermott,,BUF00,Highmark Stadium,,,,,,,,,0.09617788685136475,-0.030979452654719353,0.5,0.13893013074994087,5.453154265880585,,,,,,,,-0.05229880753904581,0.1779502872377634,-0.75,-0.08354505244642496,4.60542319715023,0.14847669439041056,-0.20892973989248276,1.25,0.22247518319636583,0.8477310687303543
2026_11_BAL_CAR,2026,REG,11,2026-11-22,Sunday,13:00,BAL,,CAR,,Home,,,,2026112201,,,202611220car,,401873068,7171.0,6,7,,,,,,,,,0,outdoors,grass,,,,,,,Jesse Minter,Dave Canales,,CAR00,Bank of America Stadium,,,,,,,,,-0.05269193183630705,0.03927266364917159,-0.5,-0.08035692991688848,4.490843892097473,,,,,,,,0.13961160369217396,0.011544639244675636,0.5,0.20462358184158802,9.019088506698608,-0.192303535528481,0.027728024404495955,-1.0,-0.2849805117584765,-4.528244614601135
2026_11_NO_CHI,2026,REG,11,2026-11-22,Sunday,13:00,NO,,CHI,,Home,,,,2026112202,,,202611220chi,,401873071,7172.0,7,14,,,,,,,,,0,outdoors,grass,,,,,,,Kellen Moore,Ben Johnson,,CHI98,Soldier Field,,,,,,,,,0.11724787391722202,0.02106150984764099,1.25,0.1239835862070322,-0.1446668291464448,,,,,,,,0.01557692838832736,-0.09282019548118114,0.25,0.05792773375287652,5.488721761852503,0.10167094552889466,0.11388170532882214,1.0,0.06605585245415568,-5.633388590998948
2026_11_TEN_DAL,2026,REG,11,2026-11-22,Sunday,13:00,TEN,,DAL,,Home,,,,2026112203,,,202611220dal,,401873073,7173.0,7,7,,,,,,,,,0,,matrixturf,,,,,,,Robert Saleh,Brian Schottenheimer,,DAL00,AT&T Stadium,,,,,,,,,0.03884670871775597,0.2122781202197075,-0.25,0.05715180840343237,-3.8413690328598022,,,,,,,,-0.0261602895334363,0.10547547042369843,0.0,-0.06311077531427145,-0.4413588419556618,0.06500699825119227,0.10680264979600906,-0.25,0.12026258371770382,-3.4000101909041405
2026_11_TB_DET,2026,REG,11,2026-11-22,Sunday,13:00,TB,,DET,,Home,,,,2026112204,,,202611220det,,401873072,7174.0,14,7,,,,,,,,,0,dome,fieldturf,,,,,,,Todd Bowles,Dan Campbell,,DET00,Ford Field,,,,,,,,,-0.012020587921142578,0.04102831333875656,-1.0,-0.015518996864557266,-2.8427039086818695,,,,,,,,0.06344402441754937,0.07435525488108397,-0.5,0.05076735920738429,3.7540595829486847,-0.07546461233869195,-0.033326941542327404,-0.5,-0.06628635607194155,-6.596763491630554
2026_11_ARI_KC,2026,REG,11,2026-11-22,Sunday,13:00,ARI,,KC,,Home,,,,2026112205,,,202611220kan,,401873067,7175.0,7,7,,,,,,,,,0,outdoors,grass,,,,,,,Jonathan Gannon,Andy Reid,,KAN00,GEHA Field at Arrowhead Stadium,,,,,,,,,-0.14762526797130704,-0.04484347626566887,0.0,-0.27146925404667854,-7.535819619894028,,,,,,,,-0.0023378668120130897,0.20943049155175686,-0.75,-0.00034667993895709515,-0.9848850667476654,-0.14528740115929395,-0.25427396781742573,0.75,-0.27112257410772145,-6.550934553146362
2026_11_JAX_NYG,2026,REG,11,2026-11-22,Sunday,13:00,JAX,,NYG,,Home,,,,2026112206,,,202611220nyg,,401873069,7176.0,7,10,,,,,,,,,0,outdoors,fieldturf,,,,,,,Liam Coen,John Harbaugh,,NYC01,MetLife Stadium,,,,,,,,,0.02890142798423767,-0.07231928547844291,1.25,0.003777008969336748,-3.0301066637039185,,,,,,,,0.20072505716234446,-0.10364845348522067,1.25,0.15993632923346013,7.679131671786308,-0.17182362917810678,0.03132916800677776,0.0,-0.15615932026412338,-10.709238335490227
2026_11_NYJ_LAC,2026,REG,11,2026-11-22,Sunday,16:05,NYJ,,LAC,,Home,,,,2026112207,,,202611220sdg,,401873074,7177.0,7,6,,,,,,,,,0,dome,matrixturf,,,,,,,Aaron Glenn,Jim Harbaugh,,LAX01,SoFi Stadium,,,,,,,,,-0.04672765824943781,-0.05918296065647155,0.25,-0.05688102450221777,3.7013620138168335,,,,,,,,-0.15972543321549892,0.2392048924230039,-1.0,-0.24186793342232704,-8.641753435134888,0.11299777496606112,-0.29838785307947546,1.25,0.18498690892010927,12.343115448951721
2026_11_LV_DEN,2026,REG,11,2026-11-22,Sunday,16:25,LV,,DEN,,Home,,,,2026112208,,,202611220den,,401873075,7178.0,7,14,,,,,,,,,1,outdoors,grass,,,,,,,Klint Kubliak,Sean Payton,,DEN00,Empower Field at Mile High,,,,,,,,,0.019012863282114267,-0.024924765806645155,0.0,0.010833430103957653,-0.9034513235092163,,,,,,,,-0.20236766152083874,0.03923788759857416,-1.0,-0.2894011093303561,-5.841235399246216,0.221380524802953,-0.06416265340521932,1.0,0.3002345394343138,4.9377840757369995
2026_11_PIT_PHI,2026,REG,11,2026-11-22,Sunday,16:25,PIT,,PHI,,Home,,,,2026112209,,,202611220phi,,401873076,7179.0,7,14,,,,,,,,,0,outdoors,grass,,,,,,,Mike McCarthy,Nick Sirianni,,PHI00,Lincoln Financial Field,,,,,,,,,0.0625361930578947,-0.0951714189723134,0.75,0.0782999787479639,5.407427489757538,,,,,,,,0.041807105764746666,0.007858255878090858,0.75,0.07225933950394392,0.28438112139701843,0.02072908729314804,-0.10302967485040426,0.0,0.006040639244019985,5.123046368360519
2026_11_MIN_SF,2026,REG,11,2026-11-22,Sunday,20:20,MIN,,SF,,Neutral,,,,2026112210,,,202611220sfo,,401873077,7180.0,7,7,,,,,,,,,0,outdoors,grass,,,,,,,Kevin O'Connell,Kyle Shanahan,,MEX00,Estadio Banorte,,,,,,,,,0.12473947554826736,0.07803466590121388,-0.5,0.14412859454751015,10.283224523067474,,,,,,,,-0.002930295653641224,-0.17279392760246992,0.75,-0.037653736770153046,-0.9762297868728638,0.1276697712019086,0.2508285935036838,-1.25,0.1817823313176632,11.259454309940338
2026_11_CIN_WAS,2026,REG,11,2026-11-23,Monday,20:15,CIN,,WAS,,Home,,,,2026112300,,,202611230was,,401873078,7181.0,8,11,,,,,,,,,0,outdoors,grass,,,,,,,Zac Taylor,Dan Quinn,,WAS00,Northwest Stadium,,,,,,,,,0.044020510744303465,0.028414923697710037,-0.5,0.01221167843323201,1.5606838464736938,,,,,,,,0.06160377338528633,-0.0035656271502375603,0.25,0.0725066140294075,9.35154676437378,-0.017583262640982866,0.0319805508479476,-0.75,-0.06029493559617549,-7.7908629179000854
2026_12_GB_LA,2026,REG,12,2026-11-25,Wednesday,20:00,GB,,LA,,Home,,,,2026112500,,,202611250ram,,401873079,7182.0,10,10,,,,,,,,,0,dome,matrixturf,,,,,,,Matt LaFleur,Sean McVay,,LAX01,SoFi Stadium,,,,,,,,,0.10108616389334202,0.043476480059325695,0.25,0.14339085668325424,-2.059369385242462,,,,,,,,0.0043812096118927,0.1516543896868825,-0.75,-0.0337989185936749,2.6330771446228027,0.09670495428144932,-0.1081779096275568,1.0,0.17718977527692914,-4.692446529865265
2026_12_CHI_DET,2026,REG,12,2026-11-26,Thursday,13:00,CHI,,DET,,Home,,,,2026112600,,,202611260det,,401873081,7183.0,4,4,,,,,,,,,1,dome,fieldturf,,,,,,,Ben Johnson,Dan Campbell,,DET00,Ford Field,,,,,,,,,-0.012020587921142578,0.04102831333875656,-1.0,-0.015518996864557266,-2.8427039086818695,,,,,,,,0.11724787391722202,0.02106150984764099,1.25,0.1239835862070322,-0.1446668291464448,-0.1292684618383646,0.01996680349111557,-2.25,-0.13950258307158947,-2.6980370795354247
2026_12_PHI_DAL,2026,REG,12,2026-11-26,Thursday,16:30,PHI,,DAL,,Home,,,,2026112601,,,202611260dal,,401873080,7184.0,4,4,,,,,,,,,1,,matrixturf,,,,,,,Nick Sirianni,Brian Schottenheimer,,DAL00,AT&T Stadium,,,,,,,,,0.03884670871775597,0.2122781202197075,-0.25,0.05715180840343237,-3.8413690328598022,,,,,,,,0.0625361930578947,-0.0951714189723134,0.75,0.0782999787479639,5.407427489757538,-0.023689484340138733,0.3074495391920209,-1.0,-0.021148170344531536,-9.24879652261734
2026_12_KC_BUF,2026,REG,12,2026-11-26,Thursday,20:20,KC,,BUF,,Home,,,,2026112602,,,202611260buf,,401873082,7185.0,4,4,,,,,,,,,0,outdoors,a_turf,,,,,,,Andy Reid,Sean McDermott,,BUF00,Highmark Stadium,,,,,,,,,0.09617788685136475,-0.030979452654719353,0.5,0.13893013074994087,5.453154265880585,,,,,,,,-0.14762526797130704,-0.04484347626566887,0.0,-0.27146925404667854,-7.535819619894028,0.24380315482267179,0.013864023610949516,0.5,0.4103993847966194,12.988973885774612
2026_12_DEN_PIT,2026,REG,12,2026-11-27,Friday,15:00,DEN,,PIT,,Home,,,,2026112700,,,202611270pit,,401873083,7186.0,5,5,,,,,,,,,0,outdoors,grass,,,,,,,Sean Payton,Mike McCarthy,,PIT00,Acrisure Stadium,,,,,,,,,0.041807105764746666,0.007858255878090858,0.75,0.07225933950394392,0.28438112139701843,,,,,,,,0.019012863282114267,-0.024924765806645155,0.0,0.010833430103957653,-0.9034513235092163,0.0227942424826324,0.03278302168473601,0.75,0.06142590939998627,1.1878324449062347
2026_12_NO_CIN,2026,REG,12,2026-11-29,Sunday,13:00,NO,,CIN,,Home,,,,2026112900,,,202611290cin,,401873087,7187.0,7,6,,,,,,,,,0,outdoors,fieldturf,,,,,,,Kellen Moore,Zac Taylor,,CIN00,Paycor Stadium,,,,,,,,,0.06160377338528633,-0.0035656271502375603,0.25,0.0725066140294075,9.35154676437378,,,,,,,,0.01557692838832736,-0.09282019548118114,0.25,0.05792773375287652,5.488721761852503,0.04602684499695897,0.08925456833094358,0.0,0.014578880276530981,3.8628250025212765
2026_12_LV_CLE,2026,REG,12,2026-11-29,Sunday,13:00,LV,,CLE,,Home,,,,2026112901,,,202611290cle,,401873086,7188.0,7,14,,,,,,,,,0,outdoors,grass,,,,,,,Klint Kubliak,Todd Monken,,CLE00,Huntington Bank Field,,,,,,,,,-0.171206159517169,-0.07962245898670517,-1.5,-0.23024611175060272,-1.7592626512050629,,,,,,,,-0.20236766152083874,0.03923788759857416,-1.0,-0.2894011093303561,-5.841235399246216,0.03116150200366974,-0.11886034658527933,-0.5,0.0591549975797534,4.081972748041153
2026_12_BAL_HOU,2026,REG,12,2026-11-29,Sunday,13:00,BAL,,HOU,,Home,,,,2026112902,,,202611290htx,,401873085,7189.0,7,10,,,,,,,,,0,,astroturf,,,,,,,Jesse Minter,DeMeco Ryans,,HOU00,Reliant Stadium,,,,,,,,,0.059546797536313534,-0.0657922551035881,1.25,-0.02015468291938305,-2.320218950510025,,,,,,,,0.13961160369217396,0.011544639244675636,0.5,0.20462358184158802,9.019088506698608,-0.08006480615586042,-0.07733689434826374,0.75,-0.22477826476097107,-11.339307457208633
2026_12_NYG_IND,2026,REG,12,2026-11-29,Sunday,13:00,NYG,,IND,,Home,,,,2026112903,,,202611290clt,,401873088,7190.0,7,10,,,,,,,,,0,,fieldturf,,,,,,,John Harbaugh,Shane Steichen,,IND00,Lucas Oil Stadium,,,,,,,,,-0.02280588448047638,0.12039133347570896,-1.25,-0.10332497302442789,-2.7948121950030327,,,,,,,,0.02890142798423767,-0.07231928547844291,1.25,0.003777008969336748,-3.0301066637039185,-0.05170731246471405,0.19271061895415187,-2.5,-0.10710198199376464,0.23529446870088577
2026_12_NYJ_MIA,2026,REG,12,2026-11-29,Sunday,13:00,NYJ,,MIA,,Home,,,,2026112904,,,202611290mia,,401873089,7191.0,7,7,,,,,,,,,1,outdoors,grass,,,,,,,Aaron Glenn,Jeff Hafley,,MIA00,Hard Rock Stadium,,,,,,,,,-0.05229880753904581,0.1779502872377634,-0.75,-0.08354505244642496,4.60542319715023,,,,,,,,-0.15972543321549892,0.2392048924230039,-1.0,-0.24186793342232704,-8.641753435134888,0.10742662567645311,-0.06125460518524051,0.25,0.15832288097590208,13.247176632285118
2026_12_ATL_MIN,2026,REG,12,2026-11-29,Sunday,13:00,ATL,,MIN,,Home,,,,2026112905,,,202611290min,,401873084,7192.0,14,7,,,,,,,,,0,dome,sportturf,,,,,,,Raheem Morris,Kevin O'Connell,,MIN01,U.S. Bank Stadium,,,,,,,,,-0.002930295653641224,-0.17279392760246992,0.75,-0.037653736770153046,-0.9762297868728638,,,,,,,,0.026229671202600002,-0.013629638939164579,0.75,0.03450413793325424,-1.3180734887719154,-0.029159966856241226,-0.15916428866330534,0.0,-0.07215787470340729,0.34184370189905167
2026_12_TEN_JAX,2026,REG,12,2026-11-29,Sunday,16:05,TEN,,JAX,,Home,,,,2026112906,,,202611290jax,,401873090,7193.0,7,7,,,,,,,,,1,outdoors,grass,,,,,,,Robert Saleh,Liam Coen,,JAX00,EverBank Stadium,,,,,,,,,0.20072505716234446,-0.10364845348522067,1.25,0.15993632923346013,7.679131671786308,,,,,,,,-0.0261602895334363,0.10547547042369843,0.0,-0.06311077531427145,-0.4413588419556618,0.22688534669578075,-0.2091239239089191,1.25,0.22304710454773158,8.12049051374197
2026_12_WAS_ARI,2026,REG,12,2026-11-29,Sunday,16:25,WAS,,ARI,,Home,,,,2026112907,,,202611290crd,,401873092,7194.0,6,7,,,,,,,,,0,,grass,,,,,,,Dan Quinn,Jonathan Gannon,,PHO00,State Farm Stadium,,,,,,,,,-0.0023378668120130897,0.20943049155175686,-0.75,-0.00034667993895709515,-0.9848850667476654,,,,,,,,0.044020510744303465,0.028414923697710037,-0.5,0.01221167843323201,1.5606838464736938,-0.046358377556316555,0.18101556785404682,-0.25,-0.012558358372189105,-2.5455689132213593
2026_12_SEA_SF,2026,REG,12,2026-11-29,Sunday,16:25,SEA,,SF,,Home,,,,2026112908,,,202611290sfo,,401873091,7195.0,14,7,,,,,,,,,1,outdoors,grass,,,,,,,Mike Macdonald,Kyle Shanahan,,SFO01,Levi's Stadium,,,,,,,,,0.12473947554826736,0.07803466590121388,-0.5,0.14412859454751015,10.283224523067474,,,,,,,,0.013790918048471212,-0.14629614632576704,-0.25,0.0013795290142297745,2.393990620970726,0.11094855749979615,0.22433081222698092,-0.25,0.14274906553328037,7.889233902096748
2026_12_NE_LAC,2026,REG,12,2026-11-29,Sunday,20:20,NE,,LAC,,Home,,,,2026112909,,,202611290sdg,,401873093,7196.0,14,7,,,,,,,,,0,dome,matrixturf,,,,,,,Mike Vrabel,Jim Harbaugh,,LAX01,SoFi Stadium,,,,,,,,,-0.04672765824943781,-0.05918296065647155,0.25,-0.05688102450221777,3.7013620138168335,,,,,,,,0.2207484133541584,-0.01394275389611721,0.5,0.32874413952231407,14.806120067834854,-0.2674760716035962,-0.04524020676035434,-0.25,-0.38562516402453184,-11.10475805401802
2026_12_CAR_TB,2026,REG,12,2026-11-30,Monday,20:15,CAR,,TB,,Home,,,,2026113000,,,202611300tam,,401873094,7197.0,8,8,,,,,,,,,1,outdoors,grass,,,,,,,Dave Canales,Todd Bowles,,TAM00,Raymond James Stadium,,,,,,,,,0.06344402441754937,0.07435525488108397,-0.5,0.05076735920738429,3.7540595829486847,,,,,,,,-0.05269193183630705,0.03927266364917159,-0.5,-0.08035692991688848,4.490843892097473,0.11613595625385642,0.035082591231912374,0.0,0.13112428912427276,-0.7367843091487885
2026_13_KC_LA,2026,REG,13,2026-12-03,Thursday,20:15,KC,,LA,,Home,,,,2026120300,,,202612030ram,,401873096,7198.0,7,8,,,,,,,,,0,dome,matrixturf,,,,,,,Andy Reid,Sean McVay,,LAX01,SoFi Stadium,,,,,,,,,0.10108616389334202,0.043476480059325695,0.25,0.14339085668325424,-2.059369385242462,,,,,,,,-0.14762526797130704,-0.04484347626566887,0.0,-0.27146925404667854,-7.535819619894028,0.24871143186464906,0.08831995632499456,0.25,0.4148601107299328,5.4764502346515656
2026_13_DET_ATL,2026,REG,13,2026-12-06,Sunday,13:00,DET,,ATL,,Home,,,,2026120600,,,202612060atl,,401873098,7199.0,10,7,,,,,,,,,0,,fieldturf,,,,,,,Dan Campbell,Raheem Morris,,ATL97,Mercedes-Benz Stadium,,,,,,,,,0.026229671202600002,-0.013629638939164579,0.75,0.03450413793325424,-1.3180734887719154,,,,,,,,-0.012020587921142578,0.04102831333875656,-1.0,-0.015518996864557266,-2.8427039086818695,0.03825025912374258,-0.05465795227792114,1.75,0.05002313479781151,1.524630419909954
2026_13_JAX_CHI,2026,REG,13,2026-12-06,Sunday,13:00,JAX,,CHI,,Home,,,,2026120601,,,202612060chi,,401873100,7200.0,7,10,,,,,,,,,0,outdoors,grass,,,,,,,Liam Coen,Ben Johnson,,CHI98,Soldier Field,,,,,,,,,0.11724787391722202,0.02106150984764099,1.25,0.1239835862070322,-0.1446668291464448,,,,,,,,0.20072505716234446,-0.10364845348522067,1.25,0.15993632923346013,7.679131671786308,-0.08347718324512243,0.12470996333286166,0.0,-0.035952743026427925,-7.823798500932753
2026_13_CIN_CLE,2026,REG,13,2026-12-06,Sunday,13:00,CIN,,CLE,,Home,,,,2026120602,,,202612060cle,,401873097,7201.0,7,7,,,,,,,,,1,outdoors,grass,,,,,,,Zac Taylor,Todd Monken,,CLE00,Huntington Bank Field,,,,,,,,,-0.171206159517169,-0.07962245898670517,-1.5,-0.23024611175060272,-1.7592626512050629,,,,,,,,0.06160377338528633,-0.0035656271502375603,0.25,0.0725066140294075,9.35154676437378,-0.23280993290245533,-0.07605683183646761,-1.75,-0.3027527257800102,-11.110809415578842
2026_13_GB_NO,2026,REG,13,2026-12-06,Sunday,13:00,GB,,NO,,Home,,,,2026120603,,,202612060nor,,401873099,7202.0,11,7,,,,,,,,,0,dome,sportturf,,,,,,,Matt LaFleur,Kellen Moore,,NOR00,Caesars Superdome,,,,,,,,,0.01557692838832736,-0.09282019548118114,0.25,0.05792773375287652,5.488721761852503,,,,,,,,0.0043812096118927,0.1516543896868825,-0.75,-0.0337989185936749,2.6330771446228027,0.01119571877643466,-0.24447458516806364,1.0,0.09172665234655142,2.8556446172297
2026_13_SF_NYG,2026,REG,13,2026-12-06,Sunday,13:00,SF,,NYG,,Home,,,,2026120604,,,202612060nyg,,401873095,7203.0,7,7,,,,,,,,,0,outdoors,fieldturf,,,,,,,Kyle Shanahan,John Harbaugh,,NYC01,MetLife Stadium,,,,,,,,,0.02890142798423767,-0.07231928547844291,1.25,0.003777008969336748,-3.0301066637039185,,,,,,,,0.12473947554826736,0.07803466590121388,-0.5,0.14412859454751015,10.283224523067474,-0.0958380475640297,-0.1503539513796568,1.75,-0.1403515855781734,-13.313331186771393
2026_13_LAC_TB,2026,REG,13,2026-12-06,Sunday,13:00,LAC,,TB,,Home,,,,2026120605,,,202612060tam,,401873101,7204.0,7,6,,,,,,,,,0,outdoors,grass,,,,,,,Jim Harbaugh,Todd Bowles,,TAM00,Raymond James Stadium,,,,,,,,,0.06344402441754937,0.07435525488108397,-0.5,0.05076735920738429,3.7540595829486847,,,,,,,,-0.04672765824943781,-0.05918296065647155,0.25,-0.05688102450221777,3.7013620138168335,0.11017168266698718,0.13353821553755552,-0.75,0.10764838370960206,0.052697569131851196
2026_13_WAS_TEN,2026,REG,13,2026-12-06,Sunday,13:00,WAS,,TEN,,Home,,,,2026120606,,,202612060oti,,401873102,7205.0,7,7,,,,,,,,,0,outdoors,grass,,,,,,,Dan Quinn,Robert Saleh,,NAS00,Nissan Stadium,,,,,,,,,-0.0261602895334363,0.10547547042369843,0.0,-0.06311077531427145,-0.4413588419556618,,,,,,,,0.044020510744303465,0.028414923697710037,-0.5,0.01221167843323201,1.5606838464736938,-0.07018080027773976,0.07706054672598839,0.5,-0.07532245374750346,-2.0020426884293556
2026_13_PHI_ARI,2026,REG,13,2026-12-06,Sunday,16:05,PHI,,ARI,,Home,,,,2026120607,,,202612060crd,,401873104,7206.0,10,7,,,,,,,,,0,,grass,,,,,,,Nick Sirianni,Jonathan Gannon,,PHO00,State Farm Stadium,,,,,,,,,-0.0023378668120130897,0.20943049155175686,-0.75,-0.00034667993895709515,-0.9848850667476654,,,,,,,,0.0625361930578947,-0.0951714189723134,0.75,0.0782999787479639,5.407427489757538,-0.0648740598699078,0.30460191052407026,-1.5,-0.078646658686921,-6.392312556505203
2026_13_MIA_DEN,2026,REG,13,2026-12-06,Sunday,16:05,MIA,,DEN,,Home,,,,2026120608,,,202612060den,,401873103,7207.0,7,9,,,,,,,,,0,outdoors,grass,,,,,,,Jeff Hafley,Sean Payton,,DEN00,Empower Field at Mile High,,,,,,,,,0.019012863282114267,-0.024924765806645155,0.0,0.010833430103957653,-0.9034513235092163,,,,,,,,-0.05229880753904581,0.1779502872377634,-0.75,-0.08354505244642496,4.60542319715023,0.07131167082116008,-0.20287505304440856,0.75,0.09437848255038261,-5.508874520659447
2026_13_CAR_MIN,2026,REG,13,2026-12-06,Sunday,16:25,CAR,,MIN,,Home,,,,2026120609,,,202612060min,,401873106,7208.0,6,7,,,,,,,,,0,dome,sportturf,,,,,,,Dave Canales,Kevin O'Connell,,MIN01,U.S. Bank Stadium,,,,,,,,,-0.002930295653641224,-0.17279392760246992,0.75,-0.037653736770153046,-0.9762297868728638,,,,,,,,-0.05269193183630705,0.03927266364917159,-0.5,-0.08035692991688848,4.490843892097473,0.049761636182665825,-0.2120665912516415,1.25,0.04270319314673543,-5.467073678970337
2026_13_BUF_NE,2026,REG,13,2026-12-06,Sunday,16:25,BUF,,NE,,Home,,,,2026120610,,,202612060nwe,,401873105,7209.0,10,7,,,,,,,,,1,outdoors,fieldturf,,,,,,,Sean McDermott,Mike Vrabel,,BOS00,Gillette Stadium,,,,,,,,,0.2207484133541584,-0.01394275389611721,0.5,0.32874413952231407,14.806120067834854,,,,,,,,0.09617788685136475,-0.030979452654719353,0.5,0.13893013074994087,5.453154265880585,0.12457052650279365,0.017036698758602142,0.0,0.1898140087723732,9.35296580195427
2026_13_HOU_PIT,2026,REG,13,2026-12-06,Sunday,20:20,HOU,,PIT,,Home,,,,2026120611,,,202612060pit,,401873107,7210.0,7,9,,,,,,,,,0,outdoors,grass,,,,,,,DeMeco Ryans,Mike McCarthy,,PIT00,Acrisure Stadium,,,,,,,,,0.041807105764746666,0.007858255878090858,0.75,0.07225933950394392,0.28438112139701843,,,,,,,,0.059546797536313534,-0.0657922551035881,1.25,-0.02015468291938305,-2.320218950510025,-0.017739691771566868,0.07365051098167896,-0.5,0.09241402242332697,2.6046000719070435
2026_13_DAL_SEA,2026,REG,13,2026-12-07,Monday,20:15,DAL,,SEA,,Home,,,,2026120700,,,202612070sea,,401873108,7211.0,11,8,,,,,,,,,0,outdoors,fieldturf,,,,,,,Brian Schottenheimer,Mike Macdonald,,SEA00,Lumen Field,,,,,,,,,0.013790918048471212,-0.14629614632576704,-0.25,0.0013795290142297745,2.393990620970726,,,,,,,,0.03884670871775597,0.2122781202197075,-0.25,0.05715180840343237,-3.8413690328598022,-0.02505579066928476,-0.35857426654547453,0.0,-0.055772279389202595,6.235359653830528
2026_14_MIN_NE,2026,REG,14,2026-12-10,Thursday,20:15,MIN,,NE,,Home,,,,2026121000,,,202612100nwe,,401873109,7212.0,4,4,,,,,,,,,0,outdoors,fieldturf,,,,,,,Kevin O'Connell,Mike Vrabel,,BOS00,Gillette Stadium,,,,,,,,,0.2207484133541584,-0.01394275389611721,0.5,0.32874413952231407,14.806120067834854,,,,,,,,-0.002930295653641224,-0.17279392760246992,0.75,-0.037653736770153046,-0.9762297868728638,0.22367870900779963,0.1588511737063527,-0.25,0.3663978762924671,15.782349854707718
2026_14_TB_BAL,2026,REG,14,2026-12-13,Sunday,13:00,TB,,BAL,,Home,,,,2026121300,,,202612130rav,,401873116,7213.0,7,14,,,,,,,,,0,outdoors,grass,,,,,,,Todd Bowles,Jesse Minter,,BAL00,M&T Bank Stadium,,,,,,,,,0.13961160369217396,0.011544639244675636,0.5,0.20462358184158802,9.019088506698608,,,,,,,,0.06344402441754937,0.07435525488108397,-0.5,0.05076735920738429,3.7540595829486847,0.07616757927462459,-0.06281061563640833,1.0,0.15385622263420373,5.265028923749924
2026_14_NO_CAR,2026,REG,14,2026-12-13,Sunday,13:00,NO,,CAR,,Home,,,,2026121301,,,202612130car,,401873115,7214.0,7,7,,,,,,,,,1,outdoors,grass,,,,,,,Kellen Moore,Dave Canales,,CAR00,Bank of America Stadium,,,,,,,,,-0.05269193183630705,0.03927266364917159,-0.5,-0.08035692991688848,4.490843892097473,,,,,,,,0.01557692838832736,-0.09282019548118114,0.25,0.05792773375287652,5.488721761852503,-0.06826886022463441,0.13209285913035274,-0.75,-0.138284663669765,-0.9978778697550297
2026_14_ATL_CLE,2026,REG,14,2026-12-13,Sunday,13:00,ATL,,CLE,,Home,,,,2026121302,,,202612130cle,,401873110,7215.0,7,7,,,,,,,,,0,outdoors,grass,,,,,,,Raheem Morris,Todd Monken,,CLE00,Huntington Bank Field,,,,,,,,,-0.171206159517169,-0.07962245898670517,-1.5,-0.23024611175060272,-1.7592626512050629,,,,,,,,0.026229671202600002,-0.013629638939164579,0.75,0.03450413793325424,-1.3180734887719154,-0.197435830719769,-0.06599282004754059,-2.25,-0.26475024968385696,-0.44118916243314743
2026_14_TEN_DET,2026,REG,14,2026-12-13,Sunday,13:00,TEN,,DET,,Home,,,,2026121303,,,202612130det,,401873117,7216.0,7,7,,,,,,,,,0,dome,fieldturf,,,,,,,Robert Saleh,Dan Campbell,,DET00,Ford Field,,,,,,,,,-0.012020587921142578,0.04102831333875656,-1.0,-0.015518996864557266,-2.8427039086818695,,,,,,,,-0.0261602895334363,0.10547547042369843,0.0,-0.06311077531427145,-0.4413588419556618,0.01413970161229372,-0.06444715708494186,-1.0,0.047591778449714184,-2.4013450667262077
2026_14_CHI_MIA,2026,REG,14,2026-12-13,Sunday,13:00,CHI,,MIA,,Home,,,,2026121304,,,202612130mia,,401873111,7217.0,7,7,,,,,,,,,0,outdoors,grass,,,,,,,Ben Johnson,Jeff Hafley,,MIA00,Hard Rock Stadium,,,,,,,,,-0.05229880753904581,0.1779502872377634,-0.75,-0.08354505244642496,4.60542319715023,,,,,,,,0.11724787391722202,0.02106150984764099,1.25,0.1239835862070322,-0.1446668291464448,-0.16954668145626783,0.1568887773901224,-2.0,-0.20752863865345716,4.750090026296675
2026_14_DEN_NYJ,2026,REG,14,2026-12-13,Sunday,13:00,DEN,,NYJ,,Home,,,,2026121305,,,202612130nyj,,401873112,7218.0,7,14,,,,,,,,,0,outdoors,fieldturf,,,,,,,Sean Payton,Aaron Glenn,,NYC01,MetLife Stadium,,,,,,,,,-0.15972543321549892,0.2392048924230039,-1.0,-0.24186793342232704,-8.641753435134888,,,,,,,,0.019012863282114267,-0.024924765806645155,0.0,0.010833430103957653,-0.9034513235092163,-0.1787382964976132,0.26412965822964907,-1.0,-0.2527013635262847,-7.738302111625671
2026_14_IND_PHI,2026,REG,14,2026-12-13,Sunday,13:00,IND,,PHI,,Home,,,,2026121306,,,202612130phi,,401873114,7219.0,14,7,,,,,,,,,0,outdoors,grass,,,,,,,Shane Steichen,Nick Sirianni,,PHI00,Lincoln Financial Field,,,,,,,,,0.0625361930578947,-0.0951714189723134,0.75,0.0782999787479639,5.407427489757538,,,,,,,,-0.02280588448047638,0.12039133347570896,-1.25,-0.10332497302442789,-2.7948121950030327,0.08534207753837109,-0.21556275244802237,2.0,0.1816249517723918,8.20223968476057
2026_14_HOU_WAS,2026,REG,14,2026-12-13,Sunday,13:00,HOU,,WAS,,Home,,,,2026121307,,,202612130was,,401873113,7220.0,7,7,,,,,,,,,0,outdoors,grass,,,,,,,DeMeco Ryans,Dan Quinn,,WAS00,Northwest Stadium,,,,,,,,,0.044020510744303465,0.028414923697710037,-0.5,0.01221167843323201,1.5606838464736938,,,,,,,,0.059546797536313534,-0.0657922551035881,1.25,-0.02015468291938305,-2.320218950510025,-0.015526286792010069,0.09420717880129814,-1.75,0.03236636135261506,3.880902796983719
2026_14_LAC_LV,2026,REG,14,2026-12-13,Sunday,16:05,LAC,,LV,,Home,,,,2026121308,,,202612130rai,,401873118,7221.0,7,14,,,,,,,,,1,dome,grass,,,,,,,Jim Harbaugh,Klint Kubliak,,VEG00,Allegiant Stadium,,,,,,,,,-0.20236766152083874,0.03923788759857416,-1.0,-0.2894011093303561,-5.841235399246216,,,,,,,,-0.04672765824943781,-0.05918296065647155,0.25,-0.05688102450221777,3.7013620138168335,-0.15564000327140093,0.09842084825504571,-1.25,-0.23252008482813835,-9.54259741306305
2026_14_KC_CIN,2026,REG,14,2026-12-13,Sunday,16:25,KC,,CIN,,Home,,,,2026121309,,,202612130cin,,401873119,7222.0,10,7,,,,,,,,,0,outdoors,fieldturf,,,,,,,Andy Reid,Zac Taylor,,CIN00,Paycor Stadium,,,,,,,,,0.06160377338528633,-0.0035656271502375603,0.25,0.0725066140294075,9.35154676437378,,,,,,,,-0.14762526797130704,-0.04484347626566887,0.0,-0.27146925404667854,-7.535819619894028,0.20922904135659337,0.04127784911543131,0.25,0.34397586807608604,16.887366384267807
2026_14_NYG_SEA,2026,REG,14,2026-12-13,Sunday,16:25,NYG,,SEA,,Home,,,,2026121310,,,202612130sea,,401873121,7223.0,7,6,,,,,,,,,0,outdoors,fieldturf,,,,,,,John Harbaugh,Mike Macdonald,,SEA00,Lumen Field,,,,,,,,,0.013790918048471212,-0.14629614632576704,-0.25,0.0013795290142297745,2.393990620970726,,,,,,,,0.02890142798423767,-0.07231928547844291,1.25,0.003777008969336748,-3.0301066637039185,-0.015110509935766459,-0.07397686084732413,-1.5,-0.0023974799551069736,5.4240972846746445
2026_14_LA_SF,2026,REG,14,2026-12-13,Sunday,16:25,LA,,SF,,Home,,,,2026121311,,,202612130sfo,,401873120,7224.0,10,7,,,,,,,,,1,outdoors,grass,,,,,,,Sean McVay,Kyle Shanahan,,SFO01,Levi's Stadium,,,,,,,,,0.12473947554826736,0.07803466590121388,-0.5,0.14412859454751015,10.283224523067474,,,,,,,,0.10108616389334202,0.043476480059325695,0.25,0.14339085668325424,-2.059369385242462,0.023653311654925346,0.03455818584188819,-0.75,0.0007377378642559052,12.342593908309937
2026_14_BUF_GB,2026,REG,14,2026-12-13,Sunday,20:20,BUF,,GB,,Home,,,,2026121312,,,202612130gnb,,401873122,7225.0,7,7,,,,,,,,,0,outdoors,grass,,,,,,,Sean McDermott,Matt LaFleur,,GNB00,Lambeau Field,,,,,,,,,0.0043812096118927,0.1516543896868825,-0.75,-0.0337989185936749,2.6330771446228027,,,,,,,,0.09617788685136475,-0.030979452654719353,0.5,0.13893013074994087,5.453154265880585,-0.09179667723947205,0.18263384234160185,-1.25,-0.17272904934361577,-2.820077121257782
2026_14_PIT_JAX,2026,REG,14,2026-12-14,Monday,20:15,PIT,,JAX,,Home,,,,2026121400,,,202612140jax,,401873123,7226.0,8,8,,,,,,,,,0,outdoors,grass,,,,,,,Mike McCarthy,Liam Coen,,JAX00,EverBank Stadium,,,,,,,,,0.20072505716234446,-0.10364845348522067,1.25,0.15993632923346013,7.679131671786308,,,,,,,,0.041807105764746666,0.007858255878090858,0.75,0.07225933950394392,0.28438112139701843,0.1589179513975978,-0.11150670936331153,0.5,0.08767698972951621,7.39475055038929
2026_15_SF_LAC,2026,REG,15,2026-12-17,Thursday,20:15,SF,,LAC,,Home,,,,2026121700,,,202612170sdg,,401873124,7227.0,4,4,,,,,,,,,0,dome,matrixturf,,,,,,,Kyle Shanahan,Jim Harbaugh,,LAX01,SoFi Stadium,,,,,,,,,-0.04672765824943781,-0.05918296065647155,0.25,-0.05688102450221777,3.7013620138168335,,,,,,,,0.12473947554826736,0.07803466590121388,-0.5,0.14412859454751015,10.283224523067474,-0.17146713379770517,-0.13721762655768543,0.75,-0.20100961904972792,-6.581862509250641
2026_15_SEA_PHI,2026,REG,15,2026-12-19,Saturday,17:00,SEA,,PHI,,Home,,,,2026121900,,,202612190phi,,401873125,7228.0,6,6,,,,,,,,,0,outdoors,grass,,,,,,,Mike Macdonald,Nick Sirianni,,PHI00,Lincoln Financial Field,,,,,,,,,0.0625361930578947,-0.0951714189723134,0.75,0.0782999787479639,5.407427489757538,,,,,,,,0.013790918048471212,-0.14629614632576704,-0.25,0.0013795290142297745,2.393990620970726,0.048745275009423494,0.051124727353453636,1.0,0.07692044973373413,3.013436868786812
2026_15_CHI_BUF,2026,REG,15,2026-12-19,Saturday,20:20,CHI,,BUF,,Home,,,,2026121901,,,202612190buf,,401873126,7229.0,6,6,,,,,,,,,0,outdoors,a_turf,,,,,,,Ben Johnson,Sean McDermott,,BUF00,Highmark Stadium,,,,,,,,,0.09617788685136475,-0.030979452654719353,0.5,0.13893013074994087,5.453154265880585,,,,,,,,0.11724787391722202,0.02106150984764099,1.25,0.1239835862070322,-0.1446668291464448,-0.021069987065857276,-0.052040962502360344,-0.75,0.014946544542908669,5.5978210950270295
2026_15_CIN_CAR,2026,REG,15,2026-12-20,Sunday,13:00,CIN,,CAR,,Home,,,,2026122000,,,202612200car,,401873129,7230.0,7,7,,,,,,,,,0,outdoors,grass,,,,,,,Zac Taylor,Dave Canales,,CAR00,Bank of America Stadium,,,,,,,,,-0.05269193183630705,0.03927266364917159,-0.5,-0.08035692991688848,4.490843892097473,,,,,,,,0.06160377338528633,-0.0035656271502375603,0.25,0.0725066140294075,9.35154676437378,-0.11429570522159338,0.04283829079940915,-0.75,-0.15286354394629598,-4.860702872276306
2026_15_MIA_GB,2026,REG,15,2026-12-20,Sunday,13:00,MIA,,GB,,Home,,,,2026122001,,,202612200gnb,,401873133,7231.0,7,7,,,,,,,,,0,outdoors,grass,,,,,,,Jeff Hafley,Matt LaFleur,,GNB00,Lambeau Field,,,,,,,,,0.0043812096118927,0.1516543896868825,-0.75,-0.0337989185936749,2.6330771446228027,,,,,,,,-0.05229880753904581,0.1779502872377634,-0.75,-0.08354505244642496,4.60542319715023,0.05668001715093851,-0.02629589755088091,0.0,0.04974613385275006,-1.9723460525274277
2026_15_JAX_HOU,2026,REG,15,2026-12-20,Sunday,13:00,JAX,,HOU,,Home,,,,2026122002,,,202612200htx,,401873132,7232.0,6,7,,,,,,,,,1,,astroturf,,,,,,,Liam Coen,DeMeco Ryans,,HOU00,Reliant Stadium,,,,,,,,,0.059546797536313534,-0.0657922551035881,1.25,-0.02015468291938305,-2.320218950510025,,,,,,,,0.20072505716234446,-0.10364845348522067,1.25,0.15993632923346013,7.679131671786308,-0.14117825962603092,0.037856198381632566,0.0,-0.18009101215284318,-9.999350622296333
2026_15_CLE_NYG,2026,REG,15,2026-12-20,Sunday,13:00,CLE,,NYG,,Home,,,,2026122003,,,202612200nyg,,401873130,7233.0,7,7,,,,,,,,,0,outdoors,fieldturf,,,,,,,Todd Monken,John Harbaugh,,NYC01,MetLife Stadium,,,,,,,,,0.02890142798423767,-0.07231928547844291,1.25,0.003777008969336748,-3.0301066637039185,,,,,,,,-0.171206159517169,-0.07962245898670517,-1.5,-0.23024611175060272,-1.7592626512050629,0.20010758750140667,0.007303173508262262,2.75,0.23402312071993947,-1.2708440124988556
2026_15_BAL_PIT,2026,REG,15,2026-12-20,Sunday,13:00,BAL,,PIT,,Home,,,,2026122004,,,202612200pit,,401873128,7234.0,7,6,,,,,,,,,1,outdoors,grass,,,,,,,Jesse Minter,Mike McCarthy,,PIT00,Acrisure Stadium,,,,,,,,,0.041807105764746666,0.007858255878090858,0.75,0.07225933950394392,0.28438112139701843,,,,,,,,0.13961160369217396,0.011544639244675636,0.5,0.20462358184158802,9.019088506698608,-0.09780449792742729,-0.003686383366584778,0.25,-0.1323642423376441,-8.73470738530159
2026_15_NO_TB,2026,REG,15,2026-12-20,Sunday,13:00,NO,,TB,,Home,,,,2026122005,,,202612200tam,,401873134,7235.0,7,7,,,,,,,,,1,outdoors,grass,,,,,,,Kellen Moore,Todd Bowles,,TAM00,Raymond James Stadium,,,,,,,,,0.06344402441754937,0.07435525488108397,-0.5,0.05076735920738429,3.7540595829486847,,,,,,,,0.01557692838832736,-0.09282019548118114,0.25,0.05792773375287652,5.488721761852503,0.04786709602922201,0.1671754503622651,-0.75,-0.007160374545492232,-1.7346621789038181
2026_15_IND_TEN,2026,REG,15,2026-12-20,Sunday,13:00,IND,,TEN,,Home,,,,2026122006,,,202612200oti,,401873131,7236.0,7,7,,,,,,,,,1,outdoors,grass,,,,,,,Shane Steichen,Robert Saleh,,NAS00,Nissan Stadium,,,,,,,,,-0.0261602895334363,0.10547547042369843,0.0,-0.06311077531427145,-0.4413588419556618,,,,,,,,-0.02280588448047638,0.12039133347570896,-1.25,-0.10332497302442789,-2.7948121950030327,-0.003354405052959919,-0.014915863052010536,1.25,0.04021419771015644,2.353453353047371
2026_15_ATL_WAS,2026,REG,15,2026-12-20,Sunday,13:00,ATL,,WAS,,Home,,,,2026122007,,,202612200was,,401873127,7237.0,7,7,,,,,,,,,0,outdoors,grass,,,,,,,Raheem Morris,Dan Quinn,,WAS00,Northwest Stadium,,,,,,,,,0.044020510744303465,0.028414923697710037,-0.5,0.01221167843323201,1.5606838464736938,,,,,,,,0.026229671202600002,-0.013629638939164579,0.75,0.03450413793325424,-1.3180734887719154,0.017790839541703463,0.042044562636874616,-1.25,-0.022292459500022233,2.8787573352456093
2026_15_NYJ_ARI,2026,REG,15,2026-12-20,Sunday,16:05,NYJ,,ARI,,Home,,,,2026122008,,,202612200crd,,401873135,7238.0,7,14,,,,,,,,,0,,grass,,,,,,,Aaron Glenn,Jonathan Gannon,,PHO00,State Farm Stadium,,,,,,,,,-0.0023378668120130897,0.20943049155175686,-0.75,-0.00034667993895709515,-0.9848850667476654,,,,,,,,-0.15972543321549892,0.2392048924230039,-1.0,-0.24186793342232704,-8.641753435134888,0.15738756640348583,-0.029774400871247053,0.25,0.24152125348336995,7.656868368387222
2026_15_DAL_LA,2026,REG,15,2026-12-20,Sunday,16:25,DAL,,LA,,Home,,,,2026122009,,,202612200ram,,401873136,7239.0,13,7,,,,,,,,,0,dome,matrixturf,,,,,,,Brian Schottenheimer,Sean McVay,,LAX01,SoFi Stadium,,,,,,,,,0.10108616389334202,0.043476480059325695,0.25,0.14339085668325424,-2.059369385242462,,,,,,,,0.03884670871775597,0.2122781202197075,-0.25,0.05715180840343237,-3.8413690328598022,0.062239455175586045,-0.1688016401603818,0.5,0.08623904827982187,1.78199964761734
2026_15_DEN_LV,2026,REG,15,2026-12-20,Sunday,16:25,DEN,,LV,,Home,,,,2026122010,,,202612200rai,,401873137,7240.0,7,7,,,,,,,,,1,dome,grass,,,,,,,Sean Payton,Klint Kubliak,,VEG00,Allegiant Stadium,,,,,,,,,-0.20236766152083874,0.03923788759857416,-1.0,-0.2894011093303561,-5.841235399246216,,,,,,,,0.019012863282114267,-0.024924765806645155,0.0,0.010833430103957653,-0.9034513235092163,-0.221380524802953,0.06416265340521932,-1.0,-0.3002345394343138,-4.9377840757369995
2026_15_DET_MIN,2026,REG,15,2026-12-20,Sunday,20:20,DET,,MIN,,Home,,,,2026122011,,,202612200min,,401873138,7241.0,7,10,,,,,,,,,1,dome,sportturf,,,,,,,Dan Campbell,Kevin O'Connell,,MIN01,U.S. Bank Stadium,,,,,,,,,-0.002930295653641224,-0.17279392760246992,0.75,-0.037653736770153046,-0.9762297868728638,,,,,,,,-0.012020587921142578,0.04102831333875656,-1.0,-0.015518996864557266,-2.8427039086818695,0.009090292267501354,-0.21382224094122648,1.75,-0.02213473990559578,1.8664741218090057
2026_15_NE_KC,2026,REG,15,2026-12-21,Monday,20:15,NE,,KC,,Home,,,,2026122100,,,202612210kan,,401873139,7242.0,11,8,,,,,,,,,0,outdoors,grass,,,,,,,Mike Vrabel,Andy Reid,,KAN00,GEHA Field at Arrowhead Stadium,,,,,,,,,-0.14762526797130704,-0.04484347626566887,0.0,-0.27146925404667854,-7.535819619894028,,,,,,,,0.2207484133541584,-0.01394275389611721,0.5,0.32874413952231407,14.806120067834854,-0.36837368132546544,-0.03090072236955166,-0.5,-0.6002133935689926,-22.341939687728882
2026_16_HOU_PHI,2026,REG,16,2026-12-24,Thursday,20:15,HOU,,PHI,,Home,,,,2026122400,,,202612240phi,,401873140,7243.0,4,5,,,,,,,,,0,outdoors,grass,,,,,,,DeMeco Ryans,Nick Sirianni,,PHI00,Lincoln Financial Field,,,,,,,,,0.0625361930578947,-0.0951714189723134,0.75,0.0782999787479639,5.407427489757538,,,,,,,,0.059546797536313534,-0.0657922551035881,1.25,-0.02015468291938305,-2.320218950510025,0.002989395521581173,-0.0293791638687253,-0.5,0.09845466166734695,7.727646440267563
2026_16_GB_CHI,2026,REG,16,2026-12-25,Friday,13:00,GB,,CHI,,Home,,,,2026122500,,,202612250chi,,401873141,7244.0,5,6,,,,,,,,,1,outdoors,grass,,,,,,,Matt LaFleur,Ben Johnson,,CHI98,Soldier Field,,,,,,,,,0.11724787391722202,0.02106150984764099,1.25,0.1239835862070322,-0.1446668291464448,,,,,,,,0.0043812096118927,0.1516543896868825,-0.75,-0.0337989185936749,2.6330771446228027,0.11286666430532932,-0.1305928798392415,2.0,0.1577825048007071,-2.7777439737692475
2026_16_BUF_DEN,2026,REG,16,2026-12-25,Friday,16:30,BUF,,DEN,,Home,,,,2026122501,,,202612250den,,401873142,7245.0,6,5,,,,,,,,,0,outdoors,grass,,,,,,,Sean McDermott,Sean Payton,,DEN00,Empower Field at Mile High,,,,,,,,,0.019012863282114267,-0.024924765806645155,0.0,0.010833430103957653,-0.9034513235092163,,,,,,,,0.09617788685136475,-0.030979452654719353,0.5,0.13893013074994087,5.453154265880585,-0.07716502356925048,0.006054686848074198,-0.5,-0.12809670064598322,-6.356605589389801
2026_16_LA_SEA,2026,REG,16,2026-12-25,Friday,20:15,LA,,SEA,,Home,,,,2026122502,,,202612250sea,,401873143,7246.0,5,6,,,,,,,,,1,outdoors,fieldturf,,,,,,,Sean McVay,Mike Macdonald,,SEA00,Lumen Field,,,,,,,,,0.013790918048471212,-0.14629614632576704,-0.25,0.0013795290142297745,2.393990620970726,,,,,,,,0.10108616389334202,0.043476480059325695,0.25,0.14339085668325424,-2.059369385242462,-0.0872952458448708,-0.18977262638509274,-0.5,-0.14201132766902447,4.453360006213188
2026_16_TB_ATL,2026,REG,16,2026-12-27,Sunday,13:00,TB,,ATL,,Home,,,,2026122700,,,202612270atl,,401873146,7247.0,7,7,,,,,,,,,1,,fieldturf,,,,,,,Todd Bowles,Raheem Morris,,ATL97,Mercedes-Benz Stadium,,,,,,,,,0.026229671202600002,-0.013629638939164579,0.75,0.03450413793325424,-1.3180734887719154,,,,,,,,0.06344402441754937,0.07435525488108397,-0.5,0.05076735920738429,3.7540595829486847,-0.03721435321494937,-0.08798489382024854,1.25,-0.016263221274130046,-5.0721330717206
2026_16_CLE_BAL,2026,REG,16,2026-12-27,Sunday,13:00,CLE,,BAL,,Home,,,,2026122700,,,202612270rav,,401873149,7248.0,7,7,,,,,,,,,1,outdoors,grass,,,,,,,Todd Monken,Jesse Minter,,BAL00,M&T Bank Stadium,,,,,,,,,0.13961160369217396,0.011544639244675636,0.5,0.20462358184158802,9.019088506698608,,,,,,,,-0.171206159517169,-0.07962245898670517,-1.5,-0.23024611175060272,-1.7592626512050629,0.31081776320934296,0.0911670982313808,2.0,0.43486969359219074,10.778351157903671
2026_16_CIN_IND,2026,REG,16,2026-12-27,Sunday,13:00,CIN,,IND,,Home,,,,2026122701,,,202612270clt,,401873145,7249.0,7,7,,,,,,,,,0,,fieldturf,,,,,,,Zac Taylor,Shane Steichen,,IND00,Lucas Oil Stadium,,,,,,,,,-0.02280588448047638,0.12039133347570896,-1.25,-0.10332497302442789,-2.7948121950030327,,,,,,,,0.06160377338528633,-0.0035656271502375603,0.25,0.0725066140294075,9.35154676437378,-0.08440965786576271,0.12395696062594652,-1.5,-0.1758315870538354,-12.146358959376812
2026_16_LAC_MIA,2026,REG,16,2026-12-27,Sunday,13:00,LAC,,MIA,,Home,,,,2026122701,,,202612270mia,,401873150,7250.0,10,7,,,,,,,,,0,outdoors,grass,,,,,,,Jim Harbaugh,Jeff Hafley,,MIA00,Hard Rock Stadium,,,,,,,,,-0.05229880753904581,0.1779502872377634,-0.75,-0.08354505244642496,4.60542319715023,,,,,,,,-0.04672765824943781,-0.05918296065647155,0.25,-0.05688102450221777,3.7013620138168335,-0.005571149289608002,0.23713324789423496,-1.0,-0.02666402794420719,0.9040611833333969
2026_16_WAS_MIN,2026,REG,16,2026-12-27,Sunday,13:00,WAS,,MIN,,Home,,,,2026122702,,,202612270min,,401873147,7251.0,7,7,,,,,,,,,0,dome,sportturf,,,,,,,Dan Quinn,Kevin O'Connell,,MIN01,U.S. Bank Stadium,,,,,,,,,-0.002930295653641224,-0.17279392760246992,0.75,-0.037653736770153046,-0.9762297868728638,,,,,,,,0.044020510744303465,0.028414923697710037,-0.5,0.01221167843323201,1.5606838464736938,-0.04695080639794469,-0.20120885130017996,1.25,-0.049865415203385055,-2.5369136333465576
2026_16_ARI_NO,2026,REG,16,2026-12-27,Sunday,13:00,ARI,,NO,,Home,,,,2026122702,,,202612270nor,,401873148,7252.0,7,7,,,,,,,,,0,dome,sportturf,,,,,,,Jonathan Gannon,Kellen Moore,,NOR00,Caesars Superdome,,,,,,,,,0.01557692838832736,-0.09282019548118114,0.25,0.05792773375287652,5.488721761852503,,,,,,,,-0.0023378668120130897,0.20943049155175686,-0.75,-0.00034667993895709515,-0.9848850667476654,0.01791479520034045,-0.302250687032938,1.0,0.058274413691833615,6.473606828600168
2026_16_NE_NYJ,2026,REG,16,2026-12-27,Sunday,13:00,NE,,NYJ,,Home,,,,2026122703,,,202612270nyj,,401873151,7253.0,6,7,,,,,,,,,1,outdoors,fieldturf,,,,,,,Mike Vrabel,Aaron Glenn,,NYC01,MetLife Stadium,,,,,,,,,-0.15972543321549892,0.2392048924230039,-1.0,-0.24186793342232704,-8.641753435134888,,,,,,,,0.2207484133541584,-0.01394275389611721,0.5,0.32874413952231407,14.806120067834854,-0.3804738465696573,0.2531476463191211,-1.5,-0.5706120729446411,-23.447873502969742
2026_16_CAR_PIT,2026,REG,16,2026-12-27,Sunday,13:00,CAR,,PIT,,Home,,,,2026122703,,,202612270pit,,401873144,7254.0,7,7,,,,,,,,,0,outdoors,grass,,,,,,,Dave Canales,Mike McCarthy,,PIT00,Acrisure Stadium,,,,,,,,,0.041807105764746666,0.007858255878090858,0.75,0.07225933950394392,0.28438112139701843,,,,,,,,-0.05269193183630705,0.03927266364917159,-0.5,-0.08035692991688848,4.490843892097473,0.09449903760105371,-0.03141440777108073,1.25,0.1526162694208324,-4.206462770700455
2026_16_TEN_LV,2026,REG,16,2026-12-27,Sunday,16:05,TEN,,LV,,Home,,,,2026122704,,,202612270rai,,401873152,7255.0,7,7,,,,,,,,,0,dome,grass,,,,,,,Robert Saleh,Klint Kubliak,,VEG00,Allegiant Stadium,,,,,,,,,-0.20236766152083874,0.03923788759857416,-1.0,-0.2894011093303561,-5.841235399246216,,,,,,,,-0.0261602895334363,0.10547547042369843,0.0,-0.06311077531427145,-0.4413588419556618,-0.17620737198740244,-0.06623758282512426,-1.0,-0.22629033401608467,-5.399876557290554
2026_16_SF_KC,2026,REG,16,2026-12-27,Sunday,16:25,SF,,KC,,Home,,,,2026122705,,,202612270kan,,401873153,7256.0,10,6,,,,,,,,,0,outdoors,grass,,,,,,,Kyle Shanahan,Andy Reid,,KAN00,GEHA Field at Arrowhead Stadium,,,,,,,,,-0.14762526797130704,-0.04484347626566887,0.0,-0.27146925404667854,-7.535819619894028,,,,,,,,0.12473947554826736,0.07803466590121388,-0.5,0.14412859454751015,10.283224523067474,-0.2723647435195744,-0.12287814216688275,0.5,-0.4155978485941887,-17.819044142961502
2026_16_JAX_DAL,2026,REG,16,2026-12-27,Sunday,20:20,JAX,,DAL,,Home,,,,2026122706,,,202612270dal,,401873154,7257.0,7,7,,,,,,,,,0,,matrixturf,,,,,,,Liam Coen,Brian Schottenheimer,,DAL00,AT&T Stadium,,,,,,,,,0.03884670871775597,0.2122781202197075,-0.25,0.05715180840343237,-3.8413690328598022,,,,,,,,0.20072505716234446,-0.10364845348522067,1.25,0.15993632923346013,7.679131671786308,-0.16187834844458848,0.31592657370492816,-1.5,-0.10278452083002776,-11.52050070464611
2026_16_NYG_DET,2026,REG,16,2026-12-28,Monday,20:15,NYG,,DET,,Home,,,,2026122800,,,202612280det,,401873155,7258.0,8,8,,,,,,,,,0,dome,fieldturf,,,,,,,John Harbaugh,Dan Campbell,,DET00,Ford Field,,,,,,,,,-0.012020587921142578,0.04102831333875656,-1.0,-0.015518996864557266,-2.8427039086818695,,,,,,,,0.02890142798423767,-0.07231928547844291,1.25,0.003777008969336748,-3.0301066637039185,-0.04092201590538025,0.11334759881719947,-2.25,-0.019296005833894014,0.18740275502204895
2026_17_BAL_CIN,2026,REG,17,2026-12-31,Thursday,20:15,BAL,,CIN,,Home,,,,2026123100,,,202612310cin,,401873156,7259.0,4,4,,,,,,,,,1,outdoors,fieldturf,,,,,,,Jesse Minter,Zac Taylor,,CIN00,Paycor Stadium,,,,,,,,,0.06160377338528633,-0.0035656271502375603,0.25,0.0725066140294075,9.35154676437378,,,,,,,,0.13961160369217396,0.011544639244675636,0.5,0.20462358184158802,9.019088506698608,-0.07800783030688763,-0.015110266394913197,-0.25,-0.13211696781218052,0.3324582576751709
2026_17_NO_ATL,2026,REG,17,2027-01-03,Sunday,13:00,NO,,ATL,,Home,,,,2027010300,,,202701030atl,,401873164,7260.0,7,7,,,,,,,,,1,,fieldturf,,,,,,,Kellen Moore,Raheem Morris,,ATL97,Mercedes-Benz Stadium,,,,,,,,,0.026229671202600002,-0.013629638939164579,0.75,0.03450413793325424,-1.3180734887719154,,,,,,,,0.01557692838832736,-0.09282019548118114,0.25,0.05792773375287652,5.488721761852503,0.010652742814272642,0.07919055654201657,0.5,-0.023423595819622278,-6.806795250624418
2026_17_SEA_CAR,2026,REG,17,2027-01-03,Sunday,13:00,SEA,,CAR,,Home,,,,2027010301,,,202701030car,,401873167,7261.0,9,7,,,,,,,,,0,outdoors,grass,,,,,,,Mike Macdonald,Dave Canales,,CAR00,Bank of America Stadium,,,,,,,,,-0.05269193183630705,0.03927266364917159,-0.5,-0.08035692991688848,4.490843892097473,,,,,,,,0.013790918048471212,-0.14629614632576704,-0.25,0.0013795290142297745,2.393990620970726,-0.06648284988477826,0.18556880997493863,-0.25,-0.08173645893111825,2.096853271126747
2026_17_IND_CLE,2026,REG,17,2027-01-03,Sunday,13:00,IND,,CLE,,Home,,,,2027010302,,,202701030cle,,401873162,7262.0,7,7,,,,,,,,,0,outdoors,grass,,,,,,,Shane Steichen,Todd Monken,,CLE00,Huntington Bank Field,,,,,,,,,-0.171206159517169,-0.07962245898670517,-1.5,-0.23024611175060272,-1.7592626512050629,,,,,,,,-0.02280588448047638,0.12039133347570896,-1.25,-0.10332497302442789,-2.7948121950030327,-0.14840027503669262,-0.20001379246241413,-0.25,-0.12692113872617483,1.0355495437979698
2026_17_NYG_DAL,2026,REG,17,2027-01-03,Sunday,13:00,NYG,,DAL,,Home,,,,2027010303,,,202701030dal,,401873165,7263.0,6,7,,,,,,,,,1,,matrixturf,,,,,,,John Harbaugh,Brian Schottenheimer,,DAL00,AT&T Stadium,,,,,,,,,0.03884670871775597,0.2122781202197075,-0.25,0.05715180840343237,-3.8413690328598022,,,,,,,,0.02890142798423767,-0.07231928547844291,1.25,0.003777008969336748,-3.0301066637039185,0.009945280733518302,0.2845974056981504,-1.5,0.05337479943409562,-0.8112623691558838
2026_17_WAS_JAX,2026,REG,17,2027-01-03,Sunday,13:00,WAS,,JAX,,Home,,,,2027010300,,,202701030jax,,401873160,7264.0,7,7,,,,,,,,,0,outdoors,grass,,,,,,,Dan Quinn,Liam Coen,,JAX00,EverBank Stadium,,,,,,,,,0.20072505716234446,-0.10364845348522067,1.25,0.15993632923346013,7.679131671786308,,,,,,,,0.044020510744303465,0.028414923697710037,-0.5,0.01221167843323201,1.5606838464736938,0.156704546418041,-0.1320633771829307,1.75,0.14772465080022812,6.118447825312614
2026_17_KC_LAC,2026,REG,17,2027-01-03,Sunday,13:00,KC,,LAC,,Home,,,,2027010301,,,202701030sdg,,401873158,7265.0,7,7,,,,,,,,,1,dome,matrixturf,,,,,,,Andy Reid,Jim Harbaugh,,LAX01,SoFi Stadium,,,,,,,,,-0.04672765824943781,-0.05918296065647155,0.25,-0.05688102450221777,3.7013620138168335,,,,,,,,-0.14762526797130704,-0.04484347626566887,0.0,-0.27146925404667854,-7.535819619894028,0.10089760972186923,-0.014339484390802681,0.25,0.21458822954446077,11.237181633710861
2026_17_BUF_MIA,2026,REG,17,2027-01-03,Sunday,13:00,BUF,,MIA,,Home,,,,2027010304,,,202701030mia,,401873161,7266.0,9,7,,,,,,,,,1,outdoors,grass,,,,,,,Sean McDermott,Jeff Hafley,,MIA00,Hard Rock Stadium,,,,,,,,,-0.05229880753904581,0.1779502872377634,-0.75,-0.08354505244642496,4.60542319715023,,,,,,,,0.09617788685136475,-0.030979452654719353,0.5,0.13893013074994087,5.453154265880585,-0.14847669439041056,0.20892973989248276,-1.25,-0.22247518319636583,-0.8477310687303543
2026_17_DEN_NE,2026,REG,17,2027-01-03,Sunday,13:00,DEN,,NE,,Home,,,,2027010302,,,202701030nwe,,401873157,7267.0,9,7,,,,,,,,,0,outdoors,fieldturf,,,,,,,Sean Payton,Mike Vrabel,,BOS00,Gillette Stadium,,,,,,,,,0.2207484133541584,-0.01394275389611721,0.5,0.32874413952231407,14.806120067834854,,,,,,,,0.019012863282114267,-0.024924765806645155,0.0,0.010833430103957653,-0.9034513235092163,0.20173555007204413,0.010982011910527945,0.5,0.3179107094183564,15.70957139134407
2026_17_MIN_NYJ,2026,REG,17,2027-01-03,Sunday,13:00,MIN,,NYJ,,Home,,,,2027010305,,,202701030nyj,,401873163,7268.0,7,7,,,,,,,,,0,outdoors,fieldturf,,,,,,,Kevin O'Connell,Aaron Glenn,,NYC01,MetLife Stadium,,,,,,,,,-0.15972543321549892,0.2392048924230039,-1.0,-0.24186793342232704,-8.641753435134888,,,,,,,,-0.002930295653641224,-0.17279392760246992,0.75,-0.037653736770153046,-0.9762297868728638,-0.1567951375618577,0.41199882002547383,-1.75,-0.204214196652174,-7.665523648262024
2026_17_LA_TB,2026,REG,17,2027-01-03,Sunday,13:00,LA,,TB,,Home,,,,2027010303,,,202701030tam,,401873159,7269.0,9,7,,,,,,,,,0,outdoors,grass,,,,,,,Sean McVay,Todd Bowles,,TAM00,Raymond James Stadium,,,,,,,,,0.06344402441754937,0.07435525488108397,-0.5,0.05076735920738429,3.7540595829486847,,,,,,,,0.10108616389334202,0.043476480059325695,0.25,0.14339085668325424,-2.059369385242462,-0.037642139475792646,0.03087877482175827,-0.75,-0.09262349747586995,5.813428968191147
2026_17_PIT_TEN,2026,REG,17,2027-01-03,Sunday,13:00,PIT,,TEN,,Home,,,,2027010306,,,202701030oti,,401873166,7270.0,7,7,,,,,,,,,0,outdoors,grass,,,,,,,Mike McCarthy,Robert Saleh,,NAS00,Nissan Stadium,,,,,,,,,-0.0261602895334363,0.10547547042369843,0.0,-0.06311077531427145,-0.4413588419556618,,,,,,,,0.041807105764746666,0.007858255878090858,0.75,0.07225933950394392,0.28438112139701843,-0.06796739529818296,0.09761721454560757,-0.75,-0.13537011481821537,-0.7257399633526802
2026_17_LV_ARI,2026,REG,17,2027-01-03,Sunday,16:05,LV,,ARI,,Home,,,,2027010307,,,202701030crd,,401873168,7271.0,7,7,,,,,,,,,0,,grass,,,,,,,Klint Kubliak,Jonathan Gannon,,PHO00,State Farm Stadium,,,,,,,,,-0.0023378668120130897,0.20943049155175686,-0.75,-0.00034667993895709515,-0.9848850667476654,,,,,,,,-0.20236766152083874,0.03923788759857416,-1.0,-0.2894011093303561,-5.841235399246216,0.20002979470882565,0.1701926039531827,0.25,0.289054429391399,4.85635033249855
2026_17_DET_CHI,2026,REG,17,2027-01-03,Sunday,16:25,DET,,CHI,,Home,,,,2027010308,,,202701030chi,,401873169,7272.0,6,9,,,,,,,,,1,outdoors,grass,,,,,,,Dan Campbell,Ben Johnson,,CHI98,Soldier Field,,,,,,,,,0.11724787391722202,0.02106150984764099,1.25,0.1239835862070322,-0.1446668291464448,,,,,,,,-0.012020587921142578,0.04102831333875656,-1.0,-0.015518996864557266,-2.8427039086818695,0.1292684618383646,-0.01996680349111557,2.25,0.13950258307158947,2.6980370795354247
2026_17_PHI_SF,2026,REG,17,2027-01-03,Sunday,20:20,PHI,,SF,,Home,,,,2027010309,,,202701030sfo,,401873170,7273.0,10,7,,,,,,,,,0,outdoors,grass,,,,,,,Nick Sirianni,Kyle Shanahan,,SFO01,Levi's Stadium,,,,,,,,,0.12473947554826736,0.07803466590121388,-0.5,0.14412859454751015,10.283224523067474,,,,,,,,0.0625361930578947,-0.0951714189723134,0.75,0.0782999787479639,5.407427489757538,0.06220328249037266,0.1732060848735273,-1.25,0.06582861579954624,4.8757970333099365
2026_17_HOU_GB,2026,REG,17,2027-01-04,Monday,20:15,HOU,,GB,,Home,,,,2027010400,,,202701040gnb,,401873171,7274.0,11,10,,,,,,,,,0,outdoors,grass,,,,,,,DeMeco Ryans,Matt LaFleur,,GNB00,Lambeau Field,,,,,,,,,0.0043812096118927,0.1516543896868825,-0.75,-0.0337989185936749,2.6330771446228027,,,,,,,,0.059546797536313534,-0.0657922551035881,1.25,-0.02015468291938305,-2.320218950510025,-0.055165587924420834,0.2174466447904706,-2.0,-0.01364423567429185,4.953296095132828
2026_18_SF_ARI,2026,REG,18,2027-01-10,Sunday,13:00,SF,,ARI,,Home,,,,2027011000,,,202701100crd,,401873184,7275.0,7,7,,,,,,,,,1,,grass,,,,,,,Kyle Shanahan,Jonathan Gannon,,PHO00,State Farm Stadium,,,,,,,,,-0.0023378668120130897,0.20943049155175686,-0.75,-0.00034667993895709515,-0.9848850667476654,,,,,,,,0.12473947554826736,0.07803466590121388,-0.5,0.14412859454751015,10.283224523067474,-0.12707734236028045,0.13139582565054297,-0.25,-0.14447527448646724,-11.26810958981514
2026_18_PIT_BAL,2026,REG,18,2027-01-10,Sunday,13:00,PIT,,BAL,,Home,,,,2027011001,,,202701100rav,,401873183,7276.0,7,10,,,,,,,,,1,outdoors,grass,,,,,,,Mike McCarthy,Jesse Minter,,BAL00,M&T Bank Stadium,,,,,,,,,0.13961160369217396,0.011544639244675636,0.5,0.20462358184158802,9.019088506698608,,,,,,,,0.041807105764746666,0.007858255878090858,0.75,0.07225933950394392,0.28438112139701843,0.09780449792742729,0.003686383366584778,-0.25,0.1323642423376441,8.73470738530159
2026_18_NYJ_BUF,2026,REG,18,2027-01-10,Sunday,13:00,NYJ,,BUF,,Home,,,,2027011002,,,202701100buf,,401873181,7277.0,7,7,,,,,,,,,1,outdoors,a_turf,,,,,,,Aaron Glenn,Sean McDermott,,BUF00,Highmark Stadium,,,,,,,,,0.09617788685136475,-0.030979452654719353,0.5,0.13893013074994087,5.453154265880585,,,,,,,,-0.15972543321549892,0.2392048924230039,-1.0,-0.24186793342232704,-8.641753435134888,0.25590332006686367,-0.27018434507772326,1.5,0.3807980641722679,14.094907701015472
2026_18_ATL_CAR,2026,REG,18,2027-01-10,Sunday,13:00,ATL,,CAR,,Home,,,,2027011003,,,202701100car,,401873172,7278.0,7,7,,,,,,,,,1,outdoors,grass,,,,,,,Raheem Morris,Dave Canales,,CAR00,Bank of America Stadium,,,,,,,,,-0.05269193183630705,0.03927266364917159,-0.5,-0.08035692991688848,4.490843892097473,,,,,,,,0.026229671202600002,-0.013629638939164579,0.75,0.03450413793325424,-1.3180734887719154,-0.07892160303890705,0.05290230258833617,-1.25,-0.11486106785014272,5.808917380869389
2026_18_CLE_CIN,2026,REG,18,2027-01-10,Sunday,13:00,CLE,,CIN,,Home,,,,2027011004,,,202701100cin,,401873174,7279.0,7,10,,,,,,,,,1,outdoors,fieldturf,,,,,,,Todd Monken,Zac Taylor,,CIN00,Paycor Stadium,,,,,,,,,0.06160377338528633,-0.0035656271502375603,0.25,0.0725066140294075,9.35154676437378,,,,,,,,-0.171206159517169,-0.07962245898670517,-1.5,-0.23024611175060272,-1.7592626512050629,0.23280993290245533,0.07605683183646761,1.75,0.3027527257800102,11.110809415578842
2026_18_LAC_DEN,2026,REG,18,2027-01-10,Sunday,13:00,LAC,,DEN,,Home,,,,2027011005,,,202701100den,,401873179,7280.0,7,7,,,,,,,,,1,outdoors,grass,,,,,,,Jim Harbaugh,Sean Payton,,DEN00,Empower Field at Mile High,,,,,,,,,0.019012863282114267,-0.024924765806645155,0.0,0.010833430103957653,-0.9034513235092163,,,,,,,,-0.04672765824943781,-0.05918296065647155,0.25,-0.05688102450221777,3.7013620138168335,0.06574052153155208,0.034258194849826396,-0.25,0.06771445460617542,-4.60481333732605
2026_18_DET_GB,2026,REG,18,2027-01-10,Sunday,13:00,DET,,GB,,Home,,,,2027011006,,,202701100gnb,,401873176,7281.0,7,6,,,,,,,,,1,outdoors,grass,,,,,,,Dan Campbell,Matt LaFleur,,GNB00,Lambeau Field,,,,,,,,,0.0043812096118927,0.1516543896868825,-0.75,-0.0337989185936749,2.6330771446228027,,,,,,,,-0.012020587921142578,0.04102831333875656,-1.0,-0.015518996864557266,-2.8427039086818695,0.01640179753303528,0.11062607634812593,0.25,-0.018279921729117632,5.475781053304672
2026_18_TEN_HOU,2026,REG,18,2027-01-10,Sunday,13:00,TEN,,HOU,,Home,,,,2027011007,,,202701100htx,,401873187,7282.0,7,6,,,,,,,,,1,,astroturf,,,,,,,Robert Saleh,DeMeco Ryans,,HOU00,Reliant Stadium,,,,,,,,,0.059546797536313534,-0.0657922551035881,1.25,-0.02015468291938305,-2.320218950510025,,,,,,,,-0.0261602895334363,0.10547547042369843,0.0,-0.06311077531427145,-0.4413588419556618,0.08570708706974983,-0.17126772552728653,1.25,0.0429560923948884,-1.8788601085543633
2026_18_JAX_IND,2026,REG,18,2027-01-10,Sunday,13:00,JAX,,IND,,Home,,,,2027011008,,,202701100clt,,401873177,7283.0,7,7,,,,,,,,,1,,fieldturf,,,,,,,Liam Coen,Shane Steichen,,IND00,Lucas Oil Stadium,,,,,,,,,-0.02280588448047638,0.12039133347570896,-1.25,-0.10332497302442789,-2.7948121950030327,,,,,,,,0.20072505716234446,-0.10364845348522067,1.25,0.15993632923346013,7.679131671786308,-0.22353094164282084,0.22403978696092963,-2.5,-0.263261302257888,-10.473943866789341
2026_18_LV_KC,2026,REG,18,2027-01-10,Sunday,13:00,LV,,KC,,Home,,,,2027011009,,,202701100kan,,401873178,7284.0,7,7,,,,,,,,,1,outdoors,grass,,,,,,,Klint Kubliak,Andy Reid,,KAN00,GEHA Field at Arrowhead Stadium,,,,,,,,,-0.14762526797130704,-0.04484347626566887,0.0,-0.27146925404667854,-7.535819619894028,,,,,,,,-0.20236766152083874,0.03923788759857416,-1.0,-0.2894011093303561,-5.841235399246216,0.0547423935495317,-0.08408136386424303,1.0,0.017931855283677578,-1.694584220647812
2026_18_SEA_LA,2026,REG,18,2027-01-10,Sunday,13:00,SEA,,LA,,Home,,,,2027011010,,,202701100ram,,401873185,7285.0,7,7,,,,,,,,,1,dome,matrixturf,,,,,,,Mike Macdonald,Sean McVay,,LAX01,SoFi Stadium,,,,,,,,,0.10108616389334202,0.043476480059325695,0.25,0.14339085668325424,-2.059369385242462,,,,,,,,0.013790918048471212,-0.14629614632576704,-0.25,0.0013795290142297745,2.393990620970726,0.0872952458448708,0.18977262638509274,0.5,0.14201132766902447,-4.453360006213188
2026_18_CHI_MIN,2026,REG,18,2027-01-10,Sunday,13:00,CHI,,MIN,,Home,,,,2027011011,,,202701100min,,401873173,7286.0,7,7,,,,,,,,,1,dome,sportturf,,,,,,,Ben Johnson,Kevin O'Connell,,MIN01,U.S. Bank Stadium,,,,,,,,,-0.002930295653641224,-0.17279392760246992,0.75,-0.037653736770153046,-0.9762297868728638,,,,,,,,0.11724787391722202,0.02106150984764099,1.25,0.1239835862070322,-0.1446668291464448,-0.12017816957086325,-0.1938554374501109,-0.5,-0.16163732297718525,-0.831562957726419
2026_18_MIA_NE,2026,REG,18,2027-01-10,Sunday,13:00,MIA,,NE,,Home,,,,2027011012,,,202701100nwe,,401873180,7287.0,7,7,,,,,,,,,1,outdoors,fieldturf,,,,,,,Jeff Hafley,Mike Vrabel,,BOS00,Gillette Stadium,,,,,,,,,0.2207484133541584,-0.01394275389611721,0.5,0.32874413952231407,14.806120067834854,,,,,,,,-0.05229880753904581,0.1779502872377634,-0.75,-0.08354505244642496,4.60542319715023,0.2730472208932042,-0.19189304113388062,1.25,0.41228919196873903,10.200696870684624
2026_18_TB_NO,2026,REG,18,2027-01-10,Sunday,13:00,TB,,NO,,Home,,,,2027011013,,,202701100nor,,401873186,7288.0,7,7,,,,,,,,,1,dome,sportturf,,,,,,,Todd Bowles,Kellen Moore,,NOR00,Caesars Superdome,,,,,,,,,0.01557692838832736,-0.09282019548118114,0.25,0.05792773375287652,5.488721761852503,,,,,,,,0.06344402441754937,0.07435525488108397,-0.5,0.05076735920738429,3.7540595829486847,-0.04786709602922201,-0.1671754503622651,0.75,0.007160374545492232,1.7346621789038181
2026_18_PHI_NYG,2026,REG,18,2027-01-10,Sunday,13:00,PHI,,NYG,,Home,,,,2027011014,,,202701100nyg,,401873182,7289.0,7,7,,,,,,,,,1,outdoors,fieldturf,,,,,,,Nick Sirianni,John Harbaugh,,NYC01,MetLife Stadium,,,,,,,,,0.02890142798423767,-0.07231928547844291,1.25,0.003777008969336748,-3.0301066637039185,,,,,,,,0.0625361930578947,-0.0951714189723134,0.75,0.0782999787479639,5.407427489757538,-0.033634765073657036,0.022852133493870497,0.5,-0.07452296977862716,-8.437534153461456
2026_18_DAL_WAS,2026,REG,18,2027-01-10,Sunday,13:00,DAL,,WAS,,Home,,,,2027011015,,,202701100was,,401873175,7290.0,7,7,,,,,,,,,1,outdoors,grass,,,,,,,Brian Schottenheimer,Dan Quinn,,WAS00,Northwest Stadium,,,,,,,,,0.044020510744303465,0.028414923697710037,-0.5,0.01221167843323201,1.5606838464736938,,,,,,,,0.03884670871775597,0.2122781202197075,-0.25,0.05715180840343237,-3.8413690328598022,0.0051738020265474916,-0.18386319652199745,-0.25,-0.04494012997020036,5.402052879333496
